Recording_Time_s,Arm_Angle_deg,Ref_Angle_deg,PWM_Input_us,Duty_Cycle_percent,Tracking_Error_deg
0.000000,9.536100,15.000000,1000.00,5.0000,5.463900
0.009937,9.536100,15.000000,1000.00,5.0000,5.463900
0.020237,9.536100,15.000000,1000.00,5.0000,5.463900
0.030144,9.536100,15.000000,1000.00,5.0000,5.463900
0.040231,9.536100,15.000000,1000.00,5.0000,5.463900
0.050219,9.536100,15.000000,1000.00,5.0000,5.463900
0.060391,9.536100,15.000000,1000.00,5.0000,5.463900
0.070580,9.536100,15.000000,1000.00,5.0000,5.463900
0.080353,9.536100,15.000000,1000.00,5.0000,5.463900
0.090511,9.536100,15.000000,1000.00,5.0000,5.463900
0.100557,9.536100,15.000000,1000.00,5.0000,5.463900
0.110533,9.536100,15.000000,1000.00,5.0000,5.463900
0.120515,9.536100,15.000000,1000.00,5.0000,5.463900
0.130540,9.536100,15.000000,1000.00,5.0000,5.463900
0.140711,9.536100,15.000000,1000.00,5.0000,5.463900
0.150714,9.536100,15.000000,1000.00,5.0000,5.463900
0.160782,9.536100,15.000000,1000.00,5.0000,5.463900
0.170727,9.536100,15.000000,1000.00,5.0000,5.463900
0.180786,9.536100,15.000000,1000.00,5.0000,5.463900
0.190909,9.536100,15.000000,1000.00,5.0000,5.463900
0.200929,9.536100,15.000000,1000.00,5.0000,5.463900
0.210959,9.536100,15.000000,1000.00,5.0000,5.463900
0.220913,9.536100,15.000000,1000.00,5.0000,5.463900
0.231069,9.536100,15.000000,1000.00,5.0000,5.463900
0.241120,9.536100,15.000000,1000.00,5.0000,5.463900
0.251189,9.536100,15.000000,1000.00,5.0000,5.463900
0.261311,9.536100,15.000000,1000.00,5.0000,5.463900
0.271356,9.536100,15.000000,1000.00,5.0000,5.463900
0.281312,9.536100,15.000000,1000.00,5.0000,5.463900
0.291358,9.536100,15.000000,1000.00,5.0000,5.463900
0.301465,9.536100,15.000000,1000.00,5.0000,5.463900
0.311537,9.536100,15.000000,1000.00,5.0000,5.463900
0.321506,9.536100,15.000000,1000.00,5.0000,5.463900
0.331506,9.536100,15.000000,1000.00,5.0000,5.463900
0.341599,9.536100,15.000000,1000.00,5.0000,5.463900
0.351742,9.536100,15.000000,1000.00,5.0000,5.463900
0.361720,9.536100,15.000000,1000.00,5.0000,5.463900
0.371691,9.536100,15.000000,1000.00,5.0000,5.463900
0.381683,9.536100,15.000000,1000.00,5.0000,5.463900
0.391692,9.536100,15.000000,1000.00,5.0000,5.463900
0.401799,9.536100,15.000000,1000.00,5.0000,5.463900
0.411844,9.536100,15.000000,1000.00,5.0000,5.463900
0.421819,9.536100,15.000000,1000.00,5.0000,5.463900
0.431801,9.536100,15.000000,1000.00,5.0000,5.463900
0.441948,9.536100,15.000000,1000.00,5.0000,5.463900
0.452068,9.536100,15.000000,1000.00,5.0000,5.463900
0.462016,9.536100,15.000000,1000.00,5.0000,5.463900
0.472111,9.536100,15.000000,1000.00,5.0000,5.463900
0.482199,9.536100,15.000000,1000.00,5.0000,5.463900
0.492412,9.536100,15.000000,1000.00,5.0000,5.463900
0.502395,9.536100,15.000000,1000.00,5.0000,5.463900
0.512415,9.536100,15.000000,1000.00,5.0000,5.463900
0.522393,9.536100,15.000000,1000.00,5.0000,5.463900
0.532417,9.536100,15.000000,1000.00,5.0000,5.463900
0.542483,9.536100,15.000000,1000.00,5.0000,5.463900
0.552480,9.536100,15.000000,1000.00,5.0000,5.463900
0.562584,9.536100,15.000000,1000.00,5.0000,5.463900
0.572662,9.536100,15.000000,1000.00,5.0000,5.463900
0.582735,9.536100,15.000000,1000.00,5.0000,5.463900
0.592843,9.536100,15.000000,1000.00,5.0000,5.463900
0.602734,9.536100,15.000000,1000.00,5.0000,5.463900
0.612843,9.536100,15.000000,1000.00,5.0000,5.463900
0.622860,9.536100,15.000000,1000.00,5.0000,5.463900
0.632865,9.536100,15.000000,1000.00,5.0000,5.463900
0.642948,9.536100,15.000000,1000.00,5.0000,5.463900
0.652980,9.536100,15.000000,1000.00,5.0000,5.463900
0.663109,9.536100,15.000000,1000.00,5.0000,5.463900
0.673140,9.536100,15.000000,1000.00,5.0000,5.463900
0.683155,9.536100,15.000000,1000.00,5.0000,5.463900
0.693325,9.536100,15.000000,1000.00,5.0000,5.463900
0.703264,9.536100,15.000000,1000.00,5.0000,5.463900
0.713388,9.536100,15.000000,1000.00,5.0000,5.463900
0.723499,9.536100,15.000000,1000.00,5.0000,5.463900
0.733432,9.536100,15.000000,1000.00,5.0000,5.463900
0.743497,9.536100,15.000000,1000.00,5.0000,5.463900
0.753479,9.536100,15.000000,1000.00,5.0000,5.463900
0.763846,9.536100,15.000000,1000.00,5.0000,5.463900
0.773708,9.536100,15.000000,1000.00,5.0000,5.463900
0.783840,9.536100,15.000000,1000.00,5.0000,5.463900
0.793889,9.536100,15.000000,1000.00,5.0000,5.463900
0.803891,9.536100,15.000000,1000.00,5.0000,5.463900
0.813964,9.536100,15.000000,1000.00,5.0000,5.463900
0.824123,9.536100,15.000000,1000.00,5.0000,5.463900
0.834186,9.536100,15.000000,1000.00,5.0000,5.463900
0.844144,9.536100,15.000000,1000.00,5.0000,5.463900
0.854401,9.536100,15.000000,1326.00,6.6300,5.463900
0.864387,9.536100,15.000000,1246.00,6.2300,5.463900
0.874417,9.536100,15.000000,1246.00,6.2300,5.463900
0.884425,9.536100,15.000000,1246.00,6.2300,5.463900
0.894525,9.536100,15.000000,1247.00,6.2350,5.463900
0.904770,9.536100,15.000000,1247.00,6.2350,5.463900
0.914792,9.536100,15.000000,1247.00,6.2350,5.463900
0.924723,9.536100,15.000000,1247.00,6.2350,5.463900
0.934718,9.536100,15.000000,1247.00,6.2350,5.463900
0.944886,9.536100,15.000000,1247.00,6.2350,5.463900
0.954735,9.536100,15.000000,1247.00,6.2350,5.463900
0.964909,9.536100,15.000000,1247.00,6.2350,5.463900
0.974990,9.536100,15.000000,1247.00,6.2350,5.463900
0.985461,9.536100,15.000000,1247.00,6.2350,5.463900
0.995474,9.536100,15.000000,1247.00,6.2350,5.463900
1.005370,9.536100,15.000000,1247.00,6.2350,5.463900
1.015515,9.536100,15.000000,1247.00,6.2350,5.463900
1.025576,9.536100,15.000000,1247.00,6.2350,5.463900
1.035632,9.536100,15.000000,1247.00,6.2350,5.463900
1.045662,9.536100,15.000000,1247.00,6.2350,5.463900
1.055610,9.536100,15.000000,1247.00,6.2350,5.463900
1.065832,9.536100,15.000000,1247.00,6.2350,5.463900
1.075849,9.536100,15.000000,1247.00,6.2350,5.463900
1.085905,9.536100,15.000000,1247.00,6.2350,5.463900
1.095927,9.536100,15.000000,1247.00,6.2350,5.463900
1.105890,9.536100,15.000000,1247.00,6.2350,5.463900
1.116038,9.536100,15.000000,1247.00,6.2350,5.463900
1.126106,9.536100,15.000000,1248.00,6.2400,5.463900
1.136166,9.536100,15.000000,1248.00,6.2400,5.463900
1.146312,9.536100,15.000000,1248.00,6.2400,5.463900
1.156170,9.536100,15.000000,1248.00,6.2400,5.463900
1.166312,9.536100,15.000000,1248.00,6.2400,5.463900
1.176416,9.536100,15.000000,1248.00,6.2400,5.463900
1.186428,9.536100,15.000000,1248.00,6.2400,5.463900
1.196486,9.536100,15.000000,1248.00,6.2400,5.463900
1.206457,9.536100,15.000000,1248.00,6.2400,5.463900
1.216506,9.536100,15.000000,1248.00,6.2400,5.463900
1.226612,9.536100,15.000000,1248.00,6.2400,5.463900
1.236623,9.536100,15.000000,1248.00,6.2400,5.463900
1.246757,9.536100,15.000000,1248.00,6.2400,5.463900
1.256780,9.536100,15.000000,1248.00,6.2400,5.463900
1.266914,9.536100,15.000000,1248.00,6.2400,5.463900
1.276917,9.536100,15.000000,1248.00,6.2400,5.463900
1.286956,9.536100,15.000000,1248.00,6.2400,5.463900
1.297015,9.536100,15.000000,1248.00,6.2400,5.463900
1.307012,9.536100,15.000000,1248.00,6.2400,5.463900
1.317080,9.536100,15.000000,1248.00,6.2400,5.463900
1.327140,9.536100,15.000000,1248.00,6.2400,5.463900
1.337263,9.536100,15.000000,1248.00,6.2400,5.463900
1.347197,9.536100,15.000000,1248.00,6.2400,5.463900
1.357228,9.536100,15.000000,1249.00,6.2450,5.463900
1.367376,9.536100,15.000000,1249.00,6.2450,5.463900
1.377332,9.536100,15.000000,1249.00,6.2450,5.463900
1.387397,9.536100,15.000000,1249.00,6.2450,5.463900
1.397369,9.536100,15.000000,1249.00,6.2450,5.463900
1.407466,9.536100,15.000000,1249.00,6.2450,5.463900
1.417609,9.536100,15.000000,1249.00,6.2450,5.463900
1.427574,9.536100,15.000000,1249.00,6.2450,5.463900
1.437619,9.536100,15.000000,1249.00,6.2450,5.463900
1.447656,9.536100,15.000000,1249.00,6.2450,5.463900
1.457708,9.536100,15.000000,1249.00,6.2450,5.463900
1.467797,9.536100,15.000000,1249.00,6.2450,5.463900
1.477875,9.536100,15.000000,1249.00,6.2450,5.463900
1.487833,9.536100,15.000000,1249.00,6.2450,5.463900
1.497896,9.536100,15.000000,1249.00,6.2450,5.463900
1.508130,9.536100,15.000000,1249.00,6.2450,5.463900
1.518014,9.536100,15.000000,1249.00,6.2450,5.463900
1.528099,9.536100,15.000000,1249.00,6.2450,5.463900
1.538055,9.536100,15.000000,1249.00,6.2450,5.463900
1.548210,9.536100,15.000000,1249.00,6.2450,5.463900
1.558329,9.536100,15.000000,1249.00,6.2450,5.463900
1.568316,9.536100,15.000000,1249.00,6.2450,5.463900
1.578281,9.536100,15.000000,1249.00,6.2450,5.463900
1.588297,9.536100,15.000000,1250.00,6.2500,5.463900
1.598379,9.536100,15.000000,1250.00,6.2500,5.463900
1.608413,9.536100,15.000000,1250.00,6.2500,5.463900
1.618514,9.536100,15.000000,1250.00,6.2500,5.463900
1.628486,9.536100,15.000000,1250.00,6.2500,5.463900
1.638444,9.536100,15.000000,1250.00,6.2500,5.463900
1.648617,9.536100,15.000000,1250.00,6.2500,5.463900
1.658577,9.536100,15.000000,1250.00,6.2500,5.463900
1.668667,9.536100,15.000000,1250.00,6.2500,5.463900
1.678802,9.536100,15.000000,1250.00,6.2500,5.463900
1.688797,9.536100,15.000000,1250.00,6.2500,5.463900
1.698967,9.536100,15.000000,1250.00,6.2500,5.463900
1.708967,9.536100,15.000000,1250.00,6.2500,5.463900
1.719006,9.536100,15.000000,1250.00,6.2500,5.463900
1.729030,9.536100,15.000000,1250.00,6.2500,5.463900
1.739015,9.536100,15.000000,1250.00,6.2500,5.463900
1.749255,9.536100,15.000000,1250.00,6.2500,5.463900
1.759259,9.536100,15.000000,1250.00,6.2500,5.463900
1.769462,9.536100,15.000000,1250.00,6.2500,5.463900
1.779338,9.536100,15.000000,1250.00,6.2500,5.463900
1.789387,9.536100,15.000000,1250.00,6.2500,5.463900
1.799324,9.536100,15.000000,1250.00,6.2500,5.463900
1.809488,9.536100,15.000000,1251.00,6.2550,5.463900
1.819525,9.536100,15.000000,1251.00,6.2550,5.463900
1.829510,9.536100,15.000000,1251.00,6.2550,5.463900
1.839539,9.536100,15.000000,1251.00,6.2550,5.463900
1.849697,9.536100,15.000000,1251.00,6.2550,5.463900
1.859649,9.536100,15.000000,1251.00,6.2550,5.463900
1.869627,9.536100,15.000000,1251.00,6.2550,5.463900
1.879685,9.536100,15.000000,1251.00,6.2550,5.463900
1.889718,9.536100,15.000000,1251.00,6.2550,5.463900
1.899775,9.536100,15.000000,1251.00,6.2550,5.463900
1.909738,9.536100,15.000000,1251.00,6.2550,5.463900
1.919959,9.536100,15.000000,1251.00,6.2550,5.463900
1.929896,9.536100,15.000000,1251.00,6.2550,5.463900
1.939895,9.536100,15.000000,1251.00,6.2550,5.463900
1.949952,9.536100,15.000000,1251.00,6.2550,5.463900
1.960074,9.536100,15.000000,1251.00,6.2550,5.463900
1.970115,9.536100,15.000000,1251.00,6.2550,5.463900
1.980129,9.536100,15.000000,1251.00,6.2550,5.463900
1.990131,9.536100,15.000000,1251.00,6.2550,5.463900
2.000244,9.536100,15.000000,1251.00,6.2550,5.463900
2.010329,9.536100,15.000000,1251.00,6.2550,5.463900
2.020370,9.536100,15.000000,1251.00,6.2550,5.463900
2.030375,9.536100,15.000000,1251.00,6.2550,5.463900
2.040374,9.536100,15.000000,1252.00,6.2600,5.463900
2.050474,9.536100,15.000000,1252.00,6.2600,5.463900
2.060538,9.536100,15.000000,1252.00,6.2600,5.463900
2.070724,9.536100,15.000000,1252.00,6.2600,5.463900
2.080696,9.536100,15.000000,1252.00,6.2600,5.463900
2.090702,9.536100,15.000000,1252.00,6.2600,5.463900
2.100861,9.536100,15.000000,1252.00,6.2600,5.463900
2.110812,9.536100,15.000000,1252.00,6.2600,5.463900
2.120800,9.536100,15.000000,1252.00,6.2600,5.463900
2.130846,9.536100,15.000000,1252.00,6.2600,5.463900
2.140921,9.536100,15.000000,1252.00,6.2600,5.463900
2.151026,9.536100,15.000000,1252.00,6.2600,5.463900
2.160979,9.536100,15.000000,1252.00,6.2600,5.463900
2.171006,9.536100,15.000000,1252.00,6.2600,5.463900
2.181014,9.536100,15.000000,1252.00,6.2600,5.463900
2.191181,9.536100,15.000000,1252.00,6.2600,5.463900
2.201167,9.536100,15.000000,1252.00,6.2600,5.463900
2.211218,9.536100,15.000000,1252.00,6.2600,5.463900
2.221254,9.536100,15.000000,1252.00,6.2600,5.463900
2.231224,9.536100,15.000000,1252.00,6.2600,5.463900
2.241413,9.536100,15.000000,1252.00,6.2600,5.463900
2.251429,9.536100,15.000000,1252.00,6.2600,5.463900
2.261465,9.536100,15.000000,1252.00,6.2600,5.463900
2.271431,9.536100,15.000000,1253.00,6.2650,5.463900
2.281443,9.536100,15.000000,1253.00,6.2650,5.463900
2.291588,9.536100,15.000000,1253.00,6.2650,5.463900
2.301628,9.536100,15.000000,1253.00,6.2650,5.463900
2.311683,9.536100,15.000000,1253.00,6.2650,5.463900
2.321662,9.536100,15.000000,1253.00,6.2650,5.463900
2.331813,9.536100,15.000000,1253.00,6.2650,5.463900
2.341886,9.536100,15.000000,1253.00,6.2650,5.463900
2.351897,9.536100,15.000000,1253.00,6.2650,5.463900
2.361937,9.536100,15.000000,1253.00,6.2650,5.463900
2.371883,9.536100,15.000000,1253.00,6.2650,5.463900
2.381921,9.536416,15.000000,1253.00,6.2650,5.463584
2.392102,9.537193,15.000000,1253.00,6.2650,5.462807
2.402120,9.538415,15.000000,1253.00,6.2650,5.461585
2.412208,9.540562,15.000000,1253.00,6.2650,5.459438
2.422126,9.543528,15.000000,1253.00,6.2650,5.456472
2.432167,9.547443,15.000000,1253.00,6.2650,5.452557
2.442359,9.552479,15.000000,1253.00,6.2650,5.447521
2.452339,9.559073,15.000000,1253.00,6.2650,5.440927
2.462308,9.567271,15.000000,1253.00,6.2650,5.432729
2.472322,9.577347,15.000000,1253.00,6.2650,5.422653
2.482397,9.589321,15.000000,1253.00,6.2650,5.410679
2.492581,9.603257,15.000000,1253.00,6.2650,5.396743
2.502488,9.619343,15.000000,1253.00,6.2650,5.380657
2.512516,9.637724,15.000000,1253.00,6.2650,5.362276
2.522549,9.658422,15.000000,1253.00,6.2650,5.341578
2.532528,9.681498,15.000000,1253.00,6.2650,5.318502
2.542745,9.707166,15.000000,1253.00,6.2650,5.292834
2.552948,9.735511,15.000000,1253.00,6.2650,5.264489
2.562899,9.766278,15.000000,1253.00,6.2650,5.233722
2.572923,9.799780,15.000000,1253.00,6.2650,5.200220
2.583041,9.836091,15.000000,1253.00,6.2650,5.163909
2.593094,9.875374,15.000000,1253.00,6.2650,5.124626
2.603153,9.917411,15.000000,1253.00,6.2650,5.082589
2.613159,9.962361,15.000000,1253.00,6.2650,5.037639
2.623232,10.009935,15.000000,1253.00,6.2650,4.990065
2.633307,10.060536,15.000000,1253.00,6.2650,4.939464
2.643400,10.114328,15.000000,1253.00,6.2650,4.885672
2.653483,10.171254,15.000000,1253.00,6.2650,4.828746
2.663502,10.230882,15.000000,1253.00,6.2650,4.769118
2.673575,10.293236,15.000000,1253.00,6.2650,4.706764
2.683805,10.358442,15.000000,1253.00,6.2650,4.641558
2.693916,10.426493,15.000000,1253.00,6.2650,4.573507
2.703762,10.497440,15.000000,1253.00,6.2650,4.502560
2.713780,10.570806,15.000000,1253.00,6.2650,4.429194
2.723823,10.646653,15.000000,1253.00,6.2650,4.353347
2.733937,10.725179,15.000000,1253.00,6.2650,4.274821
2.743896,10.806583,15.000000,1253.00,6.2650,4.193417
2.753840,10.890190,15.000000,1253.00,6.2650,4.109810
2.763966,10.975827,15.000000,1253.00,6.2650,4.024173
2.773989,11.063886,15.000000,1253.00,6.2650,3.936114
2.784083,11.154558,15.000000,1253.00,6.2650,3.845442
2.794144,11.247225,15.000000,1253.00,6.2650,3.752775
2.804078,11.341320,15.000000,1253.00,6.2650,3.658680
2.814208,11.437007,15.000000,1253.00,6.2650,3.562993
2.824207,11.534428,15.000000,1253.00,6.2650,3.465572
2.834278,11.633584,15.000000,1253.00,6.2650,3.366416
2.844364,11.733693,15.000000,1253.00,6.2650,3.266307
2.854294,11.834902,15.000000,1253.00,6.2650,3.165098
2.864481,11.937319,15.000000,1253.00,6.2650,3.062681
2.874447,12.040973,15.000000,1253.00,6.2650,2.959027
2.884576,12.145324,15.000000,1253.00,6.2650,2.854676
2.894642,12.249884,15.000000,1253.00,6.2650,2.750116
2.904566,12.354959,15.000000,1253.00,6.2650,2.645041
2.914721,12.460944,15.000000,1253.00,6.2650,2.539056
2.924698,12.567122,15.000000,1253.00,6.2650,2.432878
2.934643,12.672864,15.000000,1253.00,6.2650,2.327136
2.944730,12.778823,15.000000,1253.00,6.2650,2.221177
2.954725,12.884952,15.000000,1253.00,6.2650,2.115048
2.964832,12.990490,15.000000,1253.00,6.2650,2.009510
2.974814,13.095013,15.000000,1253.00,6.2650,1.904987
2.984769,13.199072,15.000000,1253.00,6.2650,1.800928
2.994908,13.302454,15.000000,1253.00,6.2650,1.697546
3.004879,13.404541,15.000000,1253.00,6.2650,1.595459
3.015040,13.505057,15.000000,1253.00,6.2650,1.494943
3.024998,13.604581,15.000000,1253.00,6.2650,1.395419
3.035006,13.702850,15.000000,1253.00,6.2650,1.297150
3.045090,13.799238,15.000000,1253.00,6.2650,1.200762
3.055040,13.893654,15.000000,1253.00,6.2650,1.106346
3.065184,13.986577,15.000000,1253.00,6.2650,1.013423
3.075180,14.077805,15.000000,1253.00,6.2650,0.922195
3.085263,14.166668,15.000000,1253.00,6.2650,0.833332
3.095400,14.253130,15.000000,1253.00,6.2650,0.746870
3.105315,14.337494,15.000000,1253.00,6.2650,0.662506
3.115391,14.419658,15.000000,1253.00,6.2650,0.580342
3.125427,14.499025,15.000000,1253.00,6.2650,0.500975
3.135506,14.575419,15.000000,1253.00,6.2650,0.424581
3.145495,14.649389,15.000000,1254.00,6.2700,0.350611
3.155634,14.720568,15.000000,1254.00,6.2700,0.279432
3.165629,14.788609,15.000000,1254.00,6.2700,0.211391
3.175640,14.853854,15.000000,1254.00,6.2700,0.146146
3.185764,14.916251,15.000000,1254.00,6.2700,0.083749
3.195670,14.975412,15.000000,1254.00,6.2700,0.024588
3.205728,15.031304,15.000000,1254.00,6.2700,-0.031304
3.216079,15.084304,15.000000,1254.00,6.2700,-0.084304
3.226024,15.134090,15.000000,1254.00,6.2700,-0.134090
3.235943,15.180272,15.000000,1254.00,6.2700,-0.180272
3.245925,15.223002,15.000000,1254.00,6.2700,-0.223002
3.255952,15.262469,15.000000,1254.00,6.2700,-0.262469
3.265912,15.298558,15.000000,1254.00,6.2700,-0.298558
3.276127,15.331260,15.000000,1254.00,6.2700,-0.331260
3.286120,15.360646,15.000000,1254.00,6.2700,-0.360646
3.296253,15.386617,15.000000,1254.00,6.2700,-0.386617
3.306279,15.409060,15.000000,1254.00,6.2700,-0.409060
3.316348,15.427989,15.000000,1254.00,6.2700,-0.427989
3.326327,15.443644,15.000000,1254.00,6.2700,-0.443644
3.336483,15.455938,15.000000,1254.00,6.2700,-0.455938
3.346388,15.464769,15.000000,1254.00,6.2700,-0.464769
3.356479,15.470292,15.000000,1254.00,6.2700,-0.470292
3.366541,15.472609,15.000000,1255.00,6.2750,-0.472609
3.376507,15.471813,15.000000,1255.00,6.2750,-0.471813
3.386525,15.468063,15.000000,1255.00,6.2750,-0.468063
3.396579,15.461413,15.000000,1255.00,6.2750,-0.461413
3.406648,15.451803,15.000000,1255.00,6.2750,-0.451803
3.416743,15.439340,15.000000,1255.00,6.2750,-0.439340
3.426693,15.424254,15.000000,1255.00,6.2750,-0.424254
3.436637,15.406091,15.000000,1255.00,6.2750,-0.406091
3.446643,15.385378,15.000000,1255.00,6.2750,-0.385378
3.456705,15.362256,15.000000,1255.00,6.2750,-0.362256
3.466781,15.336626,15.000000,1255.00,6.2750,-0.336626
3.476783,15.308605,15.000000,1255.00,6.2750,-0.308605
3.486760,15.278461,15.000000,1255.00,6.2750,-0.278461
3.496852,15.246311,15.000000,1255.00,6.2750,-0.246311
3.506925,15.212140,15.000000,1255.00,6.2750,-0.212140
3.517143,15.176030,15.000000,1255.00,6.2750,-0.176030
3.527032,15.138385,15.000000,1255.00,6.2750,-0.138385
3.536959,15.099029,15.000000,1255.00,6.2750,-0.099029
3.547100,15.057921,15.000000,1255.00,6.2750,-0.057921
3.557075,15.015372,15.000000,1255.00,6.2750,-0.015372
3.567207,14.971507,15.000000,1255.00,6.2750,0.028493
3.577164,14.926181,15.000000,1255.00,6.2750,0.073819
3.587144,14.879920,15.000000,1255.00,6.2750,0.120080
3.597228,14.833046,15.000000,1255.00,6.2750,0.166954
3.607329,14.785425,15.000000,1255.00,6.2750,0.214575
3.617523,14.737285,15.000000,1255.00,6.2750,0.262715
3.627412,14.688831,15.000000,1255.00,6.2750,0.311169
3.637397,14.640063,15.000000,1255.00,6.2750,0.359937
3.647412,14.591052,15.000000,1255.00,6.2750,0.408948
3.657560,14.542349,15.000000,1255.00,6.2750,0.457651
3.667554,14.493876,15.000000,1255.00,6.2750,0.506124
3.677648,14.445479,15.000000,1255.00,6.2750,0.554521
3.687700,14.397483,15.000000,1255.00,6.2750,0.602517
3.697627,14.350124,15.000000,1255.00,6.2750,0.649876
3.707723,14.303312,15.000000,1255.00,6.2750,0.696688
3.717862,14.257272,15.000000,1255.00,6.2750,0.742728
3.727874,14.212568,15.000000,1255.00,6.2750,0.787432
3.737964,14.168759,15.000000,1255.00,6.2750,0.831241
3.747968,14.126140,15.000000,1255.00,6.2750,0.873860
3.758022,14.085010,15.000000,1255.00,6.2750,0.914990
3.768193,14.045222,15.000000,1255.00,6.2750,0.954778
3.778198,14.006876,15.000000,1255.00,6.2750,0.993124
3.788212,13.970291,15.000000,1255.00,6.2750,1.029709
3.798352,13.935441,15.000000,1255.00,6.2750,1.064559
3.808390,13.902352,15.000000,1255.00,6.2750,1.097648
3.818452,13.871026,15.000000,1255.00,6.2750,1.128974
3.828466,13.841897,15.000000,1255.00,6.2750,1.158103
3.838480,13.814740,15.000000,1255.00,6.2750,1.185260
3.848584,13.789688,15.000000,1255.00,6.2750,1.210312
3.858605,13.767146,15.000000,1255.00,6.2750,1.232854
3.868774,13.746987,15.000000,1255.00,6.2750,1.253013
3.878789,13.729185,15.000000,1255.00,6.2750,1.270815
3.888672,13.713734,15.000000,1255.00,6.2750,1.286266
3.898741,13.700840,15.000000,1255.00,6.2750,1.299160
3.908803,13.690483,15.000000,1255.00,6.2750,1.309517
3.918897,13.682548,15.000000,1255.00,6.2750,1.317452
3.928892,13.677103,15.000000,1255.00,6.2750,1.322897
3.938942,13.674124,15.000000,1255.00,6.2750,1.325876
3.949027,13.673671,15.000000,1255.00,6.2750,1.326329
3.959071,13.675844,15.000000,1255.00,6.2750,1.324156
3.969208,13.680768,15.000000,1255.00,6.2750,1.319232
3.979159,13.688444,15.000000,1255.00,6.2750,1.311556
3.989178,13.698689,15.000000,1255.00,6.2750,1.301311
3.999271,13.711595,15.000000,1255.00,6.2750,1.288405
4.009378,13.727176,15.000000,1255.00,6.2750,1.272824
4.019433,13.745310,15.000000,1255.00,6.2750,1.254690
4.029385,13.765849,15.000000,1255.00,6.2750,1.234151
4.039399,13.789119,15.000000,1255.00,6.2750,1.210881
4.049520,13.814717,15.000000,1255.00,6.2750,1.185283
4.059518,13.842730,15.000000,1255.00,6.2750,1.157270
4.069662,13.872901,15.000000,1255.00,6.2750,1.127099
4.079648,13.905574,15.000000,1255.00,6.2750,1.094426
4.089610,13.940228,15.000000,1255.00,6.2750,1.059772
4.099799,13.977103,15.000000,1255.00,6.2750,1.022897
4.109791,14.016089,15.000000,1255.00,6.2750,0.983911
4.119799,14.056914,15.000000,1255.00,6.2750,0.943086
4.129806,14.099568,15.000000,1254.00,6.2700,0.900432
4.139875,14.144273,15.000000,1254.00,6.2700,0.855727
4.150056,14.190306,15.000000,1254.00,6.2700,0.809694
4.159993,14.237558,15.000000,1254.00,6.2700,0.762442
4.170044,14.286348,15.000000,1254.00,6.2700,0.713652
4.180087,14.336449,15.000000,1254.00,6.2700,0.663551
4.190141,14.387801,15.000000,1254.00,6.2700,0.612199
4.200304,14.440505,15.000000,1254.00,6.2700,0.559495
4.210259,14.494244,15.000000,1254.00,6.2700,0.505756
4.220280,14.548612,15.000000,1254.00,6.2700,0.451388
4.230279,14.603942,15.000000,1254.00,6.2700,0.396058
4.240367,14.660033,15.000000,1254.00,6.2700,0.339967
4.250704,14.716531,15.000000,1254.00,6.2700,0.283469
4.260637,14.773418,15.000000,1254.00,6.2700,0.226582
4.270598,14.830631,15.000000,1254.00,6.2700,0.169369
4.280593,14.888120,15.000000,1254.00,6.2700,0.111880
4.290638,14.945556,15.000000,1254.00,6.2700,0.054444
4.300818,15.003219,15.000000,1254.00,6.2700,-0.003219
4.310696,15.060786,15.000000,1254.00,6.2700,-0.060786
4.320633,15.117741,15.000000,1254.00,6.2700,-0.117741
4.330908,15.174617,15.000000,1254.00,6.2700,-0.174617
4.340799,15.231002,15.000000,1254.00,6.2700,-0.231002
4.350982,15.286620,15.000000,1254.00,6.2700,-0.286620
4.360942,15.341328,15.000000,1254.00,6.2700,-0.341328
4.370950,15.395438,15.000000,1254.00,6.2700,-0.395438
4.380968,15.448250,15.000000,1254.00,6.2700,-0.448250
4.391038,15.500251,15.000000,1254.00,6.2700,-0.500251
4.401083,15.551407,15.000000,1254.00,6.2700,-0.551407
4.411115,15.601192,15.000000,1254.00,6.2700,-0.601192
4.421184,15.649879,15.000000,1254.00,6.2700,-0.649879
4.431230,15.697458,15.000000,1254.00,6.2700,-0.697458
4.441346,15.743226,15.000000,1254.00,6.2700,-0.743226
4.451393,15.787324,15.000000,1254.00,6.2700,-0.787324
4.461386,15.829718,15.000000,1254.00,6.2700,-0.829718
4.471407,15.870275,15.000000,1254.00,6.2700,-0.870275
4.481484,15.908788,15.000000,1254.00,6.2700,-0.908788
4.491497,15.945757,15.000000,1254.00,6.2700,-0.945757
4.501552,15.980907,15.000000,1254.00,6.2700,-0.980907
4.511613,16.013829,15.000000,1254.00,6.2700,-1.013829
4.521590,16.044761,15.000000,1254.00,6.2700,-1.044761
4.531592,16.073799,15.000000,1254.00,6.2700,-1.073799
4.541690,16.100468,15.000000,1254.00,6.2700,-1.100468
4.551638,16.124876,15.000000,1254.00,6.2700,-1.124876
4.561786,16.147141,15.000000,1254.00,6.2700,-1.147141
4.571731,16.167224,15.000000,1255.00,6.2750,-1.167224
4.581813,16.184987,15.000000,1255.00,6.2750,-1.184987
4.591927,16.200536,15.000000,1255.00,6.2750,-1.200536
4.602047,16.213479,15.000000,1255.00,6.2750,-1.213479
4.612018,16.224084,15.000000,1255.00,6.2750,-1.224084
4.622042,16.232317,15.000000,1255.00,6.2750,-1.232317
4.632111,16.238245,15.000000,1255.00,6.2750,-1.238245
4.642197,16.241914,15.000000,1255.00,6.2750,-1.241914
4.652194,16.243165,15.000000,1255.00,6.2750,-1.243165
4.662248,16.242025,15.000000,1255.00,6.2750,-1.242025
4.672304,16.238612,15.000000,1255.00,6.2750,-1.238612
4.682265,16.232793,15.000000,1255.00,6.2750,-1.232793
4.692357,16.224737,15.000000,1255.00,6.2750,-1.224737
4.702462,16.214340,15.000000,1255.00,6.2750,-1.214340
4.712504,16.201409,15.000000,1255.00,6.2750,-1.201409
4.722532,16.186202,15.000000,1255.00,6.2750,-1.186202
4.732707,16.168959,15.000000,1255.00,6.2750,-1.168959
4.742612,16.149664,15.000000,1255.00,6.2750,-1.149664
4.752718,16.128230,15.000000,1255.00,6.2750,-1.128230
4.762677,16.104889,15.000000,1255.00,6.2750,-1.104889
4.772729,16.079690,15.000000,1255.00,6.2750,-1.079690
4.782770,16.052828,15.000000,1255.00,6.2750,-1.052828
4.792845,16.024473,15.000000,1255.00,6.2750,-1.024473
4.802856,15.994348,15.000000,1255.00,6.2750,-0.994348
4.812879,15.962578,15.000000,1255.00,6.2750,-0.962578
4.822945,15.929421,15.000000,1255.00,6.2750,-0.929421
4.833000,15.894785,15.000000,1255.00,6.2750,-0.894785
4.843033,15.858662,15.000000,1255.00,6.2750,-0.858662
4.853068,15.821410,15.000000,1255.00,6.2750,-0.821410
4.863051,15.783176,15.000000,1255.00,6.2750,-0.783176
4.873147,15.743783,15.000000,1255.00,6.2750,-0.743783
4.883309,15.703456,15.000000,1255.00,6.2750,-0.703456
4.893294,15.662377,15.000000,1255.00,6.2750,-0.662377
4.903235,15.620411,15.000000,1255.00,6.2750,-0.620411
4.913386,15.577815,15.000000,1255.00,6.2750,-0.577815
4.923391,15.534794,15.000000,1255.00,6.2750,-0.534794
4.933385,15.491395,15.000000,1255.00,6.2750,-0.491395
4.943509,15.447436,15.000000,1255.00,6.2750,-0.447436
4.953448,15.403440,15.000000,1255.00,6.2750,-0.403440
4.963584,15.359334,15.000000,1255.00,6.2750,-0.359334
4.973592,15.315100,15.000000,1255.00,6.2750,-0.315100
4.983663,15.270976,15.000000,1255.00,6.2750,-0.270976
4.993698,15.226808,15.000000,1255.00,6.2750,-0.226808
5.003644,15.182663,15.000000,1255.00,6.2750,-0.182663
5.013869,15.139094,15.000000,1255.00,6.2750,-0.139094
5.023838,15.096108,15.000000,1255.00,6.2750,-0.096108
5.033873,15.053593,15.000000,1255.00,6.2750,-0.053593
5.044030,15.011837,15.000000,1255.00,6.2750,-0.011837
5.053934,14.970925,15.000000,1255.00,6.2750,0.029075
5.063992,14.930606,15.000000,1255.00,6.2750,0.069394
5.074169,14.891345,15.000000,1255.00,6.2750,0.108655
5.084077,14.853140,15.000000,1255.00,6.2750,0.146860
5.094227,14.815957,15.000000,1255.00,6.2750,0.184043
5.104116,14.779981,15.000000,1255.00,6.2750,0.220019
5.114358,14.745557,15.000000,1255.00,6.2750,0.254443
5.124293,14.712501,15.000000,1255.00,6.2750,0.287499
5.134322,14.680881,15.000000,1255.00,6.2750,0.319119
5.144528,14.650869,15.000000,1255.00,6.2750,0.349131
5.154445,14.622248,15.000000,1255.00,6.2750,0.377752
5.164642,14.595196,15.000000,1255.00,6.2750,0.404804
5.174602,14.569985,15.000000,1255.00,6.2750,0.430015
5.184575,14.546359,15.000000,1255.00,6.2750,0.453641
5.194667,14.524439,15.000000,1255.00,6.2750,0.475561
5.204669,14.504411,15.000000,1255.00,6.2750,0.495589
5.214677,14.486290,15.000000,1255.00,6.2750,0.513710
5.224763,14.470133,15.000000,1255.00,6.2750,0.529867
5.234979,14.456032,15.000000,1255.00,6.2750,0.543968
5.244850,14.443885,15.000000,1255.00,6.2750,0.556115
5.254848,14.433868,15.000000,1255.00,6.2750,0.566132
5.264973,14.426084,15.000000,1255.00,6.2750,0.573916
5.275008,14.420510,15.000000,1255.00,6.2750,0.579490
5.285158,14.416779,15.000000,1255.00,6.2750,0.583221
5.295105,14.415069,15.000000,1255.00,6.2750,0.584931
5.305162,14.415208,15.000000,1255.00,6.2750,0.584792
5.315125,14.417229,15.000000,1255.00,6.2750,0.582771
5.325250,14.421132,15.000000,1255.00,6.2750,0.578868
5.335239,14.427033,15.000000,1255.00,6.2750,0.572967
5.345308,14.434921,15.000000,1255.00,6.2750,0.565079
5.355361,14.444885,15.000000,1255.00,6.2750,0.555115
5.365490,14.456608,15.000000,1255.00,6.2750,0.543392
5.375409,14.470218,15.000000,1255.00,6.2750,0.529782
5.385439,14.485586,15.000000,1255.00,6.2750,0.514414
5.395549,14.502717,15.000000,1255.00,6.2750,0.497283
5.405609,14.521586,15.000000,1255.00,6.2750,0.478414
5.415631,14.542116,15.000000,1255.00,6.2750,0.457884
5.425658,14.564036,15.000000,1255.00,6.2750,0.435964
5.435686,14.587735,15.000000,1254.00,6.2700,0.412265
5.445767,14.613143,15.000000,1254.00,6.2700,0.386857
5.455814,14.639872,15.000000,1254.00,6.2700,0.360128
5.465886,14.667935,15.000000,1254.00,6.2700,0.332065
5.475876,14.697442,15.000000,1254.00,6.2700,0.302558
5.486089,14.728119,15.000000,1254.00,6.2700,0.271881
5.495982,14.760073,15.000000,1254.00,6.2700,0.239927
5.505997,14.793237,15.000000,1254.00,6.2700,0.206763
5.516218,14.827517,15.000000,1254.00,6.2700,0.172483
5.526229,14.862783,15.000000,1254.00,6.2700,0.137217
5.536097,14.898965,15.000000,1254.00,6.2700,0.101035
5.546229,14.935575,15.000000,1254.00,6.2700,0.064425
5.556270,14.972815,15.000000,1254.00,6.2700,0.027185
5.566455,15.010757,15.000000,1254.00,6.2700,-0.010757
5.576374,15.049477,15.000000,1254.00,6.2700,-0.049477
5.586391,15.088608,15.000000,1254.00,6.2700,-0.088608
5.596486,15.128171,15.000000,1254.00,6.2700,-0.128171
5.606540,15.167838,15.000000,1254.00,6.2700,-0.167838
5.616676,15.207653,15.000000,1254.00,6.2700,-0.207653
5.626603,15.247602,15.000000,1254.00,6.2700,-0.247602
5.636602,15.287642,15.000000,1254.00,6.2700,-0.287642
5.646641,15.327548,15.000000,1254.00,6.2700,-0.327548
5.656741,15.367407,15.000000,1254.00,6.2700,-0.367407
5.666783,15.407156,15.000000,1254.00,6.2700,-0.407156
5.676679,15.446250,15.000000,1254.00,6.2700,-0.446250
5.686693,15.484934,15.000000,1254.00,6.2700,-0.484934
5.696837,15.523193,15.000000,1254.00,6.2700,-0.523193
5.706804,15.560876,15.000000,1254.00,6.2700,-0.560876
5.716936,15.598166,15.000000,1254.00,6.2700,-0.598166
5.726906,15.634923,15.000000,1254.00,6.2700,-0.634923
5.736886,15.670642,15.000000,1254.00,6.2700,-0.670642
5.747064,15.705561,15.000000,1254.00,6.2700,-0.705561
5.757016,15.739860,15.000000,1254.00,6.2700,-0.739860
5.767192,15.772922,15.000000,1254.00,6.2700,-0.772922
5.777114,15.804978,15.000000,1254.00,6.2700,-0.804978
5.787100,15.836001,15.000000,1254.00,6.2700,-0.836001
5.797271,15.865848,15.000000,1254.00,6.2700,-0.865848
5.807263,15.894240,15.000000,1254.00,6.2700,-0.894240
5.817265,15.921338,15.000000,1254.00,6.2700,-0.921338
5.827335,15.947089,15.000000,1254.00,6.2700,-0.947089
5.837360,15.971287,15.000000,1254.00,6.2700,-0.971287
5.847577,15.994146,15.000000,1254.00,6.2700,-0.994146
5.857500,16.015298,15.000000,1254.00,6.2700,-1.015298
5.867563,16.034722,15.000000,1254.00,6.2700,-1.034722
5.877536,16.052742,15.000000,1254.00,6.2700,-1.052742
5.887614,16.069140,15.000000,1254.00,6.2700,-1.069140
5.897616,16.083696,15.000000,1254.00,6.2700,-1.083696
5.907649,16.096727,15.000000,1254.00,6.2700,-1.096727
5.917690,16.107903,15.000000,1254.00,6.2700,-1.107903
5.927846,16.117420,15.000000,1254.00,6.2700,-1.117420
5.937719,16.125139,15.000000,1254.00,6.2700,-1.125139
5.947857,16.130977,15.000000,1254.00,6.2700,-1.130977
5.957903,16.135010,15.000000,1254.00,6.2700,-1.135010
5.967956,16.137299,15.000000,1254.00,6.2700,-1.137299
5.977963,16.137776,15.000000,1254.00,6.2700,-1.137776
5.987951,16.136686,15.000000,1254.00,6.2700,-1.136686
5.998036,16.133722,15.000000,1254.00,6.2700,-1.133722
6.008104,16.129256,15.000000,1254.00,6.2700,-1.129256
6.018208,16.122873,15.000000,1255.00,6.2750,-1.122873
6.028124,16.114992,15.000000,1255.00,6.2750,-1.114992
6.038162,16.105449,15.000000,1255.00,6.2750,-1.105449
6.048480,16.094337,15.000000,1255.00,6.2750,-1.094337
6.058368,16.081930,15.000000,1255.00,6.2750,-1.081930
6.068471,16.067833,15.000000,1255.00,6.2750,-1.067833
6.078469,16.051922,15.000000,1255.00,6.2750,-1.051922
6.088530,16.034558,15.000000,1255.00,6.2750,-1.034558
6.098532,16.015893,15.000000,1255.00,6.2750,-1.015893
6.108659,15.995916,15.000000,1255.00,6.2750,-0.995916
6.118689,15.974731,15.000000,1255.00,6.2750,-0.974731
6.128678,15.952217,15.000000,1255.00,6.2750,-0.952217
6.138664,15.928238,15.000000,1255.00,6.2750,-0.928238
6.148882,15.902876,15.000000,1255.00,6.2750,-0.902876
6.158787,15.876311,15.000000,1255.00,6.2750,-0.876311
6.168911,15.848719,15.000000,1254.00,6.2700,-0.848719
6.178779,15.820350,15.000000,1255.00,6.2750,-0.820350
6.188911,15.791179,15.000000,1255.00,6.2750,-0.791179
6.199110,15.760718,15.000000,1255.00,6.2750,-0.760718
6.209057,15.729754,15.000000,1255.00,6.2750,-0.729754
6.219107,15.697998,15.000000,1255.00,6.2750,-0.697998
6.229089,15.665101,15.000000,1255.00,6.2750,-0.665101
6.239131,15.631769,15.000000,1255.00,6.2750,-0.631769
6.249352,15.597839,15.000000,1255.00,6.2750,-0.597839
6.259320,15.563463,15.000000,1255.00,6.2750,-0.563463
6.269347,15.528511,15.000000,1255.00,6.2750,-0.528511
6.279337,15.493406,15.000000,1255.00,6.2750,-0.493406
6.289442,15.458045,15.000000,1255.00,6.2750,-0.458045
6.299516,15.422527,15.000000,1255.00,6.2750,-0.422527
6.309557,15.387138,15.000000,1255.00,6.2750,-0.387138
6.319481,15.351740,15.000000,1255.00,6.2750,-0.351740
6.329667,15.316507,15.000000,1255.00,6.2750,-0.316507
6.339676,15.281453,15.000000,1255.00,6.2750,-0.281453
6.349802,15.246416,15.000000,1255.00,6.2750,-0.246416
6.359702,15.211731,15.000000,1255.00,6.2750,-0.211731
6.369720,15.177466,15.000000,1255.00,6.2750,-0.177466
6.379760,15.143617,15.000000,1255.00,6.2750,-0.143617
6.389857,15.110198,15.000000,1255.00,6.2750,-0.110198
6.400025,15.077424,15.000000,1255.00,6.2750,-0.077424
6.410000,15.045326,15.000000,1255.00,6.2750,-0.045326
6.419977,15.014017,15.000000,1255.00,6.2750,-0.014017
6.430057,14.983770,15.000000,1255.00,6.2750,0.016230
6.440109,14.954669,15.000000,1255.00,6.2750,0.045331
6.450391,14.926609,15.000000,1255.00,6.2750,0.073391
6.460204,14.899681,15.000000,1255.00,6.2750,0.100319
6.470224,14.873973,15.000000,1255.00,6.2750,0.126027
6.480360,14.848986,15.000000,1255.00,6.2750,0.151014
6.490374,14.825260,15.000000,1255.00,6.2750,0.174740
6.500407,14.802816,15.000000,1255.00,6.2750,0.197184
6.510438,14.781582,15.000000,1255.00,6.2750,0.218418
6.520406,14.761783,15.000000,1255.00,6.2750,0.238217
6.530434,14.743475,15.000000,1255.00,6.2750,0.256525
6.540565,14.726405,15.000000,1255.00,6.2750,0.273595
6.550562,14.710797,15.000000,1255.00,6.2750,0.289203
6.560559,14.696899,15.000000,1255.00,6.2750,0.303101
6.570583,14.684428,15.000000,1255.00,6.2750,0.315572
6.580605,14.673608,15.000000,1255.00,6.2750,0.326392
6.590673,14.664301,15.000000,1255.00,6.2750,0.335699
6.600641,14.656621,15.000000,1255.00,6.2750,0.343379
6.610649,14.650433,15.000000,1255.00,6.2750,0.349567
6.620667,14.645868,15.000000,1254.00,6.2700,0.354132
6.630676,14.642845,15.000000,1254.00,6.2700,0.357155
6.640753,14.641478,15.000000,1254.00,6.2700,0.358522
6.650794,14.641668,15.000000,1254.00,6.2700,0.358332
6.660723,14.643601,15.000000,1254.00,6.2700,0.356399
6.670773,14.647275,15.000000,1254.00,6.2700,0.352725
6.680831,14.652570,15.000000,1254.00,6.2700,0.347430
6.690892,14.659549,15.000000,1254.00,6.2700,0.340451
6.700959,14.667925,15.000000,1254.00,6.2700,0.332075
6.710979,14.677806,15.000000,1254.00,6.2700,0.322194
6.721078,14.689029,15.000000,1254.00,6.2700,0.310971
6.731074,14.701837,15.000000,1254.00,6.2700,0.298163
6.741160,14.715872,15.000000,1254.00,6.2700,0.284128
6.751200,14.731068,15.000000,1254.00,6.2700,0.268932
6.761251,14.747346,15.000000,1254.00,6.2700,0.252654
6.771208,14.764691,15.000000,1254.00,6.2700,0.235309
6.781326,14.783340,15.000000,1254.00,6.2700,0.216660
6.791366,14.803268,15.000000,1254.00,6.2700,0.196732
6.801449,14.824371,15.000000,1254.00,6.2700,0.175629
6.811450,14.846656,15.000000,1254.00,6.2700,0.153344
6.821497,14.870104,15.000000,1254.00,6.2700,0.129896
6.831455,14.894727,15.000000,1254.00,6.2700,0.105273
6.841564,14.920183,15.000000,1254.00,6.2700,0.079817
6.851597,14.946443,15.000000,1254.00,6.2700,0.053557
6.861632,14.973643,15.000000,1254.00,6.2700,0.026357
6.871675,15.001551,15.000000,1254.00,6.2700,-0.001551
6.881670,15.030169,15.000000,1254.00,6.2700,-0.030169
6.891721,15.059509,15.000000,1254.00,6.2700,-0.059509
6.901821,15.089323,15.000000,1254.00,6.2700,-0.089323
6.911835,15.119583,15.000000,1254.00,6.2700,-0.119583
6.921860,15.150379,15.000000,1254.00,6.2700,-0.150379
6.931889,15.181568,15.000000,1254.00,6.2700,-0.181568
6.942003,15.213136,15.000000,1254.00,6.2700,-0.213136
6.951996,15.245040,15.000000,1254.00,6.2700,-0.245040
6.962083,15.277065,15.000000,1254.00,6.2700,-0.277065
6.972094,15.309185,15.000000,1254.00,6.2700,-0.309185
6.982216,15.341293,15.000000,1254.00,6.2700,-0.341293
6.992201,15.373463,15.000000,1254.00,6.2700,-0.373463
7.002229,15.405260,15.000000,1254.00,6.2700,-0.405260
7.012349,15.436830,15.000000,1254.00,6.2700,-0.436830
7.022344,15.467918,15.000000,1254.00,6.2700,-0.467918
7.032461,15.498404,15.000000,1254.00,6.2700,-0.498404
7.042351,15.528746,15.000000,1254.00,6.2700,-0.528746
7.052393,15.558549,15.000000,1254.00,6.2700,-0.558549
7.062492,15.587549,15.000000,1254.00,6.2700,-0.587549
7.072508,15.615949,15.000000,1254.00,6.2700,-0.615949
7.082736,15.643680,15.000000,1254.00,6.2700,-0.643680
7.092649,15.670542,15.000000,1254.00,6.2700,-0.670542
7.102586,15.696614,15.000000,1254.00,6.2700,-0.696614
7.112709,15.722106,15.000000,1254.00,6.2700,-0.722106
7.122719,15.746641,15.000000,1254.00,6.2700,-0.746641
7.132817,15.770167,15.000000,1254.00,6.2700,-0.770167
7.142762,15.792971,15.000000,1254.00,6.2700,-0.792971
7.152728,15.814448,15.000000,1254.00,6.2700,-0.814448
7.162879,15.835046,15.000000,1254.00,6.2700,-0.835046
7.172868,15.854365,15.000000,1254.00,6.2700,-0.854365
7.182937,15.872212,15.000000,1254.00,6.2700,-0.872212
7.192968,15.888717,15.000000,1254.00,6.2700,-0.888717
7.202924,15.904156,15.000000,1254.00,6.2700,-0.904156
7.213112,15.918329,15.000000,1254.00,6.2700,-0.918329
7.223076,15.931160,15.000000,1254.00,6.2700,-0.931160
7.233043,15.942599,15.000000,1254.00,6.2700,-0.942599
7.243274,15.952456,15.000000,1254.00,6.2700,-0.952456
7.253142,15.961097,15.000000,1254.00,6.2700,-0.961097
7.263244,15.968293,15.000000,1254.00,6.2700,-0.968293
7.273307,15.974118,15.000000,1254.00,6.2700,-0.974118
7.283268,15.978354,15.000000,1254.00,6.2700,-0.978354
7.293490,15.981294,15.000000,1254.00,6.2700,-0.981294
7.303369,15.982602,15.000000,1254.00,6.2700,-0.982602
7.313534,15.982541,15.000000,1254.00,6.2700,-0.982541
7.323500,15.980982,15.000000,1254.00,6.2700,-0.980982
7.333543,15.978193,15.000000,1254.00,6.2700,-0.978193
7.343594,15.974059,15.000000,1254.00,6.2700,-0.974059
7.353537,15.968594,15.000000,1254.00,6.2700,-0.968594
7.363733,15.961786,15.000000,1254.00,6.2700,-0.961786
7.373760,15.953716,15.000000,1254.00,6.2700,-0.953716
7.383796,15.944392,15.000000,1254.00,6.2700,-0.944392
7.393879,15.933596,15.000000,1254.00,6.2700,-0.933596
7.403820,15.921344,15.000000,1254.00,6.2700,-0.921344
7.414045,15.907851,15.000000,1254.00,6.2700,-0.907851
7.424043,15.893056,15.000000,1254.00,6.2700,-0.893056
7.434027,15.877032,15.000000,1254.00,6.2700,-0.877032
7.444156,15.859845,15.000000,1254.00,6.2700,-0.859845
7.454105,15.841360,15.000000,1254.00,6.2700,-0.841360
7.464226,15.821903,15.000000,1254.00,6.2700,-0.821903
7.474222,15.801518,15.000000,1254.00,6.2700,-0.801518
7.484209,15.780139,15.000000,1254.00,6.2700,-0.780139
7.494478,15.757911,15.000000,1254.00,6.2700,-0.757911
7.504375,15.735087,15.000000,1254.00,6.2700,-0.735087
7.514633,15.711171,15.000000,1254.00,6.2700,-0.711171
7.524531,15.686610,15.000000,1254.00,6.2700,-0.686610
7.534595,15.661451,15.000000,1254.00,6.2700,-0.661451
7.544726,15.635596,15.000000,1254.00,6.2700,-0.635596
7.554687,15.608997,15.000000,1254.00,6.2700,-0.608997
7.564658,15.581845,15.000000,1254.00,6.2700,-0.581845
7.574743,15.554267,15.000000,1254.00,6.2700,-0.554267
7.584765,15.526382,15.000000,1254.00,6.2700,-0.526382
7.594827,15.498222,15.000000,1254.00,6.2700,-0.498222
7.604894,15.469771,15.000000,1254.00,6.2700,-0.469771
7.614923,15.441152,15.000000,1254.00,6.2700,-0.441152
7.625034,15.412599,15.000000,1254.00,6.2700,-0.412599
7.635014,15.384124,15.000000,1254.00,6.2700,-0.384124
7.645144,15.355626,15.000000,1254.00,6.2700,-0.355626
7.655183,15.327442,15.000000,1254.00,6.2700,-0.327442
7.665141,15.299596,15.000000,1254.00,6.2700,-0.299596
7.675209,15.271824,15.000000,1254.00,6.2700,-0.271824
7.685310,15.244325,15.000000,1254.00,6.2700,-0.244325
7.695308,15.217308,15.000000,1254.00,6.2700,-0.217308
7.705302,15.190382,15.000000,1254.00,6.2700,-0.190382
7.715499,15.163926,15.000000,1254.00,6.2700,-0.163926
7.725493,15.137720,15.000000,1254.00,6.2700,-0.137720
7.735503,15.111981,15.000000,1254.00,6.2700,-0.111981
7.745562,15.086785,15.000000,1254.00,6.2700,-0.086785
7.755632,15.062363,15.000000,1254.00,6.2700,-0.062363
7.765784,15.038703,15.000000,1254.00,6.2700,-0.038703
7.775683,15.015826,15.000000,1254.00,6.2700,-0.015826
7.785641,14.993998,15.000000,1254.00,6.2700,0.006002
7.795710,14.972908,15.000000,1254.00,6.2700,0.027092
7.805763,14.952547,15.000000,1254.00,6.2700,0.047453
7.816039,14.933193,15.000000,1254.00,6.2700,0.066807
7.825915,14.914668,15.000000,1254.00,6.2700,0.085332
7.835917,14.897069,15.000000,1254.00,6.2700,0.102931
7.846017,14.880588,15.000000,1254.00,6.2700,0.119412
7.856065,14.865203,15.000000,1254.00,6.2700,0.134797
7.866205,14.850965,15.000000,1254.00,6.2700,0.149035
7.876186,14.837848,15.000000,1254.00,6.2700,0.162152
7.886137,14.825642,15.000000,1254.00,6.2700,0.174358
7.896412,14.814565,15.000000,1254.00,6.2700,0.185435
7.906372,14.804728,15.000000,1254.00,6.2700,0.195272
7.916469,14.795960,15.000000,1254.00,6.2700,0.204040
7.926427,14.788286,15.000000,1254.00,6.2700,0.211714
7.936394,14.781743,15.000000,1254.00,6.2700,0.218257
7.946505,14.776230,15.000000,1254.00,6.2700,0.223770
7.956470,14.771856,15.000000,1254.00,6.2700,0.228144
7.966715,14.768647,15.000000,1254.00,6.2700,0.231353
7.976588,14.766719,15.000000,1254.00,6.2700,0.233281
7.986569,14.766128,15.000000,1254.00,6.2700,0.233872
7.996700,14.766631,15.000000,1254.00,6.2700,0.233369
8.006713,14.768494,15.000000,1254.00,6.2700,0.231506
8.016731,14.771453,15.000000,1254.00,6.2700,0.228547
8.026765,14.775477,15.000000,1254.00,6.2700,0.224523
8.036794,14.780530,15.000000,1254.00,6.2700,0.219470
8.046946,14.786599,15.000000,1254.00,6.2700,0.213401
8.056904,14.793869,15.000000,1254.00,6.2700,0.206131
8.066911,14.802045,15.000000,1254.00,6.2700,0.197955
8.076943,14.811208,15.000000,1254.00,6.2700,0.188792
8.086960,14.821451,15.000000,1254.00,6.2700,0.178549
8.097017,14.832843,15.000000,1254.00,6.2700,0.167157
8.107116,14.845171,15.000000,1254.00,6.2700,0.154829
8.117158,14.858495,15.000000,1254.00,6.2700,0.141505
8.127148,14.872909,15.000000,1254.00,6.2700,0.127091
8.137125,14.888003,15.000000,1254.00,6.2700,0.111997
8.147243,14.903993,15.000000,1254.00,6.2700,0.096007
8.157235,14.920643,15.000000,1254.00,6.2700,0.079357
8.167255,14.937896,15.000000,1254.00,6.2700,0.062104
8.177327,14.956067,15.000000,1254.00,6.2700,0.043933
8.187327,14.974938,15.000000,1254.00,6.2700,0.025062
8.197453,14.994307,15.000000,1254.00,6.2700,0.005693
8.207513,15.014267,15.000000,1254.00,6.2700,-0.014267
8.217491,15.034536,15.000000,1254.00,6.2700,-0.034536
8.227590,15.055192,15.000000,1254.00,6.2700,-0.055192
8.237588,15.076122,15.000000,1254.00,6.2700,-0.076122
8.247675,15.097593,15.000000,1254.00,6.2700,-0.097593
8.257803,15.119522,15.000000,1254.00,6.2700,-0.119522
8.267855,15.141387,15.000000,1254.00,6.2700,-0.141387
8.277830,15.163553,15.000000,1254.00,6.2700,-0.163553
8.287924,15.185919,15.000000,1254.00,6.2700,-0.185919
8.297960,15.208301,15.000000,1254.00,6.2700,-0.208301
8.308015,15.230703,15.000000,1254.00,6.2700,-0.230703
8.318084,15.252979,15.000000,1254.00,6.2700,-0.252979
8.328032,15.275279,15.000000,1254.00,6.2700,-0.275279
8.338098,15.297731,15.000000,1254.00,6.2700,-0.297731
8.348201,15.319887,15.000000,1254.00,6.2700,-0.319887
8.358211,15.341857,15.000000,1254.00,6.2700,-0.341857
8.368189,15.363729,15.000000,1254.00,6.2700,-0.363729
8.378228,15.385460,15.000000,1254.00,6.2700,-0.385460
8.388276,15.406873,15.000000,1254.00,6.2700,-0.406873
8.398474,15.428101,15.000000,1254.00,6.2700,-0.428101
8.408478,15.449012,15.000000,1254.00,6.2700,-0.449012
8.418592,15.469390,15.000000,1254.00,6.2700,-0.469390
8.428427,15.489373,15.000000,1254.00,6.2700,-0.489373
8.438514,15.508920,15.000000,1254.00,6.2700,-0.508920
8.448848,15.527730,15.000000,1254.00,6.2700,-0.527730
8.458766,15.545693,15.000000,1254.00,6.2700,-0.545693
8.468783,15.563032,15.000000,1254.00,6.2700,-0.563032
8.478748,15.579742,15.000000,1253.00,6.2650,-0.579742
8.488859,15.595772,15.000000,1254.00,6.2700,-0.595772
8.499023,15.611081,15.000000,1254.00,6.2700,-0.611081
8.508961,15.625545,15.000000,1254.00,6.2700,-0.625545
8.518937,15.639236,15.000000,1254.00,6.2700,-0.639236
8.528936,15.652331,15.000000,1254.00,6.2700,-0.652331
8.539029,15.664464,15.000000,1254.00,6.2700,-0.664464
8.549229,15.675803,15.000000,1254.00,6.2700,-0.675803
8.559170,15.686399,15.000000,1254.00,6.2700,-0.686399
8.569108,15.695955,15.000000,1254.00,6.2700,-0.695955
8.579156,15.704538,15.000000,1254.00,6.2700,-0.704538
8.589232,15.712176,15.000000,1254.00,6.2700,-0.712176
8.599218,15.718798,15.000000,1254.00,6.2700,-0.718798
8.609330,15.724466,15.000000,1254.00,6.2700,-0.724466
8.619252,15.729251,15.000000,1254.00,6.2700,-0.729251
8.629468,15.733223,15.000000,1254.00,6.2700,-0.733223
8.639403,15.736092,15.000000,1254.00,6.2700,-0.736092
8.649585,15.737741,15.000000,1254.00,6.2700,-0.737741
8.659488,15.738347,15.000000,1254.00,6.2700,-0.738347
8.669468,15.737923,15.000000,1254.00,6.2700,-0.737923
8.679544,15.736461,15.000000,1254.00,6.2700,-0.736461
8.689571,15.734144,15.000000,1254.00,6.2700,-0.734144
8.699600,15.731028,15.000000,1254.00,6.2700,-0.731028
8.709710,15.726837,15.000000,1254.00,6.2700,-0.726837
8.719633,15.721709,15.000000,1254.00,6.2700,-0.721709
8.729683,15.715659,15.000000,1254.00,6.2700,-0.715659
8.739741,15.708906,15.000000,1254.00,6.2700,-0.708906
8.749771,15.701100,15.000000,1254.00,6.2700,-0.701100
8.759894,15.692362,15.000000,1254.00,6.2700,-0.692362
8.769843,15.682954,15.000000,1254.00,6.2700,-0.682954
8.779939,15.672468,15.000000,1254.00,6.2700,-0.672468
8.789971,15.661154,15.000000,1254.00,6.2700,-0.661154
8.800057,15.649278,15.000000,1254.00,6.2700,-0.649278
8.810054,15.636678,15.000000,1254.00,6.2700,-0.636678
8.820044,15.623289,15.000000,1254.00,6.2700,-0.623289
8.830146,15.609316,15.000000,1254.00,6.2700,-0.609316
8.840175,15.594528,15.000000,1254.00,6.2700,-0.594528
8.850237,15.579191,15.000000,1254.00,6.2700,-0.579191
8.860261,15.563198,15.000000,1254.00,6.2700,-0.563198
8.870255,15.546888,15.000000,1254.00,6.2700,-0.546888
8.880245,15.530060,15.000000,1254.00,6.2700,-0.530060
8.890339,15.512886,15.000000,1254.00,6.2700,-0.512886
8.900434,15.495521,15.000000,1254.00,6.2700,-0.495521
8.910459,15.477706,15.000000,1254.00,6.2700,-0.477706
8.920480,15.459649,15.000000,1254.00,6.2700,-0.459649
8.930534,15.441406,15.000000,1254.00,6.2700,-0.441406
8.940583,15.422852,15.000000,1254.00,6.2700,-0.422852
8.950596,15.404325,15.000000,1254.00,6.2700,-0.404325
8.960744,15.385891,15.000000,1254.00,6.2700,-0.385891
8.970694,15.367101,15.000000,1254.00,6.2700,-0.367101
8.980713,15.348233,15.000000,1254.00,6.2700,-0.348233
8.990786,15.329500,15.000000,1254.00,6.2700,-0.329500
9.000918,15.310778,15.000000,1254.00,6.2700,-0.310778
9.010790,15.292223,15.000000,1254.00,6.2700,-0.292223
9.020870,15.273936,15.000000,1254.00,6.2700,-0.273936
9.030855,15.255761,15.000000,1254.00,6.2700,-0.255761
9.040941,15.237881,15.000000,1254.00,6.2700,-0.237881
9.051028,15.220368,15.000000,1254.00,6.2700,-0.220368
9.061004,15.202996,15.000000,1254.00,6.2700,-0.202996
9.071049,15.185997,15.000000,1254.00,6.2700,-0.185997
9.081128,15.169173,15.000000,1254.00,6.2700,-0.169173
9.091120,15.152747,15.000000,1254.00,6.2700,-0.152747
9.101199,15.136541,15.000000,1254.00,6.2700,-0.136541
9.111279,15.120759,15.000000,1254.00,6.2700,-0.120759
9.121333,15.105585,15.000000,1254.00,6.2700,-0.105585
9.131238,15.090824,15.000000,1254.00,6.2700,-0.090824
9.141427,15.076539,15.000000,1254.00,6.2700,-0.076539
9.151475,15.062861,15.000000,1254.00,6.2700,-0.062861
9.161382,15.049558,15.000000,1254.00,6.2700,-0.049558
9.171505,15.037048,15.000000,1254.00,6.2700,-0.037048
9.181488,15.025222,15.000000,1254.00,6.2700,-0.025222
9.191581,15.014007,15.000000,1254.00,6.2700,-0.014007
9.201631,15.003320,15.000000,1254.00,6.2700,-0.003320
9.211687,14.993312,15.000000,1254.00,6.2700,0.006688
9.221721,14.984093,15.000000,1254.00,6.2700,0.015907
9.231783,14.975735,15.000000,1254.00,6.2700,0.024265
9.241857,14.968093,15.000000,1254.00,6.2700,0.031907
9.251876,14.961343,15.000000,1254.00,6.2700,0.038657
9.261914,14.955289,15.000000,1254.00,6.2700,0.044711
9.271966,14.950050,15.000000,1254.00,6.2700,0.049950
9.282061,14.945400,15.000000,1254.00,6.2700,0.054600
9.292081,14.941396,15.000000,1254.00,6.2700,0.058604
9.302080,14.938064,15.000000,1254.00,6.2700,0.061936
9.312142,14.935642,15.000000,1254.00,6.2700,0.064358
9.322156,14.933897,15.000000,1254.00,6.2700,0.066103
9.332325,14.933104,15.000000,1254.00,6.2700,0.066896
9.342334,14.932961,15.000000,1254.00,6.2700,0.067039
9.352291,14.933691,15.000000,1254.00,6.2700,0.066309
9.362409,14.935320,15.000000,1254.00,6.2700,0.064680
9.372409,14.937710,15.000000,1254.00,6.2700,0.062290
9.382533,14.940858,15.000000,1254.00,6.2700,0.059142
9.392586,14.944666,15.000000,1254.00,6.2700,0.055334
9.402445,14.949275,15.000000,1254.00,6.2700,0.050725
9.412514,14.954530,15.000000,1254.00,6.2700,0.045470
9.422579,14.960669,15.000000,1254.00,6.2700,0.039331
9.432559,14.967666,15.000000,1254.00,6.2700,0.032334
9.442704,14.975328,15.000000,1254.00,6.2700,0.024672
9.452633,14.983558,15.000000,1254.00,6.2700,0.016442
9.462652,14.992519,15.000000,1254.00,6.2700,0.007481
9.472659,15.002045,15.000000,1254.00,6.2700,-0.002045
9.482770,15.012165,15.000000,1254.00,6.2700,-0.012165
9.492816,15.022816,15.000000,1254.00,6.2700,-0.022816
9.502750,15.034166,15.000000,1254.00,6.2700,-0.034166
9.512872,15.046233,15.000000,1254.00,6.2700,-0.046233
9.522894,15.058699,15.000000,1253.00,6.2650,-0.058699
9.532974,15.071651,15.000000,1253.00,6.2650,-0.071651
9.543026,15.085088,15.000000,1253.00,6.2650,-0.085088
9.552977,15.098972,15.000000,1253.00,6.2650,-0.098972
9.563132,15.113150,15.000000,1253.00,6.2650,-0.113150
9.573112,15.127588,15.000000,1253.00,6.2650,-0.127588
9.583214,15.142143,15.000000,1253.00,6.2650,-0.142143
9.593180,15.156969,15.000000,1253.00,6.2650,-0.156969
9.603153,15.171942,15.000000,1253.00,6.2650,-0.171942
9.613458,15.187041,15.000000,1253.00,6.2650,-0.187041
9.623368,15.202212,15.000000,1253.00,6.2650,-0.202212
9.633443,15.217605,15.000000,1253.00,6.2650,-0.217605
9.643492,15.233089,15.000000,1253.00,6.2650,-0.233089
9.653441,15.248657,15.000000,1253.00,6.2650,-0.248657
9.663646,15.264372,15.000000,1253.00,6.2650,-0.264372
9.673613,15.280203,15.000000,1253.00,6.2650,-0.280203
9.683611,15.295890,15.000000,1253.00,6.2650,-0.295890
9.693739,15.311613,15.000000,1253.00,6.2650,-0.311613
9.703680,15.327364,15.000000,1253.00,6.2650,-0.327364
9.713712,15.342955,15.000000,1253.00,6.2650,-0.342955
9.723779,15.358450,15.000000,1253.00,6.2650,-0.358450
9.733882,15.373599,15.000000,1253.00,6.2650,-0.373599
9.743850,15.388200,15.000000,1253.00,6.2650,-0.388200
9.753832,15.402547,15.000000,1253.00,6.2650,-0.402547
9.764033,15.416656,15.000000,1253.00,6.2650,-0.416656
9.774020,15.430497,15.000000,1253.00,6.2650,-0.430497
9.784032,15.443899,15.000000,1253.00,6.2650,-0.443899
9.794168,15.457085,15.000000,1253.00,6.2650,-0.457085
9.804113,15.469850,15.000000,1253.00,6.2650,-0.469850
9.814251,15.482279,15.000000,1253.00,6.2650,-0.482279
9.824262,15.494326,15.000000,1253.00,6.2650,-0.494326
9.834373,15.505899,15.000000,1253.00,6.2650,-0.505899
9.844488,15.516759,15.000000,1253.00,6.2650,-0.516759
9.854433,15.527007,15.000000,1253.00,6.2650,-0.527007
9.864537,15.536634,15.000000,1253.00,6.2650,-0.536634
9.874478,15.545514,15.000000,1253.00,6.2650,-0.545514
9.884681,15.553901,15.000000,1253.00,6.2650,-0.553901
9.894674,15.561636,15.000000,1253.00,6.2650,-0.561636
9.904645,15.568736,15.000000,1253.00,6.2650,-0.568736
9.914659,15.575192,15.000000,1253.00,6.2650,-0.575192
9.924669,15.580769,15.000000,1253.00,6.2650,-0.580769
9.934829,15.585656,15.000000,1253.00,6.2650,-0.585656
9.944762,15.589905,15.000000,1253.00,6.2650,-0.589905
9.954701,15.593488,15.000000,1253.00,6.2650,-0.593488
9.964715,15.596313,15.000000,1253.00,6.2650,-0.596313
9.974773,15.598216,15.000000,1253.00,6.2650,-0.598216
9.984852,15.599433,15.000000,1253.00,6.2650,-0.599433
9.994904,15.599948,15.000000,1253.00,6.2650,-0.599948
10.004932,15.599799,15.000000,1253.00,6.2650,-0.599799
10.014990,15.598983,15.000000,1253.00,6.2650,-0.598983
10.024994,15.597556,15.000000,1253.00,6.2650,-0.597556
10.034984,15.595373,15.000000,1253.00,6.2650,-0.595373
10.045069,15.592293,15.000000,1254.00,6.2700,-0.592293
10.055099,15.588360,15.000000,1254.00,6.2700,-0.588360
10.065235,15.583830,15.000000,1254.00,6.2700,-0.583830
10.075231,15.578483,15.000000,1254.00,6.2700,-0.578483
10.085210,15.572007,15.000000,1254.00,6.2700,-0.572007
10.095383,15.564911,15.000000,1254.00,6.2700,-0.564911
10.105415,15.557269,15.000000,1254.00,6.2700,-0.557269
10.115674,15.549063,15.000000,1254.00,6.2700,-0.549063
10.125429,15.540249,15.000000,1254.00,6.2700,-0.540249
10.135501,15.530779,15.000000,1254.00,6.2700,-0.530779
10.145613,15.520610,15.000000,1254.00,6.2700,-0.520610
10.155651,15.509917,15.000000,1254.00,6.2700,-0.509917
10.165717,15.498656,15.000000,1254.00,6.2700,-0.498656
10.175726,15.486981,15.000000,1254.00,6.2700,-0.486981
10.185710,15.474810,15.000000,1254.00,6.2700,-0.474810
10.195769,15.462288,15.000000,1254.00,6.2700,-0.462288
10.205875,15.449353,15.000000,1254.00,6.2700,-0.449353
10.215920,15.435818,15.000000,1254.00,6.2700,-0.435818
10.225909,15.421985,15.000000,1254.00,6.2700,-0.421985
10.235907,15.407666,15.000000,1254.00,6.2700,-0.407666
10.245987,15.392959,15.000000,1254.00,6.2700,-0.392959
10.256088,15.377984,15.000000,1254.00,6.2700,-0.377984
10.266094,15.362530,15.000000,1254.00,6.2700,-0.362530
10.276145,15.346852,15.000000,1254.00,6.2700,-0.346852
10.286081,15.331173,15.000000,1254.00,6.2700,-0.331173
10.296336,15.315282,15.000000,1254.00,6.2700,-0.315282
10.306215,15.299149,15.000000,1254.00,6.2700,-0.299149
10.316273,15.282805,15.000000,1254.00,6.2700,-0.282805
10.326279,15.266582,15.000000,1254.00,6.2700,-0.266582
10.336290,15.250337,15.000000,1254.00,6.2700,-0.250337
10.346510,15.234014,15.000000,1254.00,6.2700,-0.234014
10.356477,15.217780,15.000000,1254.00,6.2700,-0.217780
10.366525,15.201686,15.000000,1254.00,6.2700,-0.201686
10.376511,15.185568,15.000000,1254.00,6.2700,-0.185568
10.386566,15.169545,15.000000,1254.00,6.2700,-0.169545
10.396654,15.153691,15.000000,1254.00,6.2700,-0.153691
10.406706,15.137977,15.000000,1254.00,6.2700,-0.137977
10.416713,15.122566,15.000000,1254.00,6.2700,-0.122566
10.426783,15.107305,15.000000,1254.00,6.2700,-0.107305
10.436826,15.092146,15.000000,1254.00,6.2700,-0.092146
10.446870,15.077355,15.000000,1254.00,6.2700,-0.077355
10.456949,15.062795,15.000000,1254.00,6.2700,-0.062795
10.466942,15.048617,15.000000,1254.00,6.2700,-0.048617
10.477008,15.034973,15.000000,1254.00,6.2700,-0.034973
10.487008,15.021902,15.000000,1254.00,6.2700,-0.021902
10.497106,15.009292,15.000000,1254.00,6.2700,-0.009292
10.507075,14.997103,15.000000,1254.00,6.2700,0.002897
10.517227,14.985629,15.000000,1254.00,6.2700,0.014371
10.527135,14.974717,15.000000,1254.00,6.2700,0.025283
10.537220,14.964307,15.000000,1254.00,6.2700,0.035693
10.547277,14.954750,15.000000,1254.00,6.2700,0.045250
10.557323,14.945864,15.000000,1254.00,6.2700,0.054136
10.567526,14.937587,15.000000,1254.00,6.2700,0.062413
10.577490,14.930035,15.000000,1254.00,6.2700,0.069965
10.587563,14.923305,15.000000,1254.00,6.2700,0.076695
10.597682,14.917349,15.000000,1254.00,6.2700,0.082651
10.607758,14.912065,15.000000,1254.00,6.2700,0.087935
10.617716,14.907431,15.000000,1253.00,6.2650,0.092569
10.627892,14.903520,15.000000,1253.00,6.2650,0.096480
10.637901,14.900405,15.000000,1253.00,6.2650,0.099595
10.648091,14.898228,15.000000,1253.00,6.2650,0.101772
10.658054,14.896846,15.000000,1253.00,6.2650,0.103154
10.668112,14.896305,15.000000,1253.00,6.2650,0.103695
10.678180,14.896536,15.000000,1253.00,6.2650,0.103464
10.688174,14.897411,15.000000,1253.00,6.2650,0.102589
10.698240,14.899042,15.000000,1253.00,6.2650,0.100958
10.708203,14.901526,15.000000,1253.00,6.2650,0.098474
10.718309,14.904681,15.000000,1253.00,6.2650,0.095319
10.728393,14.908643,15.000000,1253.00,6.2650,0.091357
10.738411,14.913271,15.000000,1253.00,6.2650,0.086729
10.748551,14.918603,15.000000,1253.00,6.2650,0.081397
10.758580,14.924497,15.000000,1253.00,6.2650,0.075503
10.768497,14.931013,15.000000,1253.00,6.2650,0.068987
10.778490,14.937974,15.000000,1253.00,6.2650,0.062026
10.788575,14.945538,15.000000,1253.00,6.2650,0.054462
10.798748,14.953705,15.000000,1253.00,6.2650,0.046295
10.808679,14.962273,15.000000,1253.00,6.2650,0.037727
10.818642,14.971439,15.000000,1253.00,6.2650,0.028561
10.828710,14.981203,15.000000,1253.00,6.2650,0.018797
10.838730,14.991473,15.000000,1253.00,6.2650,0.008527
10.848840,15.002341,15.000000,1253.00,6.2650,-0.002341
10.858911,15.013468,15.000000,1253.00,6.2650,-0.013468
10.868881,15.025164,15.000000,1253.00,6.2650,-0.025164
10.878876,15.037305,15.000000,1253.00,6.2650,-0.037305
10.888979,15.049944,15.000000,1253.00,6.2650,-0.049944
10.899131,15.063003,15.000000,1253.00,6.2650,-0.063003
10.909071,15.076458,15.000000,1253.00,6.2650,-0.076458
10.919062,15.090217,15.000000,1253.00,6.2650,-0.090217
10.929189,15.104264,15.000000,1253.00,6.2650,-0.104264
10.939194,15.118696,15.000000,1253.00,6.2650,-0.118696
10.949343,15.133457,15.000000,1253.00,6.2650,-0.133457
10.959268,15.148377,15.000000,1253.00,6.2650,-0.148377
10.969219,15.163424,15.000000,1253.00,6.2650,-0.163424
10.979242,15.178681,15.000000,1253.00,6.2650,-0.178681
10.989348,15.193943,15.000000,1253.00,6.2650,-0.193943
10.999502,15.209369,15.000000,1253.00,6.2650,-0.209369
11.009459,15.224833,15.000000,1253.00,6.2650,-0.224833
11.019453,15.240374,15.000000,1253.00,6.2650,-0.240374
11.029472,15.255616,15.000000,1253.00,6.2650,-0.255616
11.039553,15.270814,15.000000,1253.00,6.2650,-0.270814
11.049595,15.285898,15.000000,1253.00,6.2650,-0.285898
11.059669,15.300674,15.000000,1253.00,6.2650,-0.300674
11.069624,15.315417,15.000000,1253.00,6.2650,-0.315417
11.079787,15.329868,15.000000,1253.00,6.2650,-0.329868
11.089728,15.344125,15.000000,1253.00,6.2650,-0.344125
11.099731,15.358202,15.000000,1253.00,6.2650,-0.358202
11.109826,15.371979,15.000000,1253.00,6.2650,-0.371979
11.119832,15.385216,15.000000,1253.00,6.2650,-0.385216
11.129894,15.398018,15.000000,1253.00,6.2650,-0.398018
11.139865,15.410348,15.000000,1253.00,6.2650,-0.410348
11.149931,15.422213,15.000000,1253.00,6.2650,-0.422213
11.160026,15.433646,15.000000,1253.00,6.2650,-0.433646
11.169978,15.444749,15.000000,1253.00,6.2650,-0.444749
11.180052,15.455277,15.000000,1253.00,6.2650,-0.455277
11.190117,15.465212,15.000000,1253.00,6.2650,-0.465212
11.200148,15.474506,15.000000,1253.00,6.2650,-0.474506
11.210198,15.483295,15.000000,1253.00,6.2650,-0.483295
11.220174,15.491489,15.000000,1253.00,6.2650,-0.491489
11.230174,15.498903,15.000000,1253.00,6.2650,-0.498903
11.240264,15.505756,15.000000,1253.00,6.2650,-0.505756
11.250274,15.511951,15.000000,1253.00,6.2650,-0.511951
11.260352,15.517346,15.000000,1253.00,6.2650,-0.517346
11.270336,15.521979,15.000000,1253.00,6.2650,-0.521979
11.280407,15.525734,15.000000,1253.00,6.2650,-0.525734
11.290482,15.528862,15.000000,1253.00,6.2650,-0.528862
11.300499,15.531290,15.000000,1253.00,6.2650,-0.531290
11.310594,15.533086,15.000000,1253.00,6.2650,-0.533086
11.320617,15.533946,15.000000,1253.00,6.2650,-0.533946
11.330621,15.533934,15.000000,1253.00,6.2650,-0.533934
11.340608,15.533153,15.000000,1253.00,6.2650,-0.533153
11.350631,15.531793,15.000000,1253.00,6.2650,-0.531793
11.360695,15.529743,15.000000,1253.00,6.2650,-0.529743
11.370648,15.526744,15.000000,1253.00,6.2650,-0.526744
11.380586,15.523026,15.000000,1253.00,6.2650,-0.523026
11.390659,15.518370,15.000000,1253.00,6.2650,-0.518370
11.400627,15.513191,15.000000,1253.00,6.2650,-0.513191
11.410673,15.507334,15.000000,1253.00,6.2650,-0.507334
11.420749,15.500850,15.000000,1253.00,6.2650,-0.500850
11.430762,15.493509,15.000000,1253.00,6.2650,-0.493509
11.440847,15.485439,15.000000,1253.00,6.2650,-0.485439
11.450877,15.476679,15.000000,1253.00,6.2650,-0.476679
11.460847,15.467250,15.000000,1253.00,6.2650,-0.467250
11.470962,15.457160,15.000000,1253.00,6.2650,-0.457160
11.481044,15.446406,15.000000,1253.00,6.2650,-0.446406
11.491016,15.435164,15.000000,1253.00,6.2650,-0.435164
11.501047,15.423426,15.000000,1253.00,6.2650,-0.423426
11.511249,15.411263,15.000000,1253.00,6.2650,-0.411263
11.521254,15.398616,15.000000,1253.00,6.2650,-0.398616
11.531350,15.385624,15.000000,1253.00,6.2650,-0.385624
11.541332,15.372312,15.000000,1253.00,6.2650,-0.372312
11.551347,15.358532,15.000000,1253.00,6.2650,-0.358532
11.561437,15.344447,15.000000,1253.00,6.2650,-0.344447
11.571531,15.330182,15.000000,1253.00,6.2650,-0.330182
11.581521,15.315354,15.000000,1253.00,6.2650,-0.315354
11.591570,15.300455,15.000000,1253.00,6.2650,-0.300455
11.601568,15.285375,15.000000,1253.00,6.2650,-0.285375
11.611676,15.270180,15.000000,1253.00,6.2650,-0.270180
11.621662,15.254977,15.000000,1253.00,6.2650,-0.254977
11.631765,15.239554,15.000000,1253.00,6.2650,-0.239554
11.641767,15.224120,15.000000,1253.00,6.2650,-0.224120
11.651752,15.208708,15.000000,1253.00,6.2650,-0.208708
11.661775,15.193512,15.000000,1253.00,6.2650,-0.193512
11.671845,15.178380,15.000000,1253.00,6.2650,-0.178380
11.681978,15.163196,15.000000,1253.00,6.2650,-0.163196
11.691939,15.147950,15.000000,1253.00,6.2650,-0.147950
11.701923,15.133023,15.000000,1253.00,6.2650,-0.133023
11.711992,15.118252,15.000000,1253.00,6.2650,-0.118252
11.722078,15.103578,15.000000,1253.00,6.2650,-0.103578
11.732040,15.089148,15.000000,1253.00,6.2650,-0.089148
11.742165,15.074875,15.000000,1253.00,6.2650,-0.074875
11.752132,15.060801,15.000000,1253.00,6.2650,-0.060801
11.762120,15.047089,15.000000,1253.00,6.2650,-0.047089
11.772243,15.033652,15.000000,1253.00,6.2650,-0.033652
11.782264,15.020624,15.000000,1253.00,6.2650,-0.020624
11.792380,15.008085,15.000000,1253.00,6.2650,-0.008085
11.802320,14.995914,15.000000,1253.00,6.2650,0.004086
11.812513,14.984062,15.000000,1253.00,6.2650,0.015938
11.822460,14.972512,15.000000,1253.00,6.2650,0.027488
11.832557,14.961617,15.000000,1253.00,6.2650,0.038383
11.842628,14.951034,15.000000,1253.00,6.2650,0.048966
11.852555,14.941062,15.000000,1253.00,6.2650,0.058938
11.862794,14.931689,15.000000,1253.00,6.2650,0.068311
11.872712,14.922803,15.000000,1253.00,6.2650,0.077197
11.882785,14.914280,15.000000,1253.00,6.2650,0.085720
11.892852,14.906423,15.000000,1253.00,6.2650,0.093577
11.902759,14.899095,15.000000,1253.00,6.2650,0.100905
11.912938,14.892163,15.000000,1253.00,6.2650,0.107837
11.922931,14.885796,15.000000,1253.00,6.2650,0.114204
11.932966,14.879949,15.000000,1253.00,6.2650,0.120051
11.943084,14.874714,15.000000,1253.00,6.2650,0.125286
11.953077,14.870113,15.000000,1253.00,6.2650,0.129887
11.963086,14.866328,15.000000,1253.00,6.2650,0.133672
11.973450,14.863174,15.000000,1253.00,6.2650,0.136826
11.983267,14.860698,15.000000,1253.00,6.2650,0.139302
11.993279,14.858953,15.000000,1253.00,6.2650,0.141047
12.003393,14.857789,15.000000,1253.00,6.2650,0.142211
12.013541,14.857312,15.000000,1253.00,6.2650,0.142688
12.023475,14.857530,15.000000,1253.00,6.2650,0.142470
12.033588,14.858560,15.000000,1253.00,6.2650,0.141440
12.043580,14.860211,15.000000,1253.00,6.2650,0.139789
12.053665,14.862401,15.000000,1253.00,6.2650,0.137599
12.063875,14.865339,15.000000,1253.00,6.2650,0.134661
12.073754,14.868748,15.000000,1253.00,6.2650,0.131252
12.083823,14.872767,15.000000,1253.00,6.2650,0.127233
12.093882,14.877326,15.000000,1253.00,6.2650,0.122674
12.103929,14.882407,15.000000,1253.00,6.2650,0.117593
12.114079,14.887975,15.000000,1253.00,6.2650,0.112025
12.123986,14.893909,15.000000,1253.00,6.2650,0.106091
12.134000,14.900230,15.000000,1253.00,6.2650,0.099770
12.144152,14.907106,15.000000,1253.00,6.2650,0.092894
12.154141,14.914390,15.000000,1253.00,6.2650,0.085610
12.164258,14.922314,15.000000,1253.00,6.2650,0.077686
12.174236,14.930575,15.000000,1253.00,6.2650,0.069425
12.184268,14.939387,15.000000,1253.00,6.2650,0.060613
12.194444,14.948576,15.000000,1253.00,6.2650,0.051424
12.204403,14.958204,15.000000,1253.00,6.2650,0.041796
12.214502,14.967971,15.000000,1253.00,6.2650,0.032029
12.224474,14.978141,15.000000,1253.00,6.2650,0.021859
12.234506,14.988697,15.000000,1253.00,6.2650,0.011303
12.244632,14.999521,15.000000,1253.00,6.2650,0.000479
12.254668,15.010667,15.000000,1253.00,6.2650,-0.010667
12.264757,15.022028,15.000000,1253.00,6.2650,-0.022028
12.274719,15.033677,15.000000,1253.00,6.2650,-0.033677
12.284741,15.045606,15.000000,1253.00,6.2650,-0.045606
12.294829,15.057590,15.000000,1253.00,6.2650,-0.057590
12.304883,15.069474,15.000000,1253.00,6.2650,-0.069474
12.315033,15.081521,15.000000,1253.00,6.2650,-0.081521
12.324977,15.093720,15.000000,1253.00,6.2650,-0.093720
12.334955,15.105783,15.000000,1253.00,6.2650,-0.105783
12.345074,15.117994,15.000000,1253.00,6.2650,-0.117994
12.355140,15.130281,15.000000,1253.00,6.2650,-0.130281
12.365394,15.142412,15.000000,1253.00,6.2650,-0.142412
12.375206,15.154261,15.000000,1253.00,6.2650,-0.154261
12.385186,15.165777,15.000000,1253.00,6.2650,-0.165777
12.395243,15.177018,15.000000,1253.00,6.2650,-0.177018
12.405402,15.187977,15.000000,1253.00,6.2650,-0.187977
12.415409,15.198892,15.000000,1253.00,6.2650,-0.198892
12.425393,15.209600,15.000000,1253.00,6.2650,-0.209600
12.435396,15.220131,15.000000,1253.00,6.2650,-0.220131
12.445513,15.230414,15.000000,1253.00,6.2650,-0.230414
12.455582,15.240316,15.000000,1253.00,6.2650,-0.240316
12.465640,15.249978,15.000000,1253.00,6.2650,-0.249978
12.475593,15.259245,15.000000,1253.00,6.2650,-0.259245
12.485589,15.268289,15.000000,1253.00,6.2650,-0.268289
12.495739,15.277031,15.000000,1253.00,6.2650,-0.277031
12.505783,15.285311,15.000000,1253.00,6.2650,-0.285311
12.515769,15.293354,15.000000,1253.00,6.2650,-0.293354
12.525798,15.300923,15.000000,1253.00,6.2650,-0.300923
12.535819,15.308158,15.000000,1253.00,6.2650,-0.308158
12.545802,15.315115,15.000000,1253.00,6.2650,-0.315115
12.555925,15.321748,15.000000,1253.00,6.2650,-0.321748
12.565993,15.327747,15.000000,1253.00,6.2650,-0.327747
12.576012,15.333383,15.000000,1253.00,6.2650,-0.333383
12.586032,15.338574,15.000000,1253.00,6.2650,-0.338574
12.595996,15.343056,15.000000,1253.00,6.2650,-0.343056
12.606107,15.347186,15.000000,1253.00,6.2650,-0.347186
12.616117,15.350778,15.000000,1253.00,6.2650,-0.350778
12.626231,15.353730,15.000000,1253.00,6.2650,-0.353730
12.636178,15.356022,15.000000,1253.00,6.2650,-0.356022
12.646246,15.357865,15.000000,1253.00,6.2650,-0.357865
12.656317,15.359276,15.000000,1253.00,6.2650,-0.359276
12.666334,15.360094,15.000000,1253.00,6.2650,-0.360094
12.676384,15.360454,15.000000,1253.00,6.2650,-0.360454
12.686393,15.360425,15.000000,1253.00,6.2650,-0.360425
12.696477,15.359825,15.000000,1253.00,6.2650,-0.359825
12.706535,15.358746,15.000000,1253.00,6.2650,-0.358746
12.716736,15.357334,15.000000,1253.00,6.2650,-0.357334
12.726591,15.355323,15.000000,1253.00,6.2650,-0.355323
12.736661,15.352892,15.000000,1253.00,6.2650,-0.352892
12.746636,15.350048,15.000000,1253.00,6.2650,-0.350048
12.756671,15.346804,15.000000,1253.00,6.2650,-0.346804
12.766696,15.342985,15.000000,1253.00,6.2650,-0.342985
12.776659,15.338770,15.000000,1253.00,6.2650,-0.338770
12.786737,15.333880,15.000000,1253.00,6.2650,-0.333880
12.796749,15.328735,15.000000,1253.00,6.2650,-0.328735
12.806791,15.322938,15.000000,1253.00,6.2650,-0.322938
12.816832,15.316614,15.000000,1253.00,6.2650,-0.316614
12.826896,15.309827,15.000000,1253.00,6.2650,-0.309827
12.836899,15.302545,15.000000,1253.00,6.2650,-0.302545
12.846962,15.295018,15.000000,1253.00,6.2650,-0.295018
12.857016,15.286998,15.000000,1253.00,6.2650,-0.286998
12.867060,15.278551,15.000000,1253.00,6.2650,-0.278551
12.877014,15.269552,15.000000,1253.00,6.2650,-0.269552
12.887126,15.260424,15.000000,1253.00,6.2650,-0.260424
12.897157,15.251045,15.000000,1253.00,6.2650,-0.251045
12.907274,15.241399,15.000000,1253.00,6.2650,-0.241399
12.917310,15.231546,15.000000,1253.00,6.2650,-0.231546
12.927313,15.221619,15.000000,1253.00,6.2650,-0.221619
12.937369,15.211474,15.000000,1253.00,6.2650,-0.211474
12.947472,15.201211,15.000000,1253.00,6.2650,-0.201211
12.957453,15.190782,15.000000,1253.00,6.2650,-0.190782
12.967456,15.180160,15.000000,1253.00,6.2650,-0.180160
12.977436,15.169556,15.000000,1253.00,6.2650,-0.169556
12.987587,15.159048,15.000000,1253.00,6.2650,-0.159048
12.997668,15.148468,15.000000,1253.00,6.2650,-0.148468
13.007726,15.137742,15.000000,1253.00,6.2650,-0.137742
13.017678,15.127154,15.000000,1253.00,6.2650,-0.127154
13.027665,15.116624,15.000000,1253.00,6.2650,-0.116624
13.037691,15.106151,15.000000,1253.00,6.2650,-0.106151
13.048035,15.095898,15.000000,1253.00,6.2650,-0.095898
13.057848,15.085863,15.000000,1253.00,6.2650,-0.085863
13.067801,15.075949,15.000000,1253.00,6.2650,-0.075949
13.077856,15.066380,15.000000,1253.00,6.2650,-0.066380
13.087910,15.056807,15.000000,1253.00,6.2650,-0.056807
13.098102,15.047227,15.000000,1253.00,6.2650,-0.047227
13.108093,15.037963,15.000000,1253.00,6.2650,-0.037963
13.118012,15.028950,15.000000,1253.00,6.2650,-0.028950
13.128055,15.020123,15.000000,1253.00,6.2650,-0.020123
13.138111,15.011450,15.000000,1253.00,6.2650,-0.011450
13.148430,15.003203,15.000000,1253.00,6.2650,-0.003203
13.158224,14.995316,15.000000,1253.00,6.2650,0.004684
13.168198,14.987725,15.000000,1253.00,6.2650,0.012275
13.178262,14.980548,15.000000,1253.00,6.2650,0.019452
13.188362,14.973862,15.000000,1253.00,6.2650,0.026138
13.198377,14.967626,15.000000,1253.00,6.2650,0.032374
13.208469,14.961899,15.000000,1253.00,6.2650,0.038101
13.218388,14.956487,15.000000,1253.00,6.2650,0.043513
13.228663,14.951627,15.000000,1253.00,6.2650,0.048373
13.238597,14.947338,15.000000,1253.00,6.2650,0.052662
13.248686,14.943439,15.000000,1253.00,6.2650,0.056561
13.258731,14.940114,15.000000,1253.00,6.2650,0.059886
13.268627,14.937348,15.000000,1253.00,6.2650,0.062652
13.278656,14.935069,15.000000,1253.00,6.2650,0.064931
13.288678,14.933255,15.000000,1253.00,6.2650,0.066745
13.298704,14.931937,15.000000,1253.00,6.2650,0.068063
13.308828,14.931034,15.000000,1253.00,6.2650,0.068966
13.318789,14.930462,15.000000,1253.00,6.2650,0.069538
13.328887,14.930344,15.000000,1253.00,6.2650,0.069656
13.338931,14.930727,15.000000,1253.00,6.2650,0.069273
13.348979,14.931500,15.000000,1253.00,6.2650,0.068500
13.359086,14.932537,15.000000,1253.00,6.2650,0.067463
13.368994,14.933940,15.000000,1253.00,6.2650,0.066060
13.379028,14.935918,15.000000,1253.00,6.2650,0.064082
13.389151,14.938176,15.000000,1253.00,6.2650,0.061824
13.399197,14.940738,15.000000,1253.00,6.2650,0.059262
13.409204,14.943854,15.000000,1253.00,6.2650,0.056146
13.419229,14.947163,15.000000,1253.00,6.2650,0.052837
13.429221,14.950767,15.000000,1253.00,6.2650,0.049233
13.439421,14.954454,15.000000,1253.00,6.2650,0.045546
13.449416,14.958513,15.000000,1253.00,6.2650,0.041487
13.459520,14.962999,15.000000,1253.00,6.2650,0.037001
13.469505,14.967626,15.000000,1253.00,6.2650,0.032374
13.479545,14.972753,15.000000,1253.00,6.2650,0.027247
13.489583,14.977970,15.000000,1253.00,6.2650,0.022030
13.499618,14.983483,15.000000,1253.00,6.2650,0.016517
13.509707,14.989086,15.000000,1253.00,6.2650,0.010914
13.519765,14.994988,15.000000,1253.00,6.2650,0.005012
13.529772,15.001005,15.000000,1253.00,6.2650,-0.001005
13.539878,15.007319,15.000000,1253.00,6.2650,-0.007319
13.549869,15.013936,15.000000,1253.00,6.2650,-0.013936
13.559982,15.020639,15.000000,1253.00,6.2650,-0.020639
13.569996,15.027418,15.000000,1253.00,6.2650,-0.027418
13.580036,15.034425,15.000000,1253.00,6.2650,-0.034425
13.590061,15.041213,15.000000,1253.00,6.2650,-0.041213
13.600274,15.047848,15.000000,1253.00,6.2650,-0.047848
13.610122,15.054547,15.000000,1253.00,6.2650,-0.054547
13.620238,15.061405,15.000000,1253.00,6.2650,-0.061405
13.630367,15.068317,15.000000,1253.00,6.2650,-0.068317
13.640325,15.075137,15.000000,1253.00,6.2650,-0.075137
13.650292,15.081996,15.000000,1253.00,6.2650,-0.081996
13.660419,15.089051,15.000000,1253.00,6.2650,-0.089051
13.670494,15.095811,15.000000,1253.00,6.2650,-0.095811
13.680513,15.102445,15.000000,1253.00,6.2650,-0.102445
13.690597,15.109136,15.000000,1253.00,6.2650,-0.109136
13.700604,15.115707,15.000000,1253.00,6.2650,-0.115707
13.710574,15.122152,15.000000,1253.00,6.2650,-0.122152
13.720693,15.128352,15.000000,1253.00,6.2650,-0.128352
13.730799,15.134179,15.000000,1253.00,6.2650,-0.134179
13.740828,15.140038,15.000000,1253.00,6.2650,-0.140038
13.750820,15.145595,15.000000,1253.00,6.2650,-0.145595
13.760931,15.151000,15.000000,1253.00,6.2650,-0.151000
13.770980,15.156302,15.000000,1253.00,6.2650,-0.156302
13.780984,15.161298,15.000000,1253.00,6.2650,-0.161298
13.791004,15.166204,15.000000,1253.00,6.2650,-0.166204
13.801010,15.170819,15.000000,1253.00,6.2650,-0.170819
13.811043,15.175306,15.000000,1253.00,6.2650,-0.175306
13.821187,15.179738,15.000000,1253.00,6.2650,-0.179738
13.831219,15.183985,15.000000,1253.00,6.2650,-0.183985
13.841167,15.188065,15.000000,1253.00,6.2650,-0.188065
13.851160,15.191984,15.000000,1253.00,6.2650,-0.191984
13.861406,15.195848,15.000000,1253.00,6.2650,-0.195848
13.871358,15.199527,15.000000,1253.00,6.2650,-0.199527
13.881341,15.202743,15.000000,1253.00,6.2650,-0.202743
13.891357,15.205847,15.000000,1253.00,6.2650,-0.205847
13.901372,15.208855,15.000000,1253.00,6.2650,-0.208855
13.911394,15.211659,15.000000,1253.00,6.2650,-0.211659
13.921540,15.214111,15.000000,1253.00,6.2650,-0.214111
13.931505,15.216279,15.000000,1253.00,6.2650,-0.216279
13.941583,15.217995,15.000000,1253.00,6.2650,-0.217995
13.951533,15.219506,15.000000,1253.00,6.2650,-0.219506
13.961601,15.220703,15.000000,1253.00,6.2650,-0.220703
13.971672,15.221590,15.000000,1253.00,6.2650,-0.221590
13.981661,15.222230,15.000000,1253.00,6.2650,-0.222230
13.991732,15.222564,15.000000,1253.00,6.2650,-0.222564
14.001774,15.222620,15.000000,1253.00,6.2650,-0.222620
14.011773,15.222460,15.000000,1253.00,6.2650,-0.222460
14.021832,15.221915,15.000000,1253.00,6.2650,-0.221915
14.032002,15.221333,15.000000,1253.00,6.2650,-0.221333
14.041911,15.220387,15.000000,1253.00,6.2650,-0.220387
14.051944,15.219257,15.000000,1253.00,6.2650,-0.219257
14.062057,15.218021,15.000000,1253.00,6.2650,-0.218021
14.072064,15.216238,15.000000,1253.00,6.2650,-0.216238
14.082133,15.214397,15.000000,1253.00,6.2650,-0.214397
14.092173,15.212269,15.000000,1253.00,6.2650,-0.212269
14.102179,15.210010,15.000000,1253.00,6.2650,-0.210010
14.112216,15.207476,15.000000,1253.00,6.2650,-0.207476
14.122266,15.204812,15.000000,1253.00,6.2650,-0.204812
14.132325,15.201903,15.000000,1253.00,6.2650,-0.201903
14.142391,15.198682,15.000000,1253.00,6.2650,-0.198682
14.152420,15.195339,15.000000,1253.00,6.2650,-0.195339
14.162450,15.191691,15.000000,1253.00,6.2650,-0.191691
14.172515,15.187899,15.000000,1253.00,6.2650,-0.187899
14.182540,15.183861,15.000000,1253.00,6.2650,-0.183861
14.192606,15.179697,15.000000,1253.00,6.2650,-0.179697
14.202649,15.175492,15.000000,1253.00,6.2650,-0.175492
14.212705,15.171108,15.000000,1253.00,6.2650,-0.171108
14.222724,15.166491,15.000000,1253.00,6.2650,-0.166491
14.232816,15.161579,15.000000,1253.00,6.2650,-0.161579
14.242858,15.156306,15.000000,1253.00,6.2650,-0.156306
14.252809,15.150967,15.000000,1253.00,6.2650,-0.150967
14.262838,15.145719,15.000000,1253.00,6.2650,-0.145719
14.272900,15.140495,15.000000,1253.00,6.2650,-0.140495
14.282990,15.135155,15.000000,1253.00,6.2650,-0.135155
14.293063,15.129754,15.000000,1253.00,6.2650,-0.129754
14.303028,15.124276,15.000000,1253.00,6.2650,-0.124276
14.313107,15.118703,15.000000,1253.00,6.2650,-0.118703
14.323139,15.112981,15.000000,1253.00,6.2650,-0.112981
14.333280,15.107285,15.000000,1253.00,6.2650,-0.107285
14.343207,15.101701,15.000000,1253.00,6.2650,-0.101701
14.353272,15.096197,15.000000,1253.00,6.2650,-0.096197
14.363411,15.090638,15.000000,1253.00,6.2650,-0.090638
14.373369,15.085220,15.000000,1253.00,6.2650,-0.085220
14.383414,15.079756,15.000000,1253.00,6.2650,-0.079756
14.393465,15.074323,15.000000,1253.00,6.2650,-0.074323
14.403528,15.069018,15.000000,1253.00,6.2650,-0.069018
14.413564,15.063803,15.000000,1253.00,6.2650,-0.063803
14.423588,15.058803,15.000000,1253.00,6.2650,-0.058803
14.433696,15.053797,15.000000,1253.00,6.2650,-0.053797
14.443775,15.048739,15.000000,1253.00,6.2650,-0.048739
14.453687,15.043798,15.000000,1253.00,6.2650,-0.043798
14.463917,15.038856,15.000000,1253.00,6.2650,-0.038856
14.473785,15.034154,15.000000,1253.00,6.2650,-0.034154
14.483880,15.029780,15.000000,1253.00,6.2650,-0.029780
14.493958,15.025438,15.000000,1253.00,6.2650,-0.025438
14.503993,15.021183,15.000000,1253.00,6.2650,-0.021183
14.514102,15.017048,15.000000,1253.00,6.2650,-0.017048
14.524063,15.012983,15.000000,1253.00,6.2650,-0.012983
14.534046,15.009215,15.000000,1253.00,6.2650,-0.009215
14.544228,15.005826,15.000000,1253.00,6.2650,-0.005826
14.554191,15.002813,15.000000,1253.00,6.2650,-0.002813
14.564503,14.999864,15.000000,1253.00,6.2650,0.000136
14.574278,14.997022,15.000000,1253.00,6.2650,0.002978
14.584268,14.994397,15.000000,1253.00,6.2650,0.005603
14.594415,14.992121,15.000000,1253.00,6.2650,0.007879
14.604433,14.989931,15.000000,1253.00,6.2650,0.010069
14.614500,14.987985,15.000000,1253.00,6.2650,0.012015
14.624566,14.986515,15.000000,1253.00,6.2650,0.013485
14.634488,14.985219,15.000000,1253.00,6.2650,0.014781
14.644585,14.984020,15.000000,1253.00,6.2650,0.015980
14.654679,14.983072,15.000000,1253.00,6.2650,0.016928
14.664723,14.982387,15.000000,1253.00,6.2650,0.017613
14.674710,14.981824,15.000000,1253.00,6.2650,0.018176
14.684735,14.981309,15.000000,1253.00,6.2650,0.018691
14.694814,14.981093,15.000000,1253.00,6.2650,0.018907
14.704900,14.981200,15.000000,1253.00,6.2650,0.018800
14.714926,14.981679,15.000000,1253.00,6.2650,0.018321
14.724968,14.982350,15.000000,1253.00,6.2650,0.017650
14.734933,14.982939,15.000000,1253.00,6.2650,0.017061
14.745008,14.983718,15.000000,1253.00,6.2650,0.016282
14.755082,14.984816,15.000000,1253.00,6.2650,0.015184
14.765114,14.986017,15.000000,1253.00,6.2650,0.013983
14.775127,14.987720,15.000000,1253.00,6.2650,0.012280
14.785122,14.989418,15.000000,1253.00,6.2650,0.010582
14.795171,14.991464,15.000000,1253.00,6.2650,0.008536
14.805238,14.993893,15.000000,1253.00,6.2650,0.006107
14.815339,14.996357,15.000000,1253.00,6.2650,0.003643
14.825279,14.998724,15.000000,1253.00,6.2650,0.001276
14.835272,15.001086,15.000000,1253.00,6.2650,-0.001086
14.845355,15.003432,15.000000,1253.00,6.2650,-0.003432
14.855429,15.005961,15.000000,1253.00,6.2650,-0.005961
14.865442,15.008711,15.000000,1253.00,6.2650,-0.008711
14.875476,15.011671,15.000000,1253.00,6.2650,-0.011671
14.885522,15.014756,15.000000,1253.00,6.2650,-0.014756
14.895664,15.017937,15.000000,1253.00,6.2650,-0.017937
14.905630,15.021300,15.000000,1253.00,6.2650,-0.021300
14.915630,15.024836,15.000000,1253.00,6.2650,-0.024836
14.925681,15.028497,15.000000,1253.00,6.2650,-0.028497
14.935647,15.032407,15.000000,1253.00,6.2650,-0.032407
14.945777,15.036469,15.000000,1253.00,6.2650,-0.036469
14.955830,15.040441,15.000000,1253.00,6.2650,-0.040441
14.965793,15.044377,15.000000,1253.00,6.2650,-0.044377
14.975852,15.048531,15.000000,1253.00,6.2650,-0.048531
14.985935,15.052507,15.000000,1253.00,6.2650,-0.052507
14.995950,15.056570,15.000000,1253.00,6.2650,-0.056570
15.005990,15.060341,15.000000,1253.00,6.2650,-0.060341
15.015981,15.064161,15.000000,1253.00,6.2650,-0.064161
15.026095,15.068091,15.000000,1253.00,6.2650,-0.068091
15.036131,15.072208,15.000000,1253.00,6.2650,-0.072208
15.046233,15.076427,15.000000,1253.00,6.2650,-0.076427
15.056187,15.080691,15.000000,1253.00,6.2650,-0.080691
15.066350,15.084737,15.000000,1253.00,6.2650,-0.084737
15.076256,15.088368,15.000000,1253.00,6.2650,-0.088368
15.086321,15.092007,15.000000,1253.00,6.2650,-0.092007
15.096556,15.095583,15.000000,1253.00,6.2650,-0.095583
15.106469,15.099041,15.000000,1253.00,6.2650,-0.099041
15.116506,15.102338,15.000000,1253.00,6.2650,-0.102338
15.126528,15.105625,15.000000,1253.00,6.2650,-0.105625
15.136572,15.108780,15.000000,1253.00,6.2650,-0.108780
15.146736,15.111760,15.000000,1253.00,6.2650,-0.111760
15.156778,15.114688,15.000000,1253.00,6.2650,-0.114688
15.166915,15.117404,15.000000,1253.00,6.2650,-0.117404
15.176852,15.119991,15.000000,1253.00,6.2650,-0.119991
15.186912,15.122475,15.000000,1253.00,6.2650,-0.122475
15.197051,15.124758,15.000000,1253.00,6.2650,-0.124758
15.206951,15.126716,15.000000,1253.00,6.2650,-0.126716
15.217041,15.128613,15.000000,1253.00,6.2650,-0.128613
15.227096,15.130357,15.000000,1253.00,6.2650,-0.130357
15.237206,15.131780,15.000000,1253.00,6.2650,-0.131780
15.247279,15.133133,15.000000,1253.00,6.2650,-0.133133
15.257263,15.134286,15.000000,1253.00,6.2650,-0.134286
15.267246,15.135353,15.000000,1253.00,6.2650,-0.135353
15.277304,15.136350,15.000000,1253.00,6.2650,-0.136350
15.287417,15.137481,15.000000,1253.00,6.2650,-0.137481
15.297515,15.138686,15.000000,1253.00,6.2650,-0.138686
15.307479,15.139722,15.000000,1253.00,6.2650,-0.139722
15.317520,15.140599,15.000000,1253.00,6.2650,-0.140599
15.327567,15.141466,15.000000,1253.00,6.2650,-0.141466
15.337645,15.142147,15.000000,1253.00,6.2650,-0.142147
15.347728,15.142741,15.000000,1253.00,6.2650,-0.142741
15.357713,15.142994,15.000000,1253.00,6.2650,-0.142994
15.367617,15.143182,15.000000,1253.00,6.2650,-0.143182
15.377658,15.143129,15.000000,1253.00,6.2650,-0.143129
15.387739,15.143107,15.000000,1253.00,6.2650,-0.143107
15.397945,15.142840,15.000000,1253.00,6.2650,-0.142840
15.407864,15.142463,15.000000,1253.00,6.2650,-0.142463
15.417784,15.141926,15.000000,1253.00,6.2650,-0.141926
15.427905,15.141501,15.000000,1253.00,6.2650,-0.141501
15.437953,15.140775,15.000000,1253.00,6.2650,-0.140775
15.448032,15.140082,15.000000,1253.00,6.2650,-0.140082
15.458065,15.138955,15.000000,1253.00,6.2650,-0.138955
15.468025,15.137665,15.000000,1253.00,6.2650,-0.137665
15.478089,15.136420,15.000000,1253.00,6.2650,-0.136420
15.488167,15.135045,15.000000,1253.00,6.2650,-0.135045
15.498261,15.133581,15.000000,1253.00,6.2650,-0.133581
15.508356,15.131775,15.000000,1253.00,6.2650,-0.131775
15.518239,15.129685,15.000000,1253.00,6.2650,-0.129685
15.528337,15.127427,15.000000,1253.00,6.2650,-0.127427
15.538338,15.125028,15.000000,1253.00,6.2650,-0.125028
15.548393,15.122385,15.000000,1253.00,6.2650,-0.122385
15.558515,15.119526,15.000000,1253.00,6.2650,-0.119526
15.568507,15.116484,15.000000,1253.00,6.2650,-0.116484
15.578505,15.113416,15.000000,1253.00,6.2650,-0.113416
15.588600,15.110163,15.000000,1253.00,6.2650,-0.110163
15.598603,15.107017,15.000000,1253.00,6.2650,-0.107017
15.608710,15.103825,15.000000,1253.00,6.2650,-0.103825
15.618706,15.100411,15.000000,1253.00,6.2650,-0.100411
15.628738,15.097139,15.000000,1253.00,6.2650,-0.097139
15.638780,15.093797,15.000000,1253.00,6.2650,-0.093797
15.648834,15.090595,15.000000,1253.00,6.2650,-0.090595
15.658907,15.087514,15.000000,1253.00,6.2650,-0.087514
15.668883,15.084661,15.000000,1253.00,6.2650,-0.084661
15.678919,15.081982,15.000000,1253.00,6.2650,-0.081982
15.689018,15.079388,15.000000,1253.00,6.2650,-0.079388
15.699002,15.076993,15.000000,1253.00,6.2650,-0.076993
15.709166,15.074616,15.000000,1253.00,6.2650,-0.074616
15.719117,15.072371,15.000000,1253.00,6.2650,-0.072371
15.729068,15.070340,15.000000,1253.00,6.2650,-0.070340
15.739176,15.068266,15.000000,1253.00,6.2650,-0.068266
15.749168,15.066160,15.000000,1253.00,6.2650,-0.066160
15.759376,15.064233,15.000000,1253.00,6.2650,-0.064233
15.769339,15.062619,15.000000,1253.00,6.2650,-0.062619
15.779435,15.061199,15.000000,1253.00,6.2650,-0.061199
15.789426,15.059849,15.000000,1253.00,6.2650,-0.059849
15.799417,15.058612,15.000000,1253.00,6.2650,-0.058612
15.809622,15.057629,15.000000,1253.00,6.2650,-0.057629
15.819570,15.056829,15.000000,1253.00,6.2650,-0.056829
15.829608,15.055919,15.000000,1253.00,6.2650,-0.055919
15.839699,15.054955,15.000000,1253.00,6.2650,-0.054955
15.849804,15.053893,15.000000,1253.00,6.2650,-0.053893
15.859846,15.052955,15.000000,1253.00,6.2650,-0.052955
15.869747,15.051919,15.000000,1253.00,6.2650,-0.051919
15.879779,15.051127,15.000000,1253.00,6.2650,-0.051127
15.889864,15.050329,15.000000,1253.00,6.2650,-0.050329
15.899840,15.049575,15.000000,1253.00,6.2650,-0.049575
15.909908,15.048855,15.000000,1253.00,6.2650,-0.048855
15.919967,15.048238,15.000000,1253.00,6.2650,-0.048238
15.930010,15.047575,15.000000,1253.00,6.2650,-0.047575
15.940051,15.046985,15.000000,1253.00,6.2650,-0.046985
15.950053,15.046222,15.000000,1253.00,6.2650,-0.046222
15.960125,15.045381,15.000000,1253.00,6.2650,-0.045381
15.970166,15.044736,15.000000,1253.00,6.2650,-0.044736
15.980298,15.044184,15.000000,1253.00,6.2650,-0.044184
15.990350,15.043803,15.000000,1253.00,6.2650,-0.043803
16.000319,15.043353,15.000000,1253.00,6.2650,-0.043353
16.010356,15.042976,15.000000,1253.00,6.2650,-0.042976
16.020407,15.042750,15.000000,1253.00,6.2650,-0.042750
16.030489,15.042409,15.000000,1253.00,6.2650,-0.042409
16.040469,15.042271,15.000000,1253.00,6.2650,-0.042271
16.050468,15.042039,15.000000,1253.00,6.2650,-0.042039
16.060567,15.041793,15.000000,1253.00,6.2650,-0.041793
16.070591,15.041494,15.000000,1253.00,6.2650,-0.041494
16.080650,15.041269,15.000000,1253.00,6.2650,-0.041269
16.090666,15.041227,15.000000,1253.00,6.2650,-0.041227
16.100608,15.041283,15.000000,1253.00,6.2650,-0.041283
16.110834,15.041596,15.000000,1253.00,6.2650,-0.041596
16.120848,15.041908,15.000000,1253.00,6.2650,-0.041908
16.130918,15.042275,15.000000,1253.00,6.2650,-0.042275
16.140870,15.042621,15.000000,1253.00,6.2650,-0.042621
16.150846,15.042948,15.000000,1253.00,6.2650,-0.042948
16.161009,15.043248,15.000000,1253.00,6.2650,-0.043248
16.171077,15.043499,15.000000,1253.00,6.2650,-0.043499
16.181072,15.043975,15.000000,1253.00,6.2650,-0.043975
16.191116,15.044527,15.000000,1253.00,6.2650,-0.044527
16.201050,15.044958,15.000000,1253.00,6.2650,-0.044958
16.211136,15.045531,15.000000,1253.00,6.2650,-0.045531
16.221234,15.045920,15.000000,1253.00,6.2650,-0.045920
16.231260,15.046146,15.000000,1253.00,6.2650,-0.046146
16.241261,15.046585,15.000000,1253.00,6.2650,-0.046585
16.251272,15.046849,15.000000,1253.00,6.2650,-0.046849
16.261448,15.047311,15.000000,1253.00,6.2650,-0.047311
16.271477,15.047622,15.000000,1253.00,6.2650,-0.047622
16.281468,15.047867,15.000000,1253.00,6.2650,-0.047867
16.291548,15.047951,15.000000,1253.00,6.2650,-0.047951
16.301567,15.048115,15.000000,1253.00,6.2650,-0.048115
16.311777,15.048251,15.000000,1253.00,6.2650,-0.048251
16.321748,15.048279,15.000000,1253.00,6.2650,-0.048279
16.331753,15.048070,15.000000,1253.00,6.2650,-0.048070
16.341825,15.048058,15.000000,1253.00,6.2650,-0.048058
16.351792,15.048168,15.000000,1253.00,6.2650,-0.048168
16.361924,15.048601,15.000000,1253.00,6.2650,-0.048601
16.371897,15.049077,15.000000,1253.00,6.2650,-0.049077
16.381924,15.049504,15.000000,1253.00,6.2650,-0.049504
16.392024,15.049727,15.000000,1253.00,6.2650,-0.049727
16.401941,15.049894,15.000000,1253.00,6.2650,-0.049894
16.412122,15.049855,15.000000,1253.00,6.2650,-0.049855
16.422133,15.049602,15.000000,1253.00,6.2650,-0.049602
16.432146,15.049192,15.000000,1253.00,6.2650,-0.049192
16.442271,15.048919,15.000000,1253.00,6.2650,-0.048919
16.452195,15.048464,15.000000,1253.00,6.2650,-0.048464
16.462269,15.047992,15.000000,1253.00,6.2650,-0.047992
16.472314,15.047736,15.000000,1253.00,6.2650,-0.047736
16.482377,15.047660,15.000000,1253.00,6.2650,-0.047660
16.492459,15.047743,15.000000,1253.00,6.2650,-0.047743
16.502492,15.047989,15.000000,1253.00,6.2650,-0.047989
16.512636,15.048246,15.000000,1253.00,6.2650,-0.048246
16.522607,15.048557,15.000000,1253.00,6.2650,-0.048557
16.532817,15.048938,15.000000,1253.00,6.2650,-0.048938
16.542710,15.049251,15.000000,1253.00,6.2650,-0.049251
16.552766,15.049301,15.000000,1253.00,6.2650,-0.049301
16.562795,15.049430,15.000000,1253.00,6.2650,-0.049430
16.572832,15.049319,15.000000,1253.00,6.2650,-0.049319
16.582973,15.049207,15.000000,1253.00,6.2650,-0.049207
16.593029,15.049196,15.000000,1253.00,6.2650,-0.049196
16.603050,15.049136,15.000000,1253.00,6.2650,-0.049136
16.613064,15.048935,15.000000,1253.00,6.2650,-0.048935
16.623087,15.048663,15.000000,1253.00,6.2650,-0.048663
16.633207,15.048406,15.000000,1253.00,6.2650,-0.048406
16.643252,15.047861,15.000000,1253.00,6.2650,-0.047861
16.653326,15.047609,15.000000,1253.00,6.2650,-0.047609
16.663271,15.047588,15.000000,1253.00,6.2650,-0.047588
16.673303,15.047468,15.000000,1253.00,6.2650,-0.047468
16.683331,15.047286,15.000000,1253.00,6.2650,-0.047286
16.693517,15.047119,15.000000,1253.00,6.2650,-0.047119
16.703476,15.047165,15.000000,1253.00,6.2650,-0.047165
16.713607,15.047171,15.000000,1253.00,6.2650,-0.047171
16.723566,15.047086,15.000000,1253.00,6.2650,-0.047086
16.733558,15.046860,15.000000,1253.00,6.2650,-0.046860
16.743624,15.046336,15.000000,1253.00,6.2650,-0.046336
16.753683,15.045670,15.000000,1253.00,6.2650,-0.045670
16.763852,15.044843,15.000000,1253.00,6.2650,-0.044843
16.773758,15.044075,15.000000,1253.00,6.2650,-0.044075
16.783739,15.043276,15.000000,1253.00,6.2650,-0.043276
16.793894,15.042446,15.000000,1253.00,6.2650,-0.042446
16.803823,15.041670,15.000000,1253.00,6.2650,-0.041670
16.814008,15.040943,15.000000,1253.00,6.2650,-0.040943
16.823999,15.040075,15.000000,1253.00,6.2650,-0.040075
16.833912,15.039091,15.000000,1253.00,6.2650,-0.039091
16.844042,15.038128,15.000000,1253.00,6.2650,-0.038128
16.854079,15.036980,15.000000,1253.00,6.2650,-0.036980
16.864098,15.035734,15.000000,1253.00,6.2650,-0.035734
16.874139,15.034690,15.000000,1253.00,6.2650,-0.034690
16.884109,15.033580,15.000000,1253.00,6.2650,-0.033580
16.894362,15.032338,15.000000,1253.00,6.2650,-0.032338
16.904248,15.030951,15.000000,1253.00,6.2650,-0.030951
16.914268,15.029531,15.000000,1253.00,6.2650,-0.029531
16.924324,15.027776,15.000000,1253.00,6.2650,-0.027776
16.934313,15.025960,15.000000,1253.00,6.2650,-0.025960
16.944371,15.024186,15.000000,1253.00,6.2650,-0.024186
16.954436,15.022643,15.000000,1253.00,6.2650,-0.022643
16.964458,15.021166,15.000000,1253.00,6.2650,-0.021166
16.974472,15.019565,15.000000,1253.00,6.2650,-0.019565
16.984478,15.018142,15.000000,1253.00,6.2650,-0.018142
16.994642,15.016666,15.000000,1253.00,6.2650,-0.016666
17.004633,15.015195,15.000000,1253.00,6.2650,-0.015195
17.014746,15.013726,15.000000,1253.00,6.2650,-0.013726
17.024737,15.012233,15.000000,1253.00,6.2650,-0.012233
17.034689,15.010727,15.000000,1253.00,6.2650,-0.010727
17.044870,15.009501,15.000000,1253.00,6.2650,-0.009501
17.054858,15.008206,15.000000,1253.00,6.2650,-0.008206
17.064910,15.006960,15.000000,1253.00,6.2650,-0.006960
17.074952,15.006009,15.000000,1253.00,6.2650,-0.006009
17.084916,15.005136,15.000000,1253.00,6.2650,-0.005136
17.095025,15.004491,15.000000,1253.00,6.2650,-0.004491
17.105078,15.003884,15.000000,1253.00,6.2650,-0.003884
17.115108,15.003249,15.000000,1253.00,6.2650,-0.003249
17.125131,15.002783,15.000000,1253.00,6.2650,-0.002783
17.135100,15.002611,15.000000,1253.00,6.2650,-0.002611
17.145268,15.002535,15.000000,1253.00,6.2650,-0.002535
17.155313,15.002299,15.000000,1253.00,6.2650,-0.002299
17.165289,15.001948,15.000000,1253.00,6.2650,-0.001948
17.175352,15.001640,15.000000,1253.00,6.2650,-0.001640
17.185374,15.001430,15.000000,1253.00,6.2650,-0.001430
17.195504,15.001355,15.000000,1253.00,6.2650,-0.001355
17.205656,15.001514,15.000000,1253.00,6.2650,-0.001514
17.215646,15.001643,15.000000,1253.00,6.2650,-0.001643
17.225680,15.001985,15.000000,1253.00,6.2650,-0.001985
17.235720,15.002398,15.000000,1253.00,6.2650,-0.002398
17.245663,15.003025,15.000000,1253.00,6.2650,-0.003025
17.255742,15.003870,15.000000,1253.00,6.2650,-0.003870
17.265883,15.004844,15.000000,1253.00,6.2650,-0.004844
17.275920,15.005912,15.000000,1253.00,6.2650,-0.005912
17.285904,15.006866,15.000000,1253.00,6.2650,-0.006866
17.296195,15.007684,15.000000,1253.00,6.2650,-0.007684
17.305980,15.008534,15.000000,1253.00,6.2650,-0.008534
17.316019,15.009565,15.000000,1253.00,6.2650,-0.009565
17.325998,15.010804,15.000000,1253.00,6.2650,-0.010804
17.336080,15.012153,15.000000,1253.00,6.2650,-0.012153
17.346125,15.013735,15.000000,1253.00,6.2650,-0.013735
17.356159,15.015474,15.000000,1253.00,6.2650,-0.015474
17.366167,15.017280,15.000000,1253.00,6.2650,-0.017280
17.376162,15.019247,15.000000,1253.00,6.2650,-0.019247
17.386295,15.021269,15.000000,1253.00,6.2650,-0.021269
17.396504,15.023459,15.000000,1253.00,6.2650,-0.023459
17.406407,15.025923,15.000000,1253.00,6.2650,-0.025923
17.416550,15.028247,15.000000,1253.00,6.2650,-0.028247
17.426434,15.030679,15.000000,1253.00,6.2650,-0.030679
17.436562,15.033188,15.000000,1253.00,6.2650,-0.033188
17.446774,15.035805,15.000000,1253.00,6.2650,-0.035805
17.456662,15.038433,15.000000,1253.00,6.2650,-0.038433
17.466680,15.040968,15.000000,1253.00,6.2650,-0.040968
17.476735,15.043295,15.000000,1253.00,6.2650,-0.043295
17.486791,15.045540,15.000000,1253.00,6.2650,-0.045540
17.496858,15.047952,15.000000,1253.00,6.2650,-0.047952
17.506849,15.050175,15.000000,1253.00,6.2650,-0.050175
17.516876,15.052496,15.000000,1253.00,6.2650,-0.052496
17.526867,15.054739,15.000000,1253.00,6.2650,-0.054739
17.536952,15.056921,15.000000,1253.00,6.2650,-0.056921
17.547230,15.059181,15.000000,1253.00,6.2650,-0.059181
17.557137,15.061182,15.000000,1253.00,6.2650,-0.061182
17.567117,15.063408,15.000000,1253.00,6.2650,-0.063408
17.577140,15.065590,15.000000,1253.00,6.2650,-0.065590
17.587216,15.067437,15.000000,1253.00,6.2650,-0.067437
17.597414,15.069159,15.000000,1253.00,6.2650,-0.069159
17.607395,15.070874,15.000000,1253.00,6.2650,-0.070874
17.617339,15.072409,15.000000,1253.00,6.2650,-0.072409
17.627370,15.073493,15.000000,1253.00,6.2650,-0.073493
17.637445,15.074540,15.000000,1253.00,6.2650,-0.074540
17.647606,15.075446,15.000000,1253.00,6.2650,-0.075446
17.657547,15.076089,15.000000,1253.00,6.2650,-0.076089
17.667498,15.076573,15.000000,1253.00,6.2650,-0.076573
17.677736,15.077058,15.000000,1253.00,6.2650,-0.077058
17.687747,15.077490,15.000000,1253.00,6.2650,-0.077490
17.697747,15.078086,15.000000,1253.00,6.2650,-0.078086
17.707863,15.078313,15.000000,1253.00,6.2650,-0.078313
17.717791,15.078621,15.000000,1253.00,6.2650,-0.078621
17.727902,15.078850,15.000000,1253.00,6.2650,-0.078850
17.737952,15.078892,15.000000,1253.00,6.2650,-0.078892
17.747984,15.078574,15.000000,1253.00,6.2650,-0.078574
17.758095,15.078336,15.000000,1253.00,6.2650,-0.078336
17.768029,15.077945,15.000000,1253.00,6.2650,-0.077945
17.778109,15.077559,15.000000,1253.00,6.2650,-0.077559
17.788208,15.077315,15.000000,1253.00,6.2650,-0.077315
17.798280,15.077062,15.000000,1253.00,6.2650,-0.077062
17.808356,15.076795,15.000000,1253.00,6.2650,-0.076795
17.818253,15.076586,15.000000,1253.00,6.2650,-0.076586
17.828325,15.076438,15.000000,1253.00,6.2650,-0.076438
17.838403,15.076540,15.000000,1253.00,6.2650,-0.076540
17.848456,15.076650,15.000000,1253.00,6.2650,-0.076650
17.858515,15.076801,15.000000,1253.00,6.2650,-0.076801
17.868476,15.076749,15.000000,1253.00,6.2650,-0.076749
17.878544,15.076684,15.000000,1253.00,6.2650,-0.076684
17.888585,15.076476,15.000000,1253.00,6.2650,-0.076476
17.898590,15.076510,15.000000,1253.00,6.2650,-0.076510
17.908699,15.076359,15.000000,1253.00,6.2650,-0.076359
17.918674,15.076204,15.000000,1253.00,6.2650,-0.076204
17.928741,15.075875,15.000000,1253.00,6.2650,-0.075875
17.938718,15.075371,15.000000,1253.00,6.2650,-0.075371
17.948980,15.074730,15.000000,1253.00,6.2650,-0.074730
17.959076,15.073985,15.000000,1253.00,6.2650,-0.073985
17.969048,15.072864,15.000000,1253.00,6.2650,-0.072864
17.979162,15.071711,15.000000,1253.00,6.2650,-0.071711
17.989056,15.070567,15.000000,1253.00,6.2650,-0.070567
17.999108,15.069391,15.000000,1253.00,6.2650,-0.069391
18.009182,15.068209,15.000000,1253.00,6.2650,-0.068209
18.019248,15.066850,15.000000,1253.00,6.2650,-0.066850
18.029235,15.065460,15.000000,1253.00,6.2650,-0.065460
18.039345,15.064023,15.000000,1253.00,6.2650,-0.064023
18.049393,15.062770,15.000000,1253.00,6.2650,-0.062770
18.059429,15.061318,15.000000,1253.00,6.2650,-0.061318
18.069481,15.059700,15.000000,1253.00,6.2650,-0.059700
18.079556,15.057826,15.000000,1253.00,6.2650,-0.057826
18.089590,15.055905,15.000000,1253.00,6.2650,-0.055905
18.099612,15.053754,15.000000,1253.00,6.2650,-0.053754
18.109758,15.051740,15.000000,1253.00,6.2650,-0.051740
18.119738,15.049666,15.000000,1253.00,6.2650,-0.049666
18.129894,15.047743,15.000000,1253.00,6.2650,-0.047743
18.139865,15.045743,15.000000,1253.00,6.2650,-0.045743
18.149823,15.043623,15.000000,1253.00,6.2650,-0.043623
18.159997,15.041737,15.000000,1253.00,6.2650,-0.041737
18.169969,15.039873,15.000000,1253.00,6.2650,-0.039873
18.180099,15.037862,15.000000,1253.00,6.2650,-0.037862
18.190046,15.035729,15.000000,1253.00,6.2650,-0.035729
18.200027,15.033652,15.000000,1253.00,6.2650,-0.033652
18.210094,15.031628,15.000000,1253.00,6.2650,-0.031628
18.220178,15.029664,15.000000,1253.00,6.2650,-0.029664
18.230243,15.027994,15.000000,1253.00,6.2650,-0.027994
18.240204,15.026259,15.000000,1253.00,6.2650,-0.026259
18.250191,15.024602,15.000000,1253.00,6.2650,-0.024602
18.260362,15.023144,15.000000,1253.00,6.2650,-0.023144
18.270354,15.021820,15.000000,1253.00,6.2650,-0.021820
18.280504,15.020392,15.000000,1253.00,6.2650,-0.020392
18.290672,15.019063,15.000000,1253.00,6.2650,-0.019063
18.300514,15.017998,15.000000,1253.00,6.2650,-0.017998
18.310654,15.016990,15.000000,1253.00,6.2650,-0.016990
18.320666,15.015874,15.000000,1253.00,6.2650,-0.015874
18.330805,15.014820,15.000000,1253.00,6.2650,-0.014820
18.340666,15.013876,15.000000,1253.00,6.2650,-0.013876
18.350658,15.013040,15.000000,1253.00,6.2650,-0.013040
18.360888,15.012236,15.000000,1253.00,6.2650,-0.012236
18.370893,15.011419,15.000000,1253.00,6.2650,-0.011419
18.380936,15.010534,15.000000,1253.00,6.2650,-0.010534
18.390928,15.009688,15.000000,1253.00,6.2650,-0.009688
18.400893,15.009180,15.000000,1253.00,6.2650,-0.009180
18.410983,15.008973,15.000000,1253.00,6.2650,-0.008973
18.421104,15.008744,15.000000,1253.00,6.2650,-0.008744
18.431049,15.008296,15.000000,1253.00,6.2650,-0.008296
18.441108,15.008121,15.000000,1253.00,6.2650,-0.008121
18.451154,15.007957,15.000000,1253.00,6.2650,-0.007957
18.461151,15.008074,15.000000,1253.00,6.2650,-0.008074
18.471200,15.008341,15.000000,1253.00,6.2650,-0.008341
18.481296,15.008856,15.000000,1253.00,6.2650,-0.008856
18.491356,15.009485,15.000000,1253.00,6.2650,-0.009485
18.501365,15.010318,15.000000,1253.00,6.2650,-0.010318
18.511684,15.011013,15.000000,1253.00,6.2650,-0.011013
18.521475,15.011571,15.000000,1253.00,6.2650,-0.011571
18.531505,15.012364,15.000000,1253.00,6.2650,-0.012364
18.541581,15.013264,15.000000,1253.00,6.2650,-0.013264
18.551567,15.014296,15.000000,1253.00,6.2650,-0.014296
18.561720,15.015524,15.000000,1253.00,6.2650,-0.015524
18.571739,15.016698,15.000000,1253.00,6.2650,-0.016698
18.581806,15.018042,15.000000,1253.00,6.2650,-0.018042
18.591847,15.019632,15.000000,1253.00,6.2650,-0.019632
18.601793,15.021499,15.000000,1253.00,6.2650,-0.021499
18.611925,15.023452,15.000000,1253.00,6.2650,-0.023452
18.621976,15.025381,15.000000,1253.00,6.2650,-0.025381
18.632166,15.027410,15.000000,1253.00,6.2650,-0.027410
18.642138,15.029529,15.000000,1253.00,6.2650,-0.029529
18.652050,15.031771,15.000000,1253.00,6.2650,-0.031771
18.662236,15.033864,15.000000,1253.00,6.2650,-0.033864
18.672249,15.036000,15.000000,1253.00,6.2650,-0.036000
18.682384,15.038325,15.000000,1253.00,6.2650,-0.038325
18.692382,15.040732,15.000000,1253.00,6.2650,-0.040732
18.702469,15.042945,15.000000,1253.00,6.2650,-0.042945
18.712493,15.045261,15.000000,1253.00,6.2650,-0.045261
18.722461,15.047653,15.000000,1253.00,6.2650,-0.047653
18.732553,15.050084,15.000000,1253.00,6.2650,-0.050084
18.742538,15.052532,15.000000,1253.00,6.2650,-0.052532
18.752603,15.054972,15.000000,1253.00,6.2650,-0.054972
18.762751,15.057081,15.000000,1253.00,6.2650,-0.057081
18.772708,15.059283,15.000000,1253.00,6.2650,-0.059283
18.782816,15.061507,15.000000,1253.00,6.2650,-0.061507
18.792843,15.063649,15.000000,1253.00,6.2650,-0.063649
18.802938,15.065871,15.000000,1253.00,6.2650,-0.065871
18.813234,15.068003,15.000000,1253.00,6.2650,-0.068003
18.822997,15.070018,15.000000,1253.00,6.2650,-0.070018
18.833026,15.071817,15.000000,1253.00,6.2650,-0.071817
18.843064,15.073378,15.000000,1253.00,6.2650,-0.073378
18.853126,15.074966,15.000000,1253.00,6.2650,-0.074966
18.863236,15.076423,15.000000,1253.00,6.2650,-0.076423
18.873186,15.077886,15.000000,1253.00,6.2650,-0.077886
18.883229,15.079144,15.000000,1253.00,6.2650,-0.079144
18.893300,15.080247,15.000000,1253.00,6.2650,-0.080247
18.903352,15.081387,15.000000,1253.00,6.2650,-0.081387
18.913576,15.082147,15.000000,1253.00,6.2650,-0.082147
18.923404,15.082722,15.000000,1253.00,6.2650,-0.082722
18.933438,15.083320,15.000000,1253.00,6.2650,-0.083320
18.943574,15.083799,15.000000,1253.00,6.2650,-0.083799
18.953555,15.084143,15.000000,1253.00,6.2650,-0.084143
18.963612,15.084682,15.000000,1253.00,6.2650,-0.084682
18.973608,15.085261,15.000000,1253.00,6.2650,-0.085261
18.983588,15.085684,15.000000,1253.00,6.2650,-0.085684
18.993709,15.086011,15.000000,1253.00,6.2650,-0.086011
19.003775,15.086339,15.000000,1253.00,6.2650,-0.086339
19.013848,15.086472,15.000000,1253.00,6.2650,-0.086472
19.023891,15.086369,15.000000,1253.00,6.2650,-0.086369
19.033848,15.086128,15.000000,1253.00,6.2650,-0.086128
19.044009,15.085772,15.000000,1253.00,6.2650,-0.085772
19.053997,15.085330,15.000000,1253.00,6.2650,-0.085330
19.064106,15.084990,15.000000,1253.00,6.2650,-0.084990
19.074124,15.084525,15.000000,1253.00,6.2650,-0.084525
19.084043,15.083871,15.000000,1253.00,6.2650,-0.083871
19.094205,15.083176,15.000000,1253.00,6.2650,-0.083176
19.104193,15.082512,15.000000,1253.00,6.2650,-0.082512
19.114327,15.081766,15.000000,1253.00,6.2650,-0.081766
19.124305,15.080934,15.000000,1253.00,6.2650,-0.080934
19.134271,15.080078,15.000000,1253.00,6.2650,-0.080078
19.144405,15.079193,15.000000,1253.00,6.2650,-0.079193
19.154431,15.078239,15.000000,1253.00,6.2650,-0.078239
19.164441,15.077437,15.000000,1253.00,6.2650,-0.077437
19.174446,15.076584,15.000000,1253.00,6.2650,-0.076584
19.184476,15.075823,15.000000,1253.00,6.2650,-0.075823
19.194496,15.075031,15.000000,1253.00,6.2650,-0.075031
19.204598,15.074434,15.000000,1253.00,6.2650,-0.074434
19.214601,15.073662,15.000000,1253.00,6.2650,-0.073662
19.224627,15.072864,15.000000,1253.00,6.2650,-0.072864
19.234682,15.072122,15.000000,1253.00,6.2650,-0.072122
19.244729,15.071455,15.000000,1253.00,6.2650,-0.071455
19.254769,15.070401,15.000000,1253.00,6.2650,-0.070401
19.264815,15.069202,15.000000,1253.00,6.2650,-0.069202
19.274822,15.068028,15.000000,1253.00,6.2650,-0.068028
19.284881,15.066850,15.000000,1253.00,6.2650,-0.066850
19.294913,15.065359,15.000000,1253.00,6.2650,-0.065359
19.304939,15.063644,15.000000,1253.00,6.2650,-0.063644
19.315018,15.061950,15.000000,1253.00,6.2650,-0.061950
19.325024,15.060526,15.000000,1253.00,6.2650,-0.060526
19.335105,15.059166,15.000000,1253.00,6.2650,-0.059166
19.345187,15.057796,15.000000,1253.00,6.2650,-0.057796
19.355178,15.056232,15.000000,1253.00,6.2650,-0.056232
19.365199,15.054519,15.000000,1253.00,6.2650,-0.054519
19.375251,15.052982,15.000000,1253.00,6.2650,-0.052982
19.385265,15.051170,15.000000,1253.00,6.2650,-0.051170
19.395355,15.049196,15.000000,1253.00,6.2650,-0.049196
19.405349,15.047178,15.000000,1253.00,6.2650,-0.047178
19.415427,15.045105,15.000000,1253.00,6.2650,-0.045105
19.425447,15.043131,15.000000,1253.00,6.2650,-0.043131
19.435508,15.041186,15.000000,1253.00,6.2650,-0.041186
19.445576,15.039400,15.000000,1253.00,6.2650,-0.039400
19.455625,15.037621,15.000000,1253.00,6.2650,-0.037621
19.465629,15.035766,15.000000,1253.00,6.2650,-0.035766
19.475626,15.034128,15.000000,1253.00,6.2650,-0.034128
19.485692,15.032525,15.000000,1253.00,6.2650,-0.032525
19.495808,15.031101,15.000000,1253.00,6.2650,-0.031101
19.505751,15.029314,15.000000,1253.00,6.2650,-0.029314
19.515757,15.027426,15.000000,1253.00,6.2650,-0.027426
19.525865,15.025621,15.000000,1253.00,6.2650,-0.025621
19.535902,15.023870,15.000000,1253.00,6.2650,-0.023870
19.546019,15.022173,15.000000,1253.00,6.2650,-0.022173
19.555976,15.020663,15.000000,1253.00,6.2650,-0.020663
19.565989,15.019283,15.000000,1253.00,6.2650,-0.019283
19.576029,15.017981,15.000000,1253.00,6.2650,-0.017981
19.586105,15.016715,15.000000,1253.00,6.2650,-0.016715
19.596471,15.015553,15.000000,1253.00,6.2650,-0.015553
19.606294,15.014554,15.000000,1253.00,6.2650,-0.014554
19.616276,15.013837,15.000000,1253.00,6.2650,-0.013837
19.626298,15.013290,15.000000,1253.00,6.2650,-0.013290
19.636372,15.013079,15.000000,1253.00,6.2650,-0.013079
19.646479,15.012848,15.000000,1253.00,6.2650,-0.012848
19.656543,15.012600,15.000000,1253.00,6.2650,-0.012600
19.666488,15.012573,15.000000,1253.00,6.2650,-0.012573
19.676431,15.012473,15.000000,1253.00,6.2650,-0.012473
19.686554,15.012454,15.000000,1253.00,6.2650,-0.012454
19.696643,15.012290,15.000000,1253.00,6.2650,-0.012290
19.706685,15.012109,15.000000,1253.00,6.2650,-0.012109
19.716662,15.012063,15.000000,1253.00,6.2650,-0.012063
19.726670,15.012074,15.000000,1253.00,6.2650,-0.012074
19.736715,15.012293,15.000000,1253.00,6.2650,-0.012293
19.746989,15.012426,15.000000,1253.00,6.2650,-0.012426
19.756876,15.012678,15.000000,1253.00,6.2650,-0.012678
19.766842,15.013263,15.000000,1253.00,6.2650,-0.013263
19.776869,15.014064,15.000000,1253.00,6.2650,-0.014064
19.786992,15.015088,15.000000,1253.00,6.2650,-0.015088
19.797089,15.016263,15.000000,1253.00,6.2650,-0.016263
19.807109,15.017495,15.000000,1253.00,6.2650,-0.017495
19.817058,15.018801,15.000000,1253.00,6.2650,-0.018801
19.827119,15.020103,15.000000,1253.00,6.2650,-0.020103
19.837175,15.021259,15.000000,1253.00,6.2650,-0.021259
19.847333,15.022439,15.000000,1253.00,6.2650,-0.022439
19.857257,15.023641,15.000000,1253.00,6.2650,-0.023641
19.867235,15.024758,15.000000,1253.00,6.2650,-0.024758
19.877280,15.026005,15.000000,1253.00,6.2650,-0.026005
19.887392,15.027067,15.000000,1253.00,6.2650,-0.027067
19.897431,15.028472,15.000000,1253.00,6.2650,-0.028472
19.907477,15.029947,15.000000,1253.00,6.2650,-0.029947
19.917450,15.031429,15.000000,1253.00,6.2650,-0.031429
19.927505,15.032991,15.000000,1253.00,6.2650,-0.032991
19.937558,15.034310,15.000000,1253.00,6.2650,-0.034310
19.947576,15.035521,15.000000,1253.00,6.2650,-0.035521
19.957661,15.036636,15.000000,1253.00,6.2650,-0.036636
19.967660,15.037796,15.000000,1253.00,6.2650,-0.037796
19.977632,15.039063,15.000000,1253.00,6.2650,-0.039063
19.987729,15.040380,15.000000,1253.00,6.2650,-0.040380
19.997760,15.041484,15.000000,1253.00,6.2650,-0.041484
20.007844,15.042357,15.000000,1253.00,6.2650,-0.042357
20.017816,15.043288,15.000000,1253.00,6.2650,-0.043288
20.027836,15.044088,15.000000,1253.00,6.2650,-0.044088
20.037919,15.045115,15.000000,1253.00,6.2650,-0.045115
20.047930,15.046080,15.000000,1253.00,6.2650,-0.046080
20.058124,15.047012,15.000000,1253.00,6.2650,-0.047012
20.068096,15.047872,15.000000,1253.00,6.2650,-0.047872
20.078148,15.048803,15.000000,1253.00,6.2650,-0.048803
20.088204,15.049624,15.000000,1253.00,6.2650,-0.049624
20.098233,15.050541,15.000000,1253.00,6.2650,-0.050541
20.108315,15.051694,15.000000,1253.00,6.2650,-0.051694
20.118360,15.052932,15.000000,1253.00,6.2650,-0.052932
20.128319,15.054052,15.000000,1253.00,6.2650,-0.054052
20.138417,15.055347,15.000000,1253.00,6.2650,-0.055347
20.148493,15.056687,15.000000,1253.00,6.2650,-0.056687
20.158562,15.058060,15.000000,1253.00,6.2650,-0.058060
20.168586,15.059448,15.000000,1253.00,6.2650,-0.059448
20.178671,15.060712,15.000000,1253.00,6.2650,-0.060712
20.188710,15.062007,15.000000,1253.00,6.2650,-0.062007
20.198677,15.063115,15.000000,1253.00,6.2650,-0.063115
20.208860,15.063872,15.000000,1253.00,6.2650,-0.063872
20.218797,15.064713,15.000000,1253.00,6.2650,-0.064713
20.228947,15.065772,15.000000,1253.00,6.2650,-0.065772
20.238860,15.066895,15.000000,1253.00,6.2650,-0.066895
20.248993,15.067956,15.000000,1253.00,6.2650,-0.067956
20.259023,15.068980,15.000000,1253.00,6.2650,-0.068980
20.269001,15.069962,15.000000,1253.00,6.2650,-0.069962
20.279002,15.070933,15.000000,1253.00,6.2650,-0.070933
20.289063,15.071974,15.000000,1253.00,6.2650,-0.071974
20.299156,15.073057,15.000000,1253.00,6.2650,-0.073057
20.309146,15.074072,15.000000,1253.00,6.2650,-0.074072
20.319204,15.074854,15.000000,1253.00,6.2650,-0.074854
20.329166,15.075736,15.000000,1253.00,6.2650,-0.075736
20.339212,15.076549,15.000000,1253.00,6.2650,-0.076549
20.349225,15.077431,15.000000,1253.00,6.2650,-0.077431
20.359446,15.078273,15.000000,1253.00,6.2650,-0.078273
20.369366,15.079270,15.000000,1253.00,6.2650,-0.079270
20.379571,15.080353,15.000000,1253.00,6.2650,-0.080353
20.389521,15.081443,15.000000,1253.00,6.2650,-0.081443
20.399524,15.082460,15.000000,1253.00,6.2650,-0.082460
20.409620,15.083442,15.000000,1253.00,6.2650,-0.083442
20.419643,15.084277,15.000000,1253.00,6.2650,-0.084277
20.429689,15.085055,15.000000,1253.00,6.2650,-0.085055
20.439681,15.085922,15.000000,1253.00,6.2650,-0.085922
20.449601,15.086858,15.000000,1253.00,6.2650,-0.086858
20.459832,15.087757,15.000000,1253.00,6.2650,-0.087757
20.469800,15.088429,15.000000,1253.00,6.2650,-0.088429
20.479823,15.089253,15.000000,1253.00,6.2650,-0.089253
20.489843,15.089896,15.000000,1253.00,6.2650,-0.089896
20.499819,15.090414,15.000000,1253.00,6.2650,-0.090414
20.510026,15.090926,15.000000,1253.00,6.2650,-0.090926
20.520016,15.091445,15.000000,1253.00,6.2650,-0.091445
20.530081,15.092178,15.000000,1253.00,6.2650,-0.092178
20.540138,15.093017,15.000000,1253.00,6.2650,-0.093017
20.550063,15.093728,15.000000,1253.00,6.2650,-0.093728
20.560338,15.094333,15.000000,1253.00,6.2650,-0.094333
20.570296,15.094876,15.000000,1253.00,6.2650,-0.094876
20.580302,15.095344,15.000000,1253.00,6.2650,-0.095344
20.590324,15.095712,15.000000,1253.00,6.2650,-0.095712
20.600297,15.095827,15.000000,1253.00,6.2650,-0.095827
20.610400,15.095940,15.000000,1253.00,6.2650,-0.095940
20.620400,15.096086,15.000000,1253.00,6.2650,-0.096086
20.630413,15.096004,15.000000,1253.00,6.2650,-0.096004
20.640438,15.095795,15.000000,1253.00,6.2650,-0.095795
20.650482,15.095599,15.000000,1253.00,6.2650,-0.095599
20.660474,15.095127,15.000000,1253.00,6.2650,-0.095127
20.670579,15.094507,15.000000,1253.00,6.2650,-0.094507
20.680586,15.094022,15.000000,1253.00,6.2650,-0.094022
20.690700,15.093328,15.000000,1253.00,6.2650,-0.093328
20.700709,15.092509,15.000000,1253.00,6.2650,-0.092509
20.710792,15.091546,15.000000,1253.00,6.2650,-0.091546
20.720834,15.090489,15.000000,1253.00,6.2650,-0.090489
20.730854,15.089454,15.000000,1253.00,6.2650,-0.089454
20.740860,15.088286,15.000000,1253.00,6.2650,-0.088286
20.750840,15.087335,15.000000,1253.00,6.2650,-0.087335
20.761037,15.086463,15.000000,1253.00,6.2650,-0.086463
20.771010,15.085644,15.000000,1253.00,6.2650,-0.085644
20.780993,15.084717,15.000000,1253.00,6.2650,-0.084717
20.791075,15.083858,15.000000,1253.00,6.2650,-0.083858
20.801059,15.082837,15.000000,1253.00,6.2650,-0.082837
20.811194,15.082003,15.000000,1253.00,6.2650,-0.082003
20.821226,15.081229,15.000000,1253.00,6.2650,-0.081229
20.831235,15.080410,15.000000,1253.00,6.2650,-0.080410
20.841301,15.079607,15.000000,1253.00,6.2650,-0.079607
20.851354,15.078698,15.000000,1253.00,6.2650,-0.078698
20.861448,15.077834,15.000000,1253.00,6.2650,-0.077834
20.871442,15.077226,15.000000,1253.00,6.2650,-0.077226
20.881545,15.076870,15.000000,1253.00,6.2650,-0.076870
20.891479,15.076561,15.000000,1253.00,6.2650,-0.076561
20.901515,15.076090,15.000000,1253.00,6.2650,-0.076090
20.911580,15.075724,15.000000,1253.00,6.2650,-0.075724
20.921629,15.075318,15.000000,1253.00,6.2650,-0.075318
20.931641,15.075010,15.000000,1253.00,6.2650,-0.075010
20.941713,15.074475,15.000000,1253.00,6.2650,-0.074475
20.951729,15.074038,15.000000,1253.00,6.2650,-0.074038
20.961676,15.073440,15.000000,1253.00,6.2650,-0.073440
20.971782,15.072715,15.000000,1253.00,6.2650,-0.072715
20.981808,15.072176,15.000000,1253.00,6.2650,-0.072176
20.991839,15.071914,15.000000,1253.00,6.2650,-0.071914
21.001929,15.071396,15.000000,1253.00,6.2650,-0.071396
21.011999,15.070793,15.000000,1253.00,6.2650,-0.070793
21.022005,15.070144,15.000000,1253.00,6.2650,-0.070144
21.032062,15.069236,15.000000,1253.00,6.2650,-0.069236
21.042120,15.068313,15.000000,1253.00,6.2650,-0.068313
21.052239,15.067591,15.000000,1253.00,6.2650,-0.067591
21.062271,15.066881,15.000000,1253.00,6.2650,-0.066881
21.072228,15.066181,15.000000,1253.00,6.2650,-0.066181
21.082274,15.065586,15.000000,1253.00,6.2650,-0.065586
21.092369,15.064948,15.000000,1253.00,6.2650,-0.064948
21.102340,15.064275,15.000000,1253.00,6.2650,-0.064275
21.112603,15.063729,15.000000,1253.00,6.2650,-0.063729
21.122487,15.062992,15.000000,1253.00,6.2650,-0.062992
21.132476,15.062437,15.000000,1253.00,6.2650,-0.062437
21.142543,15.061816,15.000000,1253.00,6.2650,-0.061816
21.152599,15.061336,15.000000,1253.00,6.2650,-0.061336
21.162745,15.060976,15.000000,1253.00,6.2650,-0.060976
21.172653,15.060597,15.000000,1253.00,6.2650,-0.060597
21.182628,15.060223,15.000000,1253.00,6.2650,-0.060223
21.192705,15.060022,15.000000,1253.00,6.2650,-0.060022
21.202682,15.059902,15.000000,1253.00,6.2650,-0.059902
21.212798,15.060051,15.000000,1253.00,6.2650,-0.060051
21.222733,15.060419,15.000000,1253.00,6.2650,-0.060419
21.232748,15.060939,15.000000,1253.00,6.2650,-0.060939
21.242916,15.061216,15.000000,1253.00,6.2650,-0.061216
21.252911,15.061668,15.000000,1253.00,6.2650,-0.061668
21.263101,15.062195,15.000000,1253.00,6.2650,-0.062195
21.273006,15.062737,15.000000,1253.00,6.2650,-0.062737
21.282968,15.063042,15.000000,1253.00,6.2650,-0.063042
21.293147,15.063259,15.000000,1253.00,6.2650,-0.063259
21.303199,15.063246,15.000000,1253.00,6.2650,-0.063246
21.313245,15.063131,15.000000,1253.00,6.2650,-0.063131
21.323269,15.063025,15.000000,1253.00,6.2650,-0.063025
21.333281,15.062828,15.000000,1253.00,6.2650,-0.062828
21.343332,15.062830,15.000000,1253.00,6.2650,-0.062830
21.353404,15.063055,15.000000,1253.00,6.2650,-0.063055
21.363490,15.063227,15.000000,1253.00,6.2650,-0.063227
21.373464,15.063371,15.000000,1253.00,6.2650,-0.063371
21.383435,15.063683,15.000000,1253.00,6.2650,-0.063683
21.393597,15.063918,15.000000,1253.00,6.2650,-0.063918
21.403608,15.064270,15.000000,1253.00,6.2650,-0.064270
21.413643,15.064666,15.000000,1253.00,6.2650,-0.064666
21.423686,15.065165,15.000000,1253.00,6.2650,-0.065165
21.433602,15.065649,15.000000,1253.00,6.2650,-0.065649
21.443715,15.066180,15.000000,1253.00,6.2650,-0.066180
21.453781,15.066662,15.000000,1253.00,6.2650,-0.066662
21.463775,15.067120,15.000000,1253.00,6.2650,-0.067120
21.473834,15.067711,15.000000,1253.00,6.2650,-0.067711
21.483798,15.068429,15.000000,1253.00,6.2650,-0.068429
21.493930,15.069119,15.000000,1253.00,6.2650,-0.069119
21.504050,15.069704,15.000000,1253.00,6.2650,-0.069704
21.513982,15.070347,15.000000,1253.00,6.2650,-0.070347
21.524045,15.071020,15.000000,1253.00,6.2650,-0.071020
21.534072,15.071796,15.000000,1253.00,6.2650,-0.071796
21.544109,15.072658,15.000000,1253.00,6.2650,-0.072658
21.554209,15.073456,15.000000,1253.00,6.2650,-0.073456
21.564198,15.074435,15.000000,1253.00,6.2650,-0.074435
21.574227,15.075466,15.000000,1253.00,6.2650,-0.075466
21.584274,15.076547,15.000000,1253.00,6.2650,-0.076547
21.594347,15.077443,15.000000,1253.00,6.2650,-0.077443
21.604430,15.078543,15.000000,1253.00,6.2650,-0.078543
21.614439,15.079816,15.000000,1253.00,6.2650,-0.079816
21.624592,15.081003,15.000000,1253.00,6.2650,-0.081003
21.634560,15.082190,15.000000,1253.00,6.2650,-0.082190
21.644619,15.083521,15.000000,1253.00,6.2650,-0.083521
21.654603,15.084957,15.000000,1253.00,6.2650,-0.084957
21.664606,15.086486,15.000000,1253.00,6.2650,-0.086486
21.674729,15.088143,15.000000,1253.00,6.2650,-0.088143
21.684772,15.089834,15.000000,1253.00,6.2650,-0.089834
21.694833,15.091466,15.000000,1253.00,6.2650,-0.091466
21.704795,15.093049,15.000000,1253.00,6.2650,-0.093049
21.714890,15.094554,15.000000,1253.00,6.2650,-0.094554
21.724858,15.096116,15.000000,1253.00,6.2650,-0.096116
21.734961,15.097694,15.000000,1253.00,6.2650,-0.097694
21.745018,15.099223,15.000000,1253.00,6.2650,-0.099223
21.755032,15.100517,15.000000,1253.00,6.2650,-0.100517
21.765187,15.101541,15.000000,1253.00,6.2650,-0.101541
21.775141,15.102543,15.000000,1253.00,6.2650,-0.102543
21.785249,15.103515,15.000000,1253.00,6.2650,-0.103515
21.795262,15.104199,15.000000,1253.00,6.2650,-0.104199
21.805309,15.104949,15.000000,1253.00,6.2650,-0.104949
21.815406,15.105848,15.000000,1253.00,6.2650,-0.105848
21.825335,15.106816,15.000000,1253.00,6.2650,-0.106816
21.835427,15.107764,15.000000,1253.00,6.2650,-0.107764
21.845522,15.108730,15.000000,1253.00,6.2650,-0.108730
21.855633,15.109561,15.000000,1253.00,6.2650,-0.109561
21.865588,15.110218,15.000000,1253.00,6.2650,-0.110218
21.875571,15.110855,15.000000,1253.00,6.2650,-0.110855
21.885645,15.111407,15.000000,1253.00,6.2650,-0.111407
21.895796,15.111711,15.000000,1253.00,6.2650,-0.111711
21.905783,15.111894,15.000000,1253.00,6.2650,-0.111894
21.915780,15.111958,15.000000,1253.00,6.2650,-0.111958
21.925738,15.111894,15.000000,1253.00,6.2650,-0.111894
21.935915,15.112014,15.000000,1253.00,6.2650,-0.112014
21.946069,15.112101,15.000000,1253.00,6.2650,-0.112101
21.955957,15.112139,15.000000,1253.00,6.2650,-0.112139
21.965957,15.112031,15.000000,1253.00,6.2650,-0.112031
21.975987,15.111875,15.000000,1253.00,6.2650,-0.111875
21.986088,15.111680,15.000000,1253.00,6.2650,-0.111680
21.996129,15.111470,15.000000,1253.00,6.2650,-0.111470
22.006207,15.111393,15.000000,1253.00,6.2650,-0.111393
22.016167,15.111334,15.000000,1253.00,6.2650,-0.111334
22.026225,15.111171,15.000000,1253.00,6.2650,-0.111171
22.036360,15.110871,15.000000,1253.00,6.2650,-0.110871
22.046412,15.110716,15.000000,1253.00,6.2650,-0.110716
22.056505,15.110162,15.000000,1253.00,6.2650,-0.110162
22.066431,15.109444,15.000000,1253.00,6.2650,-0.109444
22.076559,15.108698,15.000000,1253.00,6.2650,-0.108698
22.086636,15.107868,15.000000,1253.00,6.2650,-0.107868
22.096670,15.107086,15.000000,1253.00,6.2650,-0.107086
22.106822,15.106256,15.000000,1253.00,6.2650,-0.106256
22.116712,15.105503,15.000000,1253.00,6.2650,-0.105503
22.126803,15.104727,15.000000,1253.00,6.2650,-0.104727
22.136873,15.103923,15.000000,1253.00,6.2650,-0.103923
22.146992,15.102981,15.000000,1253.00,6.2650,-0.102981
22.157004,15.102023,15.000000,1253.00,6.2650,-0.102023
22.166935,15.100958,15.000000,1253.00,6.2650,-0.100958
22.176932,15.099682,15.000000,1253.00,6.2650,-0.099682
22.187104,15.098126,15.000000,1253.00,6.2650,-0.098126
22.197086,15.096759,15.000000,1253.00,6.2650,-0.096759
22.207133,15.095081,15.000000,1253.00,6.2650,-0.095081
22.217089,15.093506,15.000000,1253.00,6.2650,-0.093506
22.227156,15.091953,15.000000,1253.00,6.2650,-0.091953
22.237246,15.090372,15.000000,1253.00,6.2650,-0.090372
22.247347,15.088850,15.000000,1253.00,6.2650,-0.088850
22.257371,15.087402,15.000000,1253.00,6.2650,-0.087402
22.267409,15.085953,15.000000,1253.00,6.2650,-0.085953
22.277328,15.084395,15.000000,1253.00,6.2650,-0.084395
22.287529,15.083009,15.000000,1253.00,6.2650,-0.083009
22.297573,15.081615,15.000000,1253.00,6.2650,-0.081615
22.307692,15.080423,15.000000,1253.00,6.2650,-0.080423
22.317709,15.079320,15.000000,1253.00,6.2650,-0.079320
22.327672,15.078319,15.000000,1253.00,6.2650,-0.078319
22.337696,15.077262,15.000000,1253.00,6.2650,-0.077262
22.347679,15.076442,15.000000,1253.00,6.2650,-0.076442
22.357725,15.075507,15.000000,1253.00,6.2650,-0.075507
22.367751,15.074447,15.000000,1253.00,6.2650,-0.074447
22.377795,15.073563,15.000000,1253.00,6.2650,-0.073563
22.387847,15.072697,15.000000,1253.00,6.2650,-0.072697
22.397852,15.071873,15.000000,1253.00,6.2650,-0.071873
22.408067,15.071060,15.000000,1253.00,6.2650,-0.071060
22.418030,15.070513,15.000000,1253.00,6.2650,-0.070513
22.427993,15.070103,15.000000,1253.00,6.2650,-0.070103
22.438086,15.069908,15.000000,1253.00,6.2650,-0.069908
22.448127,15.069809,15.000000,1253.00,6.2650,-0.069809
22.458133,15.069738,15.000000,1253.00,6.2650,-0.069738
22.468238,15.069617,15.000000,1253.00,6.2650,-0.069617
22.478420,15.069567,15.000000,1253.00,6.2650,-0.069567
22.488306,15.069744,15.000000,1253.00,6.2650,-0.069744
22.498353,15.069974,15.000000,1253.00,6.2650,-0.069974
22.508533,15.070277,15.000000,1253.00,6.2650,-0.070277
22.518490,15.070418,15.000000,1253.00,6.2650,-0.070418
22.528490,15.070536,15.000000,1253.00,6.2650,-0.070536
22.538559,15.070874,15.000000,1253.00,6.2650,-0.070874
22.548566,15.071297,15.000000,1253.00,6.2650,-0.071297
22.558807,15.071769,15.000000,1253.00,6.2650,-0.071769
22.568696,15.072115,15.000000,1253.00,6.2650,-0.072115
22.578722,15.072443,15.000000,1253.00,6.2650,-0.072443
22.588765,15.073000,15.000000,1253.00,6.2650,-0.073000
22.598784,15.073547,15.000000,1253.00,6.2650,-0.073547
22.608772,15.074221,15.000000,1253.00,6.2650,-0.074221
22.618941,15.074726,15.000000,1253.00,6.2650,-0.074726
22.628965,15.075275,15.000000,1253.00,6.2650,-0.075275
22.639037,15.075888,15.000000,1253.00,6.2650,-0.075888
22.648952,15.076548,15.000000,1253.00,6.2650,-0.076548
22.659138,15.077229,15.000000,1253.00,6.2650,-0.077229
22.669125,15.077851,15.000000,1253.00,6.2650,-0.077851
22.679119,15.078450,15.000000,1253.00,6.2650,-0.078450
22.689212,15.078970,15.000000,1253.00,6.2650,-0.078970
22.699165,15.079427,15.000000,1253.00,6.2650,-0.079427
22.709415,15.079954,15.000000,1253.00,6.2650,-0.079954
22.719374,15.080654,15.000000,1253.00,6.2650,-0.080654
22.729361,15.081198,15.000000,1253.00,6.2650,-0.081198
22.739430,15.081918,15.000000,1253.00,6.2650,-0.081918
22.749386,15.082805,15.000000,1253.00,6.2650,-0.082805
22.759515,15.083852,15.000000,1253.00,6.2650,-0.083852
22.769663,15.085016,15.000000,1253.00,6.2650,-0.085016
22.779582,15.086204,15.000000,1253.00,6.2650,-0.086204
22.789670,15.087397,15.000000,1253.00,6.2650,-0.087397
22.799603,15.088480,15.000000,1253.00,6.2650,-0.088480
22.809899,15.089688,15.000000,1253.00,6.2650,-0.089688
22.819788,15.090817,15.000000,1253.00,6.2650,-0.090817
22.829775,15.092157,15.000000,1253.00,6.2650,-0.092157
22.839834,15.093565,15.000000,1253.00,6.2650,-0.093565
22.849809,15.095008,15.000000,1253.00,6.2650,-0.095008
22.859978,15.096609,15.000000,1253.00,6.2650,-0.096609
22.870106,15.098250,15.000000,1253.00,6.2650,-0.098250
22.880092,15.099619,15.000000,1253.00,6.2650,-0.099619
22.890083,15.100982,15.000000,1253.00,6.2650,-0.100982
22.900058,15.102335,15.000000,1253.00,6.2650,-0.102335
22.910110,15.103650,15.000000,1253.00,6.2650,-0.103650
22.920151,15.105101,15.000000,1253.00,6.2650,-0.105101
22.930176,15.106492,15.000000,1253.00,6.2650,-0.106492
22.940151,15.107816,15.000000,1253.00,6.2650,-0.107816
22.950199,15.109126,15.000000,1253.00,6.2650,-0.109126
22.960281,15.110399,15.000000,1253.00,6.2650,-0.110399
22.970324,15.111607,15.000000,1253.00,6.2650,-0.111607
22.980317,15.112784,15.000000,1253.00,6.2650,-0.112784
22.990398,15.113983,15.000000,1253.00,6.2650,-0.113983
23.000436,15.114994,15.000000,1253.00,6.2650,-0.114994
23.010490,15.115861,15.000000,1253.00,6.2650,-0.115861
23.020566,15.116717,15.000000,1253.00,6.2650,-0.116717
23.030573,15.117608,15.000000,1253.00,6.2650,-0.117608
23.040607,15.118566,15.000000,1253.00,6.2650,-0.118566
23.050687,15.119475,15.000000,1253.00,6.2650,-0.119475
23.060713,15.120377,15.000000,1253.00,6.2650,-0.120377
23.070722,15.121389,15.000000,1253.00,6.2650,-0.121389
23.080813,15.122393,15.000000,1253.00,6.2650,-0.122393
23.090736,15.123251,15.000000,1253.00,6.2650,-0.123251
23.100781,15.124109,15.000000,1253.00,6.2650,-0.124109
23.110859,15.124988,15.000000,1253.00,6.2650,-0.124988
23.120885,15.125856,15.000000,1253.00,6.2650,-0.125856
23.130982,15.126586,15.000000,1253.00,6.2650,-0.126586
23.140994,15.126929,15.000000,1253.00,6.2650,-0.126929
23.151030,15.127192,15.000000,1253.00,6.2650,-0.127192
23.161109,15.127379,15.000000,1253.00,6.2650,-0.127379
23.171132,15.127414,15.000000,1253.00,6.2650,-0.127414
23.181149,15.127562,15.000000,1253.00,6.2650,-0.127562
23.191268,15.127723,15.000000,1253.00,6.2650,-0.127723
23.201275,15.127728,15.000000,1253.00,6.2650,-0.127728
23.211328,15.127722,15.000000,1253.00,6.2650,-0.127722
23.221362,15.127767,15.000000,1253.00,6.2650,-0.127767
23.231409,15.127777,15.000000,1253.00,6.2650,-0.127777
23.241418,15.127728,15.000000,1253.00,6.2650,-0.127728
23.251444,15.127655,15.000000,1253.00,6.2650,-0.127655
23.261593,15.127310,15.000000,1253.00,6.2650,-0.127310
23.271563,15.126969,15.000000,1253.00,6.2650,-0.126969
23.281628,15.126745,15.000000,1253.00,6.2650,-0.126745
23.291664,15.126498,15.000000,1253.00,6.2650,-0.126498
23.301668,15.126190,15.000000,1253.00,6.2650,-0.126190
23.311675,15.125964,15.000000,1253.00,6.2650,-0.125964
23.321723,15.125653,15.000000,1253.00,6.2650,-0.125653
23.331743,15.125308,15.000000,1253.00,6.2650,-0.125308
23.341790,15.124958,15.000000,1253.00,6.2650,-0.124958
23.351826,15.124661,15.000000,1253.00,6.2650,-0.124661
23.362120,15.124282,15.000000,1253.00,6.2650,-0.124282
23.371955,15.123910,15.000000,1253.00,6.2650,-0.123910
23.381925,15.123634,15.000000,1253.00,6.2650,-0.123634
23.392020,15.123378,15.000000,1252.00,6.2600,-0.123378
23.402051,15.122960,15.000000,1252.00,6.2600,-0.122960
23.412143,15.122408,15.000000,1252.00,6.2600,-0.122408
23.422153,15.121861,15.000000,1253.00,6.2650,-0.121861
23.432129,15.121344,15.000000,1252.00,6.2600,-0.121344
23.442215,15.120790,15.000000,1252.00,6.2600,-0.120790
23.452331,15.120032,15.000000,1252.00,6.2600,-0.120032
23.462394,15.119206,15.000000,1253.00,6.2650,-0.119206
23.472341,15.118152,15.000000,1253.00,6.2650,-0.118152
23.482328,15.117170,15.000000,1253.00,6.2650,-0.117170
23.492461,15.116280,15.000000,1253.00,6.2650,-0.116280
23.502440,15.115537,15.000000,1252.00,6.2600,-0.115537
23.512710,15.114801,15.000000,1252.00,6.2600,-0.114801
23.522540,15.113951,15.000000,1252.00,6.2600,-0.113951
23.532522,15.112997,15.000000,1252.00,6.2600,-0.112997
23.542784,15.111965,15.000000,1252.00,6.2600,-0.111965
23.552703,15.110902,15.000000,1252.00,6.2600,-0.110902
23.562660,15.109881,15.000000,1252.00,6.2600,-0.109881
23.572698,15.108905,15.000000,1252.00,6.2600,-0.108905
23.582613,15.108005,15.000000,1252.00,6.2600,-0.108005
23.592756,15.107127,15.000000,1252.00,6.2600,-0.107127
23.602680,15.106093,15.000000,1252.00,6.2600,-0.106093
23.612663,15.105186,15.000000,1252.00,6.2600,-0.105186
23.622726,15.104218,15.000000,1252.00,6.2600,-0.104218
23.632696,15.103380,15.000000,1252.00,6.2600,-0.103380
23.642860,15.102716,15.000000,1252.00,6.2600,-0.102716
23.652883,15.101952,15.000000,1252.00,6.2600,-0.101952
23.662878,15.101178,15.000000,1252.00,6.2600,-0.101178
23.672913,15.100525,15.000000,1252.00,6.2600,-0.100525
23.682912,15.100022,15.000000,1252.00,6.2600,-0.100022
23.693050,15.099625,15.000000,1252.00,6.2600,-0.099625
23.703066,15.099398,15.000000,1252.00,6.2600,-0.099398
23.713055,15.099234,15.000000,1252.00,6.2600,-0.099234
23.723140,15.099139,15.000000,1252.00,6.2600,-0.099139
23.733128,15.099168,15.000000,1252.00,6.2600,-0.099168
23.743238,15.099286,15.000000,1252.00,6.2600,-0.099286
23.753268,15.099293,15.000000,1252.00,6.2600,-0.099293
23.763317,15.099185,15.000000,1252.00,6.2600,-0.099185
23.773381,15.099077,15.000000,1252.00,6.2600,-0.099077
23.783356,15.098971,15.000000,1252.00,6.2600,-0.098971
23.793443,15.098819,15.000000,1252.00,6.2600,-0.098819
23.803471,15.098730,15.000000,1252.00,6.2600,-0.098730
23.813497,15.098708,15.000000,1252.00,6.2600,-0.098708
23.823553,15.098575,15.000000,1252.00,6.2600,-0.098575
23.833523,15.098530,15.000000,1252.00,6.2600,-0.098530
23.843628,15.098590,15.000000,1252.00,6.2600,-0.098590
23.853633,15.098722,15.000000,1252.00,6.2600,-0.098722
23.863868,15.098863,15.000000,1252.00,6.2600,-0.098863
23.873714,15.098723,15.000000,1252.00,6.2600,-0.098723
23.883773,15.098560,15.000000,1252.00,6.2600,-0.098560
23.893800,15.098198,15.000000,1252.00,6.2600,-0.098198
23.903816,15.097526,15.000000,1252.00,6.2600,-0.097526
23.913834,15.096730,15.000000,1252.00,6.2600,-0.096730
23.923921,15.095891,15.000000,1252.00,6.2600,-0.095891
23.933924,15.094919,15.000000,1252.00,6.2600,-0.094919
23.944099,15.093765,15.000000,1252.00,6.2600,-0.093765
23.954095,15.092707,15.000000,1252.00,6.2600,-0.092707
23.964177,15.091602,15.000000,1252.00,6.2600,-0.091602
23.974134,15.090358,15.000000,1252.00,6.2600,-0.090358
23.984178,15.089123,15.000000,1252.00,6.2600,-0.089123
23.994189,15.087648,15.000000,1252.00,6.2600,-0.087648
24.004258,15.086217,15.000000,1252.00,6.2600,-0.086217
24.014317,15.084871,15.000000,1252.00,6.2600,-0.084871
24.024355,15.083471,15.000000,1252.00,6.2600,-0.083471
24.034387,15.082029,15.000000,1252.00,6.2600,-0.082029
24.044409,15.080496,15.000000,1252.00,6.2600,-0.080496
24.054496,15.078808,15.000000,1252.00,6.2600,-0.078808
24.064502,15.077029,15.000000,1252.00,6.2600,-0.077029
24.074550,15.075138,15.000000,1252.00,6.2600,-0.075138
24.084616,15.073037,15.000000,1252.00,6.2600,-0.073037
24.094707,15.070721,15.000000,1252.00,6.2600,-0.070721
24.104713,15.068452,15.000000,1252.00,6.2600,-0.068452
24.114720,15.066136,15.000000,1252.00,6.2600,-0.066136
24.124747,15.063798,15.000000,1252.00,6.2600,-0.063798
24.134849,15.061437,15.000000,1252.00,6.2600,-0.061437
24.145074,15.058987,15.000000,1252.00,6.2600,-0.058987
24.154918,15.056395,15.000000,1252.00,6.2600,-0.056395
24.164936,15.053865,15.000000,1252.00,6.2600,-0.053865
24.174994,15.051152,15.000000,1252.00,6.2600,-0.051152
24.185079,15.048290,15.000000,1252.00,6.2600,-0.048290
24.195108,15.045324,15.000000,1252.00,6.2600,-0.045324
24.205219,15.042106,15.000000,1252.00,6.2600,-0.042106
24.215116,15.038808,15.000000,1252.00,6.2600,-0.038808
24.225153,15.035313,15.000000,1252.00,6.2600,-0.035313
24.235235,15.031596,15.000000,1252.00,6.2600,-0.031596
24.245346,15.027896,15.000000,1252.00,6.2600,-0.027896
24.255419,15.024119,15.000000,1252.00,6.2600,-0.024119
24.265314,15.020385,15.000000,1253.00,6.2650,-0.020385
24.275597,15.016649,15.000000,1253.00,6.2650,-0.016649
24.285523,15.012979,15.000000,1253.00,6.2650,-0.012979
24.295630,15.009372,15.000000,1252.00,6.2600,-0.009372
24.305648,15.005813,15.000000,1252.00,6.2600,-0.005813
24.315627,15.002324,15.000000,1252.00,6.2600,-0.002324
24.325694,14.998914,15.000000,1252.00,6.2600,0.001086
24.335775,14.995472,15.000000,1252.00,6.2600,0.004528
24.345838,14.991907,15.000000,1252.00,6.2600,0.008093
24.355905,14.988353,15.000000,1253.00,6.2650,0.011647
24.365897,14.984665,15.000000,1253.00,6.2650,0.015335
24.376027,14.981073,15.000000,1253.00,6.2650,0.018927
24.386058,14.977456,15.000000,1253.00,6.2650,0.022544
24.396149,14.973854,15.000000,1253.00,6.2650,0.026146
24.406196,14.970469,15.000000,1253.00,6.2650,0.029531
24.416209,14.967244,15.000000,1253.00,6.2650,0.032756
24.426323,14.963959,15.000000,1252.00,6.2600,0.036041
24.436368,14.960503,15.000000,1252.00,6.2600,0.039497
24.446390,14.956959,15.000000,1253.00,6.2650,0.043041
24.456505,14.953625,15.000000,1253.00,6.2650,0.046375
24.466470,14.950447,15.000000,1253.00,6.2650,0.049553
24.476636,14.947456,15.000000,1253.00,6.2650,0.052544
24.486739,14.944453,15.000000,1252.00,6.2600,0.055547
24.496704,14.941679,15.000000,1252.00,6.2600,0.058321
24.506827,14.938994,15.000000,1252.00,6.2600,0.061006
24.516769,14.936286,15.000000,1252.00,6.2600,0.063714
24.526982,14.933862,15.000000,1252.00,6.2600,0.066138
24.537073,14.931569,15.000000,1252.00,6.2600,0.068431
24.546966,14.929211,15.000000,1252.00,6.2600,0.070789
24.557070,14.926978,15.000000,1252.00,6.2600,0.073022
24.566995,14.924970,15.000000,1252.00,6.2600,0.075030
24.577032,14.923143,15.000000,1252.00,6.2600,0.076857
24.587214,14.921470,15.000000,1252.00,6.2600,0.078530
24.597194,14.919949,15.000000,1252.00,6.2600,0.080051
24.607248,14.918627,15.000000,1252.00,6.2600,0.081373
24.617324,14.917399,15.000000,1252.00,6.2600,0.082601
24.627370,14.916222,15.000000,1252.00,6.2600,0.083778
24.637357,14.915287,15.000000,1252.00,6.2600,0.084713
24.647476,14.914541,15.000000,1252.00,6.2600,0.085459
24.657462,14.914056,15.000000,1252.00,6.2600,0.085944
24.667515,14.913785,15.000000,1252.00,6.2600,0.086215
24.677557,14.913688,15.000000,1252.00,6.2600,0.086312
24.687599,14.913571,15.000000,1252.00,6.2600,0.086429
24.697706,14.913724,15.000000,1252.00,6.2600,0.086276
24.707671,14.914073,15.000000,1252.00,6.2600,0.085927
24.717746,14.914520,15.000000,1252.00,6.2600,0.085480
24.727772,14.915180,15.000000,1252.00,6.2600,0.084820
24.737687,14.916142,15.000000,1252.00,6.2600,0.083858
24.747757,14.917216,15.000000,1252.00,6.2600,0.082784
24.757842,14.918364,15.000000,1252.00,6.2600,0.081636
24.767912,14.919652,15.000000,1252.00,6.2600,0.080348
24.777964,14.921096,15.000000,1252.00,6.2600,0.078904
24.787997,14.922744,15.000000,1252.00,6.2600,0.077256
24.797965,14.924426,15.000000,1252.00,6.2600,0.075574
24.808175,14.926211,15.000000,1252.00,6.2600,0.073789
24.818150,14.928167,15.000000,1252.00,6.2600,0.071833
24.828316,14.930347,15.000000,1252.00,6.2600,0.069653
24.838223,14.932810,15.000000,1252.00,6.2600,0.067190
24.848193,14.935530,15.000000,1252.00,6.2600,0.064470
24.858241,14.938432,15.000000,1252.00,6.2600,0.061568
24.868335,14.941488,15.000000,1252.00,6.2600,0.058512
24.878422,14.944774,15.000000,1252.00,6.2600,0.055226
24.888424,14.948191,15.000000,1252.00,6.2600,0.051809
24.898338,14.951778,15.000000,1252.00,6.2600,0.048222
24.908519,14.955559,15.000000,1252.00,6.2600,0.044441
24.918544,14.959311,15.000000,1252.00,6.2600,0.040689
24.928594,14.963021,15.000000,1252.00,6.2600,0.036979
24.938610,14.966902,15.000000,1252.00,6.2600,0.033098
24.948582,14.970845,15.000000,1252.00,6.2600,0.029155
24.958768,14.974649,15.000000,1252.00,6.2600,0.025351
24.968860,14.978500,15.000000,1252.00,6.2600,0.021500
24.978833,14.982222,15.000000,1252.00,6.2600,0.017778
24.988870,14.985794,15.000000,1252.00,6.2600,0.014206
