Recording_Time_s,Arm_Angle_deg,Ref_Angle_deg,PWM_Input_us,Duty_Cycle_percent,Tracking_Error_deg
0.000000,9.536100,70.000000,1000.00,5.0000,60.463900
0.009917,9.536100,70.000000,1000.00,5.0000,60.463900
0.019878,9.536100,70.000000,1000.00,5.0000,60.463900
0.029858,9.536100,70.000000,1000.00,5.0000,60.463900
0.039989,9.536100,70.000000,1000.00,5.0000,60.463900
0.050161,9.536100,70.000000,1000.00,5.0000,60.463900
0.060111,9.536100,70.000000,1000.00,5.0000,60.463900
0.070068,9.536100,70.000000,1000.00,5.0000,60.463900
0.080116,9.536100,70.000000,1000.00,5.0000,60.463900
0.090167,9.536100,70.000000,1000.00,5.0000,60.463900
0.100303,9.536100,70.000000,1000.00,5.0000,60.463900
0.110255,9.536100,70.000000,1000.00,5.0000,60.463900
0.120250,9.536100,70.000000,1000.00,5.0000,60.463900
0.130304,9.536100,70.000000,1000.00,5.0000,60.463900
0.140330,9.536100,70.000000,1000.00,5.0000,60.463900
0.150460,9.536100,70.000000,1000.00,5.0000,60.463900
0.160445,9.536100,70.000000,1000.00,5.0000,60.463900
0.170792,9.536100,70.000000,1000.00,5.0000,60.463900
0.180497,9.536100,70.000000,1000.00,5.0000,60.463900
0.190534,9.536100,70.000000,1000.00,5.0000,60.463900
0.200624,9.536100,70.000000,1000.00,5.0000,60.463900
0.210603,9.536100,70.000000,1000.00,5.0000,60.463900
0.220588,9.536100,70.000000,1000.00,5.0000,60.463900
0.230640,9.536100,70.000000,1000.00,5.0000,60.463900
0.240708,9.536100,70.000000,1000.00,5.0000,60.463900
0.250741,9.536100,70.000000,1000.00,5.0000,60.463900
0.260794,9.536100,70.000000,1000.00,5.0000,60.463900
0.270794,9.536100,70.000000,1000.00,5.0000,60.463900
0.280818,9.536100,70.000000,1000.00,5.0000,60.463900
0.290924,9.536100,70.000000,1000.00,5.0000,60.463900
0.300930,9.536100,70.000000,1000.00,5.0000,60.463900
0.311094,9.536100,70.000000,1000.00,5.0000,60.463900
0.321058,9.536100,70.000000,1000.00,5.0000,60.463900
0.331049,9.536100,70.000000,1000.00,5.0000,60.463900
0.341243,9.536100,70.000000,1000.00,5.0000,60.463900
0.351288,9.536100,70.000000,1000.00,5.0000,60.463900
0.361321,9.536100,70.000000,1000.00,5.0000,60.463900
0.371277,9.536100,70.000000,1000.00,5.0000,60.463900
0.381384,9.536100,70.000000,1000.00,5.0000,60.463900
0.391431,9.536100,70.000000,1000.00,5.0000,60.463900
0.401326,9.536100,70.000000,1000.00,5.0000,60.463900
0.411378,9.536100,70.000000,1000.00,5.0000,60.463900
0.421293,9.536100,70.000000,1000.00,5.0000,60.463900
0.431296,9.536100,70.000000,1000.00,5.0000,60.463900
0.441435,9.536100,70.000000,1000.00,5.0000,60.463900
0.451360,9.536100,70.000000,1000.00,5.0000,60.463900
0.461444,9.536100,70.000000,1000.00,5.0000,60.463900
0.471468,9.536100,70.000000,1000.00,5.0000,60.463900
0.481479,9.536100,70.000000,1000.00,5.0000,60.463900
0.491567,9.536100,70.000000,1000.00,5.0000,60.463900
0.501537,9.536100,70.000000,1000.00,5.0000,60.463900
0.511621,9.536100,70.000000,1000.00,5.0000,60.463900
0.521663,9.536100,70.000000,1000.00,5.0000,60.463900
0.531680,9.536100,70.000000,1000.00,5.0000,60.463900
0.541808,9.536100,70.000000,1000.00,5.0000,60.463900
0.551759,9.536100,70.000000,1000.00,5.0000,60.463900
0.561898,9.536100,70.000000,1000.00,5.0000,60.463900
0.571972,9.536100,70.000000,1000.00,5.0000,60.463900
0.581972,9.536100,70.000000,1000.00,5.0000,60.463900
0.592119,9.536100,70.000000,1000.00,5.0000,60.463900
0.602029,9.536100,70.000000,1000.00,5.0000,60.463900
0.612077,9.536100,70.000000,1000.00,5.0000,60.463900
0.622159,9.536100,70.000000,1000.00,5.0000,60.463900
0.632170,9.536100,70.000000,1000.00,5.0000,60.463900
0.642281,9.536100,70.000000,1000.00,5.0000,60.463900
0.652331,9.536100,70.000000,1000.00,5.0000,60.463900
0.662268,9.536100,70.000000,1000.00,5.0000,60.463900
0.672335,9.536100,70.000000,1000.00,5.0000,60.463900
0.682317,9.536100,70.000000,1000.00,5.0000,60.463900
0.692399,9.536100,70.000000,1000.00,5.0000,60.463900
0.702424,9.536100,70.000000,1000.00,5.0000,60.463900
0.712459,9.536100,70.000000,1000.00,5.0000,60.463900
0.722513,9.536100,70.000000,1000.00,5.0000,60.463900
0.732617,9.536100,70.000000,1000.00,5.0000,60.463900
0.742671,9.536100,70.000000,1000.00,5.0000,60.463900
0.752628,9.536100,70.000000,1000.00,5.0000,60.463900
0.762702,9.536100,70.000000,1000.00,5.0000,60.463900
0.772786,9.536100,70.000000,1000.00,5.0000,60.463900
0.782826,9.536100,70.000000,1000.00,5.0000,60.463900
0.792880,9.536100,70.000000,1000.00,5.0000,60.463900
0.802854,9.536100,70.000000,1000.00,5.0000,60.463900
0.812961,9.536100,70.000000,1000.00,5.0000,60.463900
0.822994,9.536100,70.000000,1000.00,5.0000,60.463900
0.833062,9.536100,70.000000,1000.00,5.0000,60.463900
0.843020,9.536100,70.000000,1000.00,5.0000,60.463900
0.853015,9.536100,70.000000,1000.00,5.0000,60.463900
0.863117,9.536100,70.000000,1000.00,5.0000,60.463900
0.873201,9.536100,70.000000,1000.00,5.0000,60.463900
0.883419,9.536100,70.000000,1000.00,5.0000,60.463900
0.893302,9.536100,70.000000,1000.00,5.0000,60.463900
0.903238,9.536100,70.000000,1000.00,5.0000,60.463900
0.913340,9.536100,70.000000,1000.00,5.0000,60.463900
0.923413,9.536100,70.000000,1000.00,5.0000,60.463900
0.933566,9.536100,70.000000,1000.00,5.0000,60.463900
0.943551,9.536100,70.000000,1000.00,5.0000,60.463900
0.953465,9.536100,70.000000,1000.00,5.0000,60.463900
0.963586,9.536100,70.000000,1000.00,5.0000,60.463900
0.973658,9.536100,70.000000,1000.00,5.0000,60.463900
0.983671,9.536100,70.000000,1000.00,5.0000,60.463900
0.993764,9.536100,70.000000,1000.00,5.0000,60.463900
1.003674,9.536100,70.000000,1000.00,5.0000,60.463900
1.013768,9.536100,70.000000,1000.00,5.0000,60.463900
1.023820,9.536100,70.000000,1000.00,5.0000,60.463900
1.033915,9.536100,70.000000,1000.00,5.0000,60.463900
1.043978,9.536100,70.000000,1000.00,5.0000,60.463900
1.053839,9.536100,70.000000,1000.00,5.0000,60.463900
1.064026,9.536100,70.000000,1000.00,5.0000,60.463900
1.074022,9.536100,70.000000,1000.00,5.0000,60.463900
1.084042,9.536100,70.000000,1000.00,5.0000,60.463900
1.094153,9.536100,70.000000,1000.00,5.0000,60.463900
1.104058,9.536100,70.000000,1000.00,5.0000,60.463900
1.114162,9.536100,70.000000,1000.00,5.0000,60.463900
1.124230,9.536100,70.000000,1000.00,5.0000,60.463900
1.134356,9.536100,70.000000,1000.00,5.0000,60.463900
1.144457,9.536100,70.000000,1000.00,5.0000,60.463900
1.154389,9.536100,70.000000,1000.00,5.0000,60.463900
1.164486,9.536100,70.000000,1000.00,5.0000,60.463900
1.174561,9.536100,70.000000,1000.00,5.0000,60.463900
1.184546,9.536100,70.000000,1000.00,5.0000,60.463900
1.194628,9.536100,70.000000,1000.00,5.0000,60.463900
1.204585,9.536100,70.000000,1000.00,5.0000,60.463900
1.214626,9.536100,70.000000,1000.00,5.0000,60.463900
1.224716,9.536100,70.000000,1000.00,5.0000,60.463900
1.234743,9.536100,70.000000,1000.00,5.0000,60.463900
1.244751,9.536100,70.000000,1000.00,5.0000,60.463900
1.254780,9.536100,70.000000,1000.00,5.0000,60.463900
1.264897,9.536100,70.000000,1000.00,5.0000,60.463900
1.274910,9.536100,70.000000,1000.00,5.0000,60.463900
1.285075,9.536100,70.000000,1452.00,7.2600,60.463900
1.295032,9.536100,70.000000,1252.00,6.2600,60.463900
1.305025,9.536100,70.000000,1252.00,6.2600,60.463900
1.315109,9.536100,70.000000,1252.00,6.2600,60.463900
1.325153,9.536100,70.000000,1253.00,6.2650,60.463900
1.335197,9.536100,70.000000,1253.00,6.2650,60.463900
1.345319,9.536100,70.000000,1253.00,6.2650,60.463900
1.355270,9.536100,70.000000,1253.00,6.2650,60.463900
1.365348,9.536100,70.000000,1254.00,6.2700,60.463900
1.375339,9.536100,70.000000,1254.00,6.2700,60.463900
1.385398,9.536100,70.000000,1254.00,6.2700,60.463900
1.395452,9.536100,70.000000,1254.00,6.2700,60.463900
1.405350,9.536100,70.000000,1255.00,6.2750,60.463900
1.415451,9.536100,70.000000,1255.00,6.2750,60.463900
1.425449,9.536100,70.000000,1255.00,6.2750,60.463900
1.435598,9.536100,70.000000,1256.00,6.2800,60.463900
1.445653,9.536100,70.000000,1256.00,6.2800,60.463900
1.455661,9.536100,70.000000,1256.00,6.2800,60.463900
1.465891,9.536100,70.000000,1256.00,6.2800,60.463900
1.475784,9.536100,70.000000,1257.00,6.2850,60.463900
1.485890,9.536100,70.000000,1257.00,6.2850,60.463900
1.495918,9.536100,70.000000,1257.00,6.2850,60.463900
1.506039,9.536100,70.000000,1257.00,6.2850,60.463900
1.516113,9.536100,70.000000,1258.00,6.2900,60.463900
1.526033,9.536100,70.000000,1258.00,6.2900,60.463900
1.536112,9.536100,70.000000,1258.00,6.2900,60.463900
1.546182,9.536100,70.000000,1258.00,6.2900,60.463900
1.556163,9.536100,70.000000,1259.00,6.2950,60.463900
1.566342,9.536100,70.000000,1259.00,6.2950,60.463900
1.576295,9.536100,70.000000,1259.00,6.2950,60.463900
1.586417,9.536100,70.000000,1259.00,6.2950,60.463900
1.596411,9.536100,70.000000,1260.00,6.3000,60.463900
1.606467,9.536100,70.000000,1260.00,6.3000,60.463900
1.616617,9.536100,70.000000,1260.00,6.3000,60.463900
1.626556,9.536100,70.000000,1260.00,6.3000,60.463900
1.636541,9.536100,70.000000,1261.00,6.3050,60.463900
1.646657,9.536100,70.000000,1261.00,6.3050,60.463900
1.656707,9.536100,70.000000,1261.00,6.3050,60.463900
1.666811,9.536100,70.000000,1262.00,6.3100,60.463900
1.676833,9.536100,70.000000,1262.00,6.3100,60.463900
1.686851,9.536100,70.000000,1262.00,6.3100,60.463900
1.696863,9.536100,70.000000,1262.00,6.3100,60.463900
1.706915,9.536100,70.000000,1263.00,6.3150,60.463900
1.716965,9.536100,70.000000,1263.00,6.3150,60.463900
1.726925,9.536100,70.000000,1263.00,6.3150,60.463900
1.736926,9.536100,70.000000,1263.00,6.3150,60.463900
1.747070,9.536100,70.000000,1264.00,6.3200,60.463900
1.757018,9.536100,70.000000,1264.00,6.3200,60.463900
1.767139,9.536100,70.000000,1264.00,6.3200,60.463900
1.777162,9.536100,70.000000,1264.00,6.3200,60.463900
1.787198,9.536100,70.000000,1265.00,6.3250,60.463900
1.797205,9.536100,70.000000,1265.00,6.3250,60.463900
1.807284,9.536100,70.000000,1265.00,6.3250,60.463900
1.817317,9.536100,70.000000,1265.00,6.3250,60.463900
1.827314,9.536100,70.000000,1266.00,6.3300,60.463900
1.837320,9.536100,70.000000,1266.00,6.3300,60.463900
1.847432,9.536100,70.000000,1266.00,6.3300,60.463900
1.857409,9.536100,70.000000,1267.00,6.3350,60.463900
1.867457,9.536100,70.000000,1267.00,6.3350,60.463900
1.877471,9.536100,70.000000,1267.00,6.3350,60.463900
1.887515,9.536100,70.000000,1267.00,6.3350,60.463900
1.897702,9.536100,70.000000,1268.00,6.3400,60.463900
1.907650,9.536100,70.000000,1268.00,6.3400,60.463900
1.917624,9.536100,70.000000,1268.00,6.3400,60.463900
1.927638,9.536100,70.000000,1268.00,6.3400,60.463900
1.937714,9.536100,70.000000,1269.00,6.3450,60.463900
1.947781,9.536100,70.000000,1269.00,6.3450,60.463900
1.957803,9.536100,70.000000,1269.00,6.3450,60.463900
1.967771,9.536100,70.000000,1269.00,6.3450,60.463900
1.977822,9.536100,70.000000,1270.00,6.3500,60.463900
1.987869,9.536100,70.000000,1270.00,6.3500,60.463900
1.997972,9.536100,70.000000,1270.00,6.3500,60.463900
2.008005,9.536100,70.000000,1270.00,6.3500,60.463900
2.018050,9.536100,70.000000,1271.00,6.3550,60.463900
2.028037,9.536100,70.000000,1271.00,6.3550,60.463900
2.038005,9.536100,70.000000,1271.00,6.3550,60.463900
2.048195,9.536100,70.000000,1271.00,6.3550,60.463900
2.058153,9.536100,70.000000,1272.00,6.3600,60.463900
2.068211,9.536100,70.000000,1272.00,6.3600,60.463900
2.078178,9.536100,70.000000,1272.00,6.3600,60.463900
2.088240,9.536100,70.000000,1273.00,6.3650,60.463900
2.098641,9.536100,70.000000,1273.00,6.3650,60.463900
2.108410,9.536100,70.000000,1273.00,6.3650,60.463900
2.118435,9.536100,70.000000,1273.00,6.3650,60.463900
2.128507,9.536100,70.000000,1274.00,6.3700,60.463900
2.138562,9.536100,70.000000,1274.00,6.3700,60.463900
2.148699,9.536100,70.000000,1274.00,6.3700,60.463900
2.158563,9.536100,70.000000,1274.00,6.3700,60.463900
2.168598,9.536100,70.000000,1275.00,6.3750,60.463900
2.178632,9.536100,70.000000,1275.00,6.3750,60.463900
2.188658,9.536100,70.000000,1275.00,6.3750,60.463900
2.198823,9.536100,70.000000,1275.00,6.3750,60.463900
2.208784,9.536100,70.000000,1276.00,6.3800,60.463900
2.218911,9.536100,70.000000,1276.00,6.3800,60.463900
2.229012,9.536100,70.000000,1276.00,6.3800,60.463900
2.239043,9.536100,70.000000,1276.00,6.3800,60.463900
2.249183,9.536100,70.000000,1277.00,6.3850,60.463900
2.259087,9.536100,70.000000,1277.00,6.3850,60.463900
2.269096,9.536100,70.000000,1277.00,6.3850,60.463900
2.279143,9.536100,70.000000,1278.00,6.3900,60.463900
2.289196,9.536100,70.000000,1278.00,6.3900,60.463900
2.299545,9.536100,70.000000,1278.00,6.3900,60.463900
2.309358,9.536100,70.000000,1278.00,6.3900,60.463900
2.319333,9.536100,70.000000,1279.00,6.3950,60.463900
2.329406,9.536100,70.000000,1279.00,6.3950,60.463900
2.339509,9.536100,70.000000,1279.00,6.3950,60.463900
2.349630,9.536100,70.000000,1279.00,6.3950,60.463900
2.359530,9.536100,70.000000,1280.00,6.4000,60.463900
2.369520,9.536100,70.000000,1280.00,6.4000,60.463900
2.379596,9.536100,70.000000,1280.00,6.4000,60.463900
2.389675,9.536100,70.000000,1280.00,6.4000,60.463900
2.399852,9.536100,70.000000,1281.00,6.4050,60.463900
2.409809,9.536100,70.000000,1281.00,6.4050,60.463900
2.419774,9.536100,70.000000,1281.00,6.4050,60.463900
2.429848,9.536100,70.000000,1281.00,6.4050,60.463900
2.439935,9.536100,70.000000,1282.00,6.4100,60.463900
2.449986,9.536100,70.000000,1282.00,6.4100,60.463900
2.460003,9.536100,70.000000,1282.00,6.4100,60.463900
2.469984,9.536100,70.000000,1282.00,6.4100,60.463900
2.480024,9.536100,70.000000,1283.00,6.4150,60.463900
2.490098,9.536100,70.000000,1283.00,6.4150,60.463900
2.500080,9.536100,70.000000,1283.00,6.4150,60.463900
2.510144,9.536100,70.000000,1284.00,6.4200,60.463900
2.520134,9.536100,70.000000,1284.00,6.4200,60.463900
2.530208,9.536100,70.000000,1284.00,6.4200,60.463900
2.540329,9.536100,70.000000,1284.00,6.4200,60.463900
2.550345,9.536100,70.000000,1285.00,6.4250,60.463900
2.560318,9.536100,70.000000,1285.00,6.4250,60.463900
2.570277,9.536113,70.000000,1285.00,6.4250,60.463887
2.580287,9.536540,70.000000,1285.00,6.4250,60.463460
2.590384,9.537677,70.000000,1286.00,6.4300,60.462323
2.600326,9.539683,70.000000,1286.00,6.4300,60.460317
2.610393,9.543109,70.000000,1286.00,6.4300,60.456891
2.620393,9.548360,70.000000,1286.00,6.4300,60.451640
2.630464,9.555579,70.000000,1287.00,6.4350,60.444421
2.640616,9.565195,70.000000,1287.00,6.4350,60.434805
2.650519,9.577523,70.000000,1287.00,6.4350,60.422477
2.660571,9.592850,70.000000,1287.00,6.4350,60.407150
2.670575,9.611402,70.000000,1288.00,6.4400,60.388598
2.680606,9.633372,70.000000,1288.00,6.4400,60.366628
2.690793,9.659151,70.000000,1288.00,6.4400,60.340849
2.700681,9.688924,70.000000,1288.00,6.4400,60.311076
2.710770,9.722892,70.000000,1288.00,6.4400,60.277108
2.720742,9.761082,70.000000,1289.00,6.4450,60.238918
2.730736,9.803643,70.000000,1289.00,6.4450,60.196357
2.740828,9.851127,70.000000,1289.00,6.4450,60.148873
2.750886,9.903649,70.000000,1289.00,6.4450,60.096351
2.760941,9.961113,70.000000,1290.00,6.4500,60.038887
2.770997,10.023501,70.000000,1290.00,6.4500,59.976499
2.780994,10.091248,70.000000,1290.00,6.4500,59.908752
2.791110,10.164750,70.000000,1290.00,6.4500,59.835250
2.801128,10.243570,70.000000,1290.00,6.4500,59.756430
2.811168,10.327739,70.000000,1291.00,6.4550,59.672261
2.821198,10.417610,70.000000,1291.00,6.4550,59.582390
2.831256,10.513257,70.000000,1291.00,6.4550,59.486743
2.841310,10.614552,70.000000,1291.00,6.4550,59.385448
2.851415,10.721022,70.000000,1291.00,6.4550,59.278978
2.861355,10.833401,70.000000,1292.00,6.4600,59.166599
2.871405,10.951839,70.000000,1292.00,6.4600,59.048161
2.881394,11.075565,70.000000,1292.00,6.4600,58.924435
2.891545,11.204746,70.000000,1292.00,6.4600,58.795254
2.901532,11.340055,70.000000,1292.00,6.4600,58.659945
2.911599,11.480932,70.000000,1292.00,6.4600,58.519068
2.921580,11.626692,70.000000,1293.00,6.4650,58.373308
2.931630,11.777901,70.000000,1293.00,6.4650,58.222099
2.941704,11.934780,70.000000,1293.00,6.4650,58.065220
2.951730,12.096092,70.000000,1293.00,6.4650,57.903908
2.961778,12.262063,70.000000,1293.00,6.4650,57.737937
2.971817,12.433345,70.000000,1294.00,6.4700,57.566655
2.981943,12.609206,70.000000,1294.00,6.4700,57.390794
2.992046,12.788874,70.000000,1294.00,6.4700,57.211126
3.002045,12.973338,70.000000,1294.00,6.4700,57.026662
3.012202,13.161977,70.000000,1294.00,6.4700,56.838023
3.022180,13.353781,70.000000,1295.00,6.4750,56.646219
3.032192,13.549812,70.000000,1295.00,6.4750,56.450188
3.042295,13.749437,70.000000,1295.00,6.4750,56.250563
3.052253,13.951287,70.000000,1295.00,6.4750,56.048713
3.062574,14.156678,70.000000,1295.00,6.4750,55.843322
3.072566,14.365159,70.000000,1296.00,6.4800,55.634841
3.082622,14.575214,70.000000,1296.00,6.4800,55.424786
3.092580,14.788075,70.000000,1296.00,6.4800,55.211925
3.102545,15.002880,70.000000,1296.00,6.4800,54.997120
3.112635,15.218451,70.000000,1296.00,6.4800,54.781549
3.122701,15.436244,70.000000,1297.00,6.4850,54.563756
3.132842,15.655271,70.000000,1297.00,6.4850,54.344729
3.142844,15.874525,70.000000,1297.00,6.4850,54.125475
3.152771,16.095283,70.000000,1297.00,6.4850,53.904717
3.162922,16.315879,70.000000,1297.00,6.4850,53.684121
3.172945,16.536310,70.000000,1298.00,6.4900,53.463690
3.183026,16.757520,70.000000,1298.00,6.4900,53.242480
3.193088,16.977419,70.000000,1298.00,6.4900,53.022581
3.203021,17.196784,70.000000,1298.00,6.4900,52.803216
3.213146,17.415529,70.000000,1298.00,6.4900,52.584471
3.223225,17.631969,70.000000,1299.00,6.4950,52.368031
3.233286,17.847525,70.000000,1299.00,6.4950,52.152475
3.243327,18.060937,70.000000,1299.00,6.4950,51.939063
3.253220,18.271729,70.000000,1299.00,6.4950,51.728271
3.263391,18.480765,70.000000,1300.00,6.5000,51.519235
3.273357,18.686311,70.000000,1300.00,6.5000,51.313689
3.283505,18.889390,70.000000,1300.00,6.5000,51.110610
3.293553,19.089536,70.000000,1300.00,6.5000,50.910464
3.303418,19.286010,70.000000,1301.00,6.5050,50.713990
3.313498,19.479651,70.000000,1301.00,6.5050,50.520349
3.323544,19.668734,70.000000,1301.00,6.5050,50.331266
3.333535,19.854061,70.000000,1301.00,6.5050,50.145939
3.343754,20.035503,70.000000,1302.00,6.5100,49.964497
3.353621,20.212309,70.000000,1302.00,6.5100,49.787691
3.363716,20.385304,70.000000,1302.00,6.5100,49.614696
3.373756,20.552924,70.000000,1302.00,6.5100,49.447076
3.383828,20.716308,70.000000,1303.00,6.5150,49.283692
3.393887,20.874540,70.000000,1303.00,6.5150,49.125460
3.403873,21.027564,70.000000,1303.00,6.5150,48.972436
3.413948,21.176111,70.000000,1303.00,6.5150,48.823889
3.423998,21.318578,70.000000,1304.00,6.5200,48.681422
3.433923,21.456219,70.000000,1304.00,6.5200,48.543781
3.444056,21.587936,70.000000,1304.00,6.5200,48.412064
3.454012,21.714431,70.000000,1304.00,6.5200,48.285569
3.464185,21.835264,70.000000,1305.00,6.5250,48.164736
3.474221,21.950262,70.000000,1305.00,6.5250,48.049738
3.484148,22.059811,70.000000,1305.00,6.5250,47.940189
3.494260,22.163314,70.000000,1305.00,6.5250,47.836686
3.504235,22.261686,70.000000,1306.00,6.5300,47.738314
3.514435,22.354114,70.000000,1306.00,6.5300,47.645886
3.524396,22.441009,70.000000,1306.00,6.5300,47.558991
3.534507,22.522150,70.000000,1306.00,6.5300,47.477850
3.544563,22.597661,70.000000,1308.00,6.5400,47.402339
3.554581,22.667778,70.000000,1307.00,6.5350,47.332222
3.564635,22.732164,70.000000,1307.00,6.5350,47.267836
3.574698,22.791314,70.000000,1307.00,6.5350,47.208686
3.584832,22.844715,70.000000,1308.00,6.5400,47.155285
3.594798,22.892832,70.000000,1308.00,6.5400,47.107168
3.604832,22.935401,70.000000,1308.00,6.5400,47.064599
3.614874,22.972854,70.000000,1308.00,6.5400,47.027146
3.624930,23.004935,70.000000,1309.00,6.5450,46.995065
3.634989,23.031879,70.000000,1309.00,6.5450,46.968121
3.645107,23.053727,70.000000,1309.00,6.5450,46.946273
3.655089,23.070850,70.000000,1310.00,6.5500,46.929150
3.665200,23.083390,70.000000,1310.00,6.5500,46.916610
3.675149,23.091465,70.000000,1310.00,6.5500,46.908535
3.685253,23.095073,70.000000,1310.00,6.5500,46.904927
3.695252,23.094482,70.000000,1311.00,6.5550,46.905518
3.705317,23.089834,70.000000,1311.00,6.5550,46.910166
3.715508,23.081299,70.000000,1311.00,6.5550,46.918701
3.725417,23.069109,70.000000,1311.00,6.5550,46.930891
3.735415,23.053630,70.000000,1312.00,6.5600,46.946370
3.745508,23.034852,70.000000,1312.00,6.5600,46.965148
3.755585,23.013199,70.000000,1312.00,6.5600,46.986801
3.765766,22.988476,70.000000,1312.00,6.5600,47.011524
3.775677,22.961121,70.000000,1313.00,6.5650,47.038879
3.785653,22.931327,70.000000,1313.00,6.5650,47.068673
3.795765,22.899481,70.000000,1313.00,6.5650,47.100519
3.805830,22.865288,70.000000,1313.00,6.5650,47.134712
3.815900,22.829491,70.000000,1314.00,6.5700,47.170509
3.825923,22.791969,70.000000,1314.00,6.5700,47.208031
3.835943,22.753318,70.000000,1314.00,6.5700,47.246682
3.845991,22.713587,70.000000,1314.00,6.5700,47.286413
3.856072,22.673023,70.000000,1314.00,6.5700,47.326977
3.866197,22.631778,70.000000,1315.00,6.5750,47.368222
3.876145,22.590213,70.000000,1315.00,6.5750,47.409787
3.886135,22.548539,70.000000,1315.00,6.5750,47.451461
3.896184,22.507020,70.000000,1315.00,6.5750,47.492980
3.906284,22.465424,70.000000,1316.00,6.5800,47.534576
3.916394,22.424522,70.000000,1316.00,6.5800,47.575478
3.926358,22.384223,70.000000,1316.00,6.5800,47.615777
3.936421,22.344840,70.000000,1316.00,6.5800,47.655160
3.946481,22.306337,70.000000,1316.00,6.5800,47.693663
3.956501,22.269148,70.000000,1317.00,6.5850,47.730852
3.966594,22.233575,70.000000,1317.00,6.5850,47.766425
3.976563,22.199816,70.000000,1317.00,6.5850,47.800184
3.986556,22.167996,70.000000,1317.00,6.5850,47.832004
3.996659,22.138493,70.000000,1317.00,6.5850,47.861507
4.006661,22.110962,70.000000,1317.00,6.5850,47.889038
4.016796,22.086247,70.000000,1318.00,6.5900,47.913753
4.026784,22.064014,70.000000,1318.00,6.5900,47.935986
4.036825,22.044860,70.000000,1318.00,6.5900,47.955140
4.046866,22.028806,70.000000,1318.00,6.5900,47.971194
4.056964,22.015930,70.000000,1318.00,6.5900,47.984070
4.066961,22.006433,70.000000,1319.00,6.5950,47.993567
4.076941,22.000429,70.000000,1319.00,6.5950,47.999571
4.087005,21.997927,70.000000,1319.00,6.5950,48.002073
4.097056,21.999231,70.000000,1319.00,6.5950,48.000769
4.107081,22.004513,70.000000,1319.00,6.5950,47.995487
4.117114,22.013347,70.000000,1319.00,6.5950,47.986653
4.127101,22.026071,70.000000,1320.00,6.6000,47.973929
4.137184,22.043048,70.000000,1320.00,6.6000,47.956952
4.147178,22.064099,70.000000,1320.00,6.6000,47.935901
4.157256,22.089398,70.000000,1320.00,6.6000,47.910602
4.167230,22.118796,70.000000,1320.00,6.6000,47.881204
4.177299,22.152807,70.000000,1320.00,6.6000,47.847193
4.187252,22.190889,70.000000,1321.00,6.6050,47.809111
4.197252,22.233372,70.000000,1321.00,6.6050,47.766628
4.207338,22.280269,70.000000,1321.00,6.6050,47.719731
4.217328,22.331627,70.000000,1321.00,6.6050,47.668373
4.227302,22.387733,70.000000,1321.00,6.6050,47.612267
4.237285,22.448220,70.000000,1321.00,6.6050,47.551780
4.247434,22.513474,70.000000,1321.00,6.6050,47.486526
4.257401,22.582986,70.000000,1322.00,6.6100,47.417014
4.267542,22.657184,70.000000,1322.00,6.6100,47.342816
4.277470,22.735373,70.000000,1322.00,6.6100,47.264627
4.287530,22.818116,70.000000,1322.00,6.6100,47.181884
4.297558,22.904773,70.000000,1322.00,6.6100,47.095227
4.307622,22.995550,70.000000,1322.00,6.6100,47.004450
4.317714,23.090720,70.000000,1323.00,6.6150,46.909280
4.327628,23.189230,70.000000,1323.00,6.6150,46.810770
4.337726,23.291799,70.000000,1323.00,6.6150,46.708201
4.347887,23.397713,70.000000,1323.00,6.6150,46.602287
4.357802,23.507660,70.000000,1323.00,6.6150,46.492340
4.367842,23.620955,70.000000,1323.00,6.6150,46.379045
4.377855,23.737410,70.000000,1324.00,6.6200,46.262590
4.387885,23.857613,70.000000,1324.00,6.6200,46.142387
4.398016,23.980520,70.000000,1324.00,6.6200,46.019480
4.408042,24.106921,70.000000,1324.00,6.6200,45.893079
4.418019,24.235701,70.000000,1324.00,6.6200,45.764299
4.428012,24.367407,70.000000,1324.00,6.6200,45.632593
4.438101,24.501845,70.000000,1324.00,6.6200,45.498155
4.448130,24.638252,70.000000,1325.00,6.6250,45.361748
4.458135,24.777581,70.000000,1325.00,6.6250,45.222419
4.468270,24.918081,70.000000,1325.00,6.6250,45.081919
4.478210,25.061031,70.000000,1325.00,6.6250,44.938969
4.488261,25.205209,70.000000,1325.00,6.6250,44.794791
4.498467,25.350633,70.000000,1325.00,6.6250,44.649367
4.508391,25.497762,70.000000,1326.00,6.6300,44.502238
4.518445,25.644989,70.000000,1326.00,6.6300,44.355011
4.528506,25.793243,70.000000,1326.00,6.6300,44.206757
4.538515,25.941647,70.000000,1326.00,6.6300,44.058353
4.548698,26.090115,70.000000,1326.00,6.6300,43.909885
4.558600,26.239171,70.000000,1327.00,6.6350,43.760829
4.568658,26.387354,70.000000,1327.00,6.6350,43.612646
4.578670,26.535972,70.000000,1327.00,6.6350,43.464028
4.588742,26.684144,70.000000,1327.00,6.6350,43.315856
4.599074,26.831653,70.000000,1327.00,6.6350,43.168347
4.608984,26.979068,70.000000,1327.00,6.6350,43.020932
4.618867,27.125233,70.000000,1328.00,6.6400,42.874767
4.628873,27.271046,70.000000,1328.00,6.6400,42.728954
4.639052,27.415601,70.000000,1328.00,6.6400,42.584399
4.649287,27.558632,70.000000,1328.00,6.6400,42.441368
4.659079,27.700798,70.000000,1328.00,6.6400,42.299202
4.669063,27.840868,70.000000,1329.00,6.6450,42.159132
4.679107,27.979734,70.000000,1329.00,6.6450,42.020266
4.689143,28.116711,70.000000,1329.00,6.6450,41.883289
4.699264,28.251231,70.000000,1329.00,6.6450,41.748769
4.709243,28.384176,70.000000,1329.00,6.6450,41.615824
4.719225,28.514173,70.000000,1330.00,6.6500,41.485827
4.729232,28.641883,70.000000,1330.00,6.6500,41.358117
4.739346,28.767194,70.000000,1330.00,6.6500,41.232806
4.749426,28.889101,70.000000,1330.00,6.6500,41.110899
4.759410,29.008870,70.000000,1330.00,6.6500,40.991130
4.769382,29.125580,70.000000,1331.00,6.6550,40.874420
4.779482,29.239060,70.000000,1331.00,6.6550,40.760940
4.789552,29.349922,70.000000,1331.00,6.6550,40.650078
4.799547,29.457133,70.000000,1331.00,6.6550,40.542867
4.809660,29.561317,70.000000,1331.00,6.6550,40.438683
4.819623,29.661934,70.000000,1332.00,6.6600,40.338066
4.829661,29.758500,70.000000,1332.00,6.6600,40.241500
4.839725,29.851939,70.000000,1332.00,6.6600,40.148061
4.849793,29.941516,70.000000,1332.00,6.6600,40.058484
4.859826,30.027321,70.000000,1332.00,6.6600,39.972679
4.869797,30.109570,70.000000,1333.00,6.6650,39.890430
4.879880,30.187923,70.000000,1333.00,6.6650,39.812077
4.889937,30.262654,70.000000,1333.00,6.6650,39.737346
4.899990,30.333879,70.000000,1333.00,6.6650,39.666121
4.910133,30.401157,70.000000,1333.00,6.6650,39.598843
4.920065,30.464495,70.000000,1334.00,6.6700,39.535505
4.930115,30.523932,70.000000,1334.00,6.6700,39.476068
4.940293,30.579425,70.000000,1334.00,6.6700,39.420575
4.950315,30.631558,70.000000,1334.00,6.6700,39.368442
4.960383,30.679725,70.000000,1334.00,6.6700,39.320275
4.970351,30.724082,70.000000,1335.00,6.6750,39.275918
4.980231,30.764922,70.000000,1335.00,6.6750,39.235078
4.990373,30.801837,70.000000,1335.00,6.6750,39.198163
5.000402,30.835008,70.000000,1335.00,6.6750,39.164992
5.010387,30.864807,70.000000,1335.00,6.6750,39.135193
5.020437,30.891033,70.000000,1336.00,6.6800,39.108967
5.030508,30.913880,70.000000,1336.00,6.6800,39.086120
5.040606,30.933570,70.000000,1336.00,6.6800,39.066430
5.050633,30.950040,70.000000,1336.00,6.6800,39.049960
5.060665,30.963392,70.000000,1336.00,6.6800,39.036608
5.070703,30.973326,70.000000,1337.00,6.6850,39.026674
5.080741,30.980094,70.000000,1337.00,6.6850,39.019906
5.090815,30.983931,70.000000,1337.00,6.6850,39.016069
5.100873,30.985129,70.000000,1337.00,6.6850,39.014871
5.110891,30.983776,70.000000,1337.00,6.6850,39.016224
5.120868,30.979802,70.000000,1338.00,6.6900,39.020198
5.130869,30.973409,70.000000,1338.00,6.6900,39.026591
5.140964,30.964605,70.000000,1338.00,6.6900,39.035395
5.151079,30.953473,70.000000,1338.00,6.6900,39.046527
5.161159,30.940286,70.000000,1338.00,6.6900,39.059714
5.171177,30.925359,70.000000,1339.00,6.6950,39.074641
5.181196,30.908710,70.000000,1339.00,6.6950,39.091290
5.191282,30.890327,70.000000,1339.00,6.6950,39.109673
5.201432,30.870394,70.000000,1339.00,6.6950,39.129606
5.211286,30.848960,70.000000,1339.00,6.6950,39.151040
5.221348,30.826440,70.000000,1340.00,6.7000,39.173560
5.231387,30.802975,70.000000,1340.00,6.7000,39.197025
5.241426,30.778453,70.000000,1340.00,6.7000,39.221547
5.251501,30.752965,70.000000,1340.00,6.7000,39.247035
5.261548,30.726901,70.000000,1340.00,6.7000,39.273099
5.271602,30.700495,70.000000,1340.00,6.7000,39.299505
5.281602,30.673890,70.000000,1341.00,6.7050,39.326110
5.291770,30.646973,70.000000,1341.00,6.7050,39.353027
5.301723,30.620213,70.000000,1341.00,6.7050,39.379787
5.311737,30.593507,70.000000,1341.00,6.7050,39.406493
5.321809,30.567209,70.000000,1341.00,6.7050,39.432791
5.331871,30.541171,70.000000,1341.00,6.7050,39.458829
5.341894,30.515496,70.000000,1342.00,6.7100,39.484504
5.351967,30.490688,70.000000,1342.00,6.7100,39.509312
5.362021,30.466777,70.000000,1342.00,6.7100,39.533223
5.372086,30.443962,70.000000,1342.00,6.7100,39.556038
5.382218,30.422280,70.000000,1342.00,6.7100,39.577720
5.392241,30.402060,70.000000,1342.00,6.7100,39.597940
5.402184,30.383077,70.000000,1343.00,6.7150,39.616923
5.412300,30.365826,70.000000,1343.00,6.7150,39.634174
5.422360,30.350284,70.000000,1343.00,6.7150,39.649716
5.432432,30.336296,70.000000,1343.00,6.7150,39.663704
5.442416,30.324206,70.000000,1343.00,6.7150,39.675794
5.452390,30.314268,70.000000,1343.00,6.7150,39.685732
5.462513,30.306482,70.000000,1344.00,6.7200,39.693518
5.472525,30.300778,70.000000,1344.00,6.7200,39.699222
5.482645,30.297467,70.000000,1344.00,6.7200,39.702533
5.492667,30.296564,70.000000,1344.00,6.7200,39.703436
5.502623,30.298346,70.000000,1344.00,6.7200,39.701654
5.512713,30.302770,70.000000,1344.00,6.7200,39.697230
5.522801,30.309816,70.000000,1344.00,6.7200,39.690184
5.532857,30.319756,70.000000,1345.00,6.7250,39.680244
5.542946,30.332737,70.000000,1345.00,6.7250,39.667263
5.552832,30.348856,70.000000,1345.00,6.7250,39.651144
5.562926,30.367537,70.000000,1345.00,6.7250,39.632463
5.572964,30.389434,70.000000,1345.00,6.7250,39.610566
5.583036,30.414298,70.000000,1345.00,6.7250,39.585702
5.593100,30.442331,70.000000,1345.00,6.7250,39.557669
5.603028,30.473827,70.000000,1346.00,6.7300,39.526173
5.613111,30.508286,70.000000,1346.00,6.7300,39.491714
5.623141,30.545999,70.000000,1346.00,6.7300,39.454001
5.633197,30.587252,70.000000,1346.00,6.7300,39.412748
5.643292,30.631591,70.000000,1346.00,6.7300,39.368409
5.653261,30.678942,70.000000,1346.00,6.7300,39.321058
5.663358,30.729414,70.000000,1346.00,6.7300,39.270586
5.673348,30.783468,70.000000,1347.00,6.7350,39.216532
5.683314,30.840565,70.000000,1347.00,6.7350,39.159435
5.693489,30.900702,70.000000,1347.00,6.7350,39.099298
5.703466,30.964361,70.000000,1347.00,6.7350,39.035639
5.713507,31.031169,70.000000,1347.00,6.7350,38.968831
5.723589,31.100611,70.000000,1347.00,6.7350,38.899389
5.733633,31.173211,70.000000,1347.00,6.7350,38.826789
5.743628,31.248861,70.000000,1347.00,6.7350,38.751139
5.753686,31.327314,70.000000,1348.00,6.7400,38.672686
5.763720,31.408304,70.000000,1348.00,6.7400,38.591696
5.773763,31.492351,70.000000,1348.00,6.7400,38.507649
5.783912,31.579376,70.000000,1348.00,6.7400,38.420624
5.793885,31.668842,70.000000,1348.00,6.7400,38.331158
5.803791,31.760838,70.000000,1348.00,6.7400,38.239162
5.813852,31.855662,70.000000,1348.00,6.7400,38.144338
5.823931,31.952905,70.000000,1349.00,6.7450,38.047095
5.833997,32.051673,70.000000,1349.00,6.7450,37.948327
5.844114,32.152895,70.000000,1349.00,6.7450,37.847105
5.854059,32.256655,70.000000,1349.00,6.7450,37.743345
5.864169,32.361936,70.000000,1349.00,6.7450,37.638064
5.874206,32.468555,70.000000,1349.00,6.7450,37.531445
5.884299,32.577175,70.000000,1349.00,6.7450,37.422825
5.894306,32.687895,70.000000,1349.00,6.7450,37.312105
5.904361,32.799469,70.000000,1350.00,6.7500,37.200531
5.914441,32.912097,70.000000,1350.00,6.7500,37.087903
5.924468,33.026503,70.000000,1351.00,6.7550,36.973497
5.934461,33.142397,70.000000,1350.00,6.7500,36.857603
5.944511,33.258580,70.000000,1350.00,6.7500,36.741420
5.954588,33.375592,70.000000,1350.00,6.7500,36.624408
5.964686,33.493910,70.000000,1350.00,6.7500,36.506090
5.974653,33.613170,70.000000,1351.00,6.7550,36.386830
5.984792,33.732465,70.000000,1351.00,6.7550,36.267535
5.994741,33.851777,70.000000,1351.00,6.7550,36.148223
6.004819,33.972084,70.000000,1351.00,6.7550,36.027916
6.014971,34.092713,70.000000,1351.00,6.7550,35.907287
6.024903,34.212520,70.000000,1351.00,6.7550,35.787480
6.034983,34.332041,70.000000,1352.00,6.7600,35.667959
6.044983,34.452031,70.000000,1352.00,6.7600,35.547969
6.055045,34.571597,70.000000,1352.00,6.7600,35.428403
6.065089,34.690152,70.000000,1352.00,6.7600,35.309848
6.075125,34.807899,70.000000,1352.00,6.7600,35.192101
6.085084,34.925533,70.000000,1352.00,6.7600,35.074467
6.095210,35.042589,70.000000,1353.00,6.7650,34.957411
6.105242,35.158088,70.000000,1353.00,6.7650,34.841912
6.115391,35.272237,70.000000,1353.00,6.7650,34.727763
6.125364,35.385916,70.000000,1353.00,6.7650,34.614084
6.135338,35.498577,70.000000,1353.00,6.7650,34.501423
6.145386,35.609368,70.000000,1353.00,6.7650,34.390632
6.155456,35.718299,70.000000,1353.00,6.7650,34.281701
6.165575,35.826213,70.000000,1354.00,6.7700,34.173787
6.175525,35.932885,70.000000,1354.00,6.7700,34.067115
6.185503,36.037405,70.000000,1354.00,6.7700,33.962595
6.195643,36.139714,70.000000,1354.00,6.7700,33.860286
6.205700,36.240391,70.000000,1354.00,6.7700,33.759609
6.215809,36.339422,70.000000,1354.00,6.7700,33.660578
6.225818,36.436167,70.000000,1355.00,6.7750,33.563833
6.235734,36.530432,70.000000,1355.00,6.7750,33.469568
6.245886,36.622587,70.000000,1355.00,6.7750,33.377413
6.256042,36.712636,70.000000,1355.00,6.7750,33.287364
6.266024,36.800139,70.000000,1355.00,6.7750,33.199861
6.276039,36.884439,70.000000,1355.00,6.7750,33.115561
6.286030,36.966128,70.000000,1356.00,6.7800,33.033872
6.296076,37.045876,70.000000,1356.00,6.7800,32.954124
6.306196,37.123325,70.000000,1356.00,6.7800,32.876675
6.316151,37.197767,70.000000,1356.00,6.7800,32.802233
6.326170,37.269488,70.000000,1356.00,6.7800,32.730512
6.336138,37.338512,70.000000,1356.00,6.7800,32.661488
6.346217,37.405197,70.000000,1357.00,6.7850,32.594803
6.356244,37.469175,70.000000,1357.00,6.7850,32.530825
6.366324,37.530312,70.000000,1357.00,6.7850,32.469688
6.376377,37.588488,70.000000,1357.00,6.7850,32.411512
6.386356,37.644133,70.000000,1357.00,6.7850,32.355867
6.396360,37.697412,70.000000,1357.00,6.7850,32.302588
6.406411,37.747826,70.000000,1358.00,6.7900,32.252174
6.416526,37.795435,70.000000,1358.00,6.7900,32.204565
6.426478,37.840457,70.000000,1358.00,6.7900,32.159543
6.436608,37.883109,70.000000,1358.00,6.7900,32.116891
6.446527,37.923353,70.000000,1358.00,6.7900,32.076647
6.456623,37.960760,70.000000,1358.00,6.7900,32.039240
6.466681,37.995321,70.000000,1359.00,6.7950,32.004679
6.476737,38.027464,70.000000,1359.00,6.7950,31.972536
6.486768,38.057310,70.000000,1359.00,6.7950,31.942690
6.496711,38.084788,70.000000,1359.00,6.7950,31.915212
6.506818,38.110001,70.000000,1359.00,6.7950,31.889999
6.516847,38.132726,70.000000,1359.00,6.7950,31.867274
6.526861,38.153569,70.000000,1359.00,6.7950,31.846431
6.536884,38.172254,70.000000,1360.00,6.8000,31.827746
6.547082,38.188841,70.000000,1360.00,6.8000,31.811159
6.557007,38.203315,70.000000,1360.00,6.8000,31.796685
6.567252,38.215843,70.000000,1360.00,6.8000,31.784157
6.577144,38.226373,70.000000,1360.00,6.8000,31.773627
6.587178,38.235061,70.000000,1360.00,6.8000,31.764939
6.597228,38.241749,70.000000,1361.00,6.8050,31.758251
6.607268,38.246711,70.000000,1361.00,6.8050,31.753289
6.617364,38.250084,70.000000,1361.00,6.8050,31.749916
6.627320,38.252024,70.000000,1361.00,6.8050,31.747976
6.637327,38.252764,70.000000,1361.00,6.8050,31.747236
6.647318,38.252171,70.000000,1361.00,6.8050,31.747829
6.657407,38.250641,70.000000,1362.00,6.8100,31.749359
6.667384,38.248102,70.000000,1362.00,6.8100,31.751898
6.677492,38.244886,70.000000,1362.00,6.8100,31.755114
6.687712,38.240610,70.000000,1362.00,6.8100,31.759390
6.697528,38.235481,70.000000,1362.00,6.8100,31.764519
6.707554,38.229653,70.000000,1362.00,6.8100,31.770347
6.717602,38.223303,70.000000,1362.00,6.8100,31.776697
6.727633,38.216679,70.000000,1363.00,6.8150,31.783321
6.737700,38.209643,70.000000,1363.00,6.8150,31.790357
6.747749,38.202353,70.000000,1363.00,6.8150,31.797647
6.757806,38.194966,70.000000,1363.00,6.8150,31.805034
6.767889,38.187327,70.000000,1363.00,6.8150,31.812673
6.777817,38.179679,70.000000,1363.00,6.8150,31.820321
6.787879,38.172192,70.000000,1363.00,6.8150,31.827808
6.798223,38.165031,70.000000,1364.00,6.8200,31.834969
6.808071,38.158179,70.000000,1364.00,6.8200,31.841821
6.818086,38.151834,70.000000,1364.00,6.8200,31.848166
6.828179,38.145921,70.000000,1364.00,6.8200,31.854079
6.838215,38.140613,70.000000,1364.00,6.8200,31.859387
6.848336,38.135855,70.000000,1364.00,6.8200,31.864145
6.858265,38.131655,70.000000,1364.00,6.8200,31.868345
6.868283,38.128079,70.000000,1364.00,6.8200,31.871921
6.878387,38.125459,70.000000,1365.00,6.8250,31.874541
6.888470,38.123756,70.000000,1365.00,6.8250,31.876244
6.898645,38.123082,70.000000,1365.00,6.8250,31.876918
6.908479,38.123579,70.000000,1365.00,6.8250,31.876421
6.918546,38.125450,70.000000,1365.00,6.8250,31.874550
6.928557,38.128564,70.000000,1365.00,6.8250,31.871436
6.938638,38.133137,70.000000,1365.00,6.8250,31.866863
6.948815,38.139036,70.000000,1365.00,6.8250,31.860964
6.958722,38.146247,70.000000,1366.00,6.8300,31.853753
6.968744,38.155026,70.000000,1366.00,6.8300,31.844974
6.978793,38.165282,70.000000,1366.00,6.8300,31.834718
6.988961,38.177001,70.000000,1366.00,6.8300,31.822999
6.999070,38.190743,70.000000,1366.00,6.8300,31.809257
7.008985,38.206419,70.000000,1366.00,6.8300,31.793581
7.018947,38.224249,70.000000,1366.00,6.8300,31.775751
7.029005,38.243883,70.000000,1366.00,6.8300,31.756117
7.039108,38.265811,70.000000,1367.00,6.8350,31.734189
7.049145,38.289929,70.000000,1367.00,6.8350,31.710071
7.059121,38.316059,70.000000,1367.00,6.8350,31.683941
7.069121,38.344351,70.000000,1367.00,6.8350,31.655649
7.079126,38.375048,70.000000,1367.00,6.8350,31.624952
7.089288,38.407792,70.000000,1367.00,6.8350,31.592208
7.099299,38.442355,70.000000,1367.00,6.8350,31.557645
7.109390,38.479275,70.000000,1367.00,6.8350,31.520725
7.119379,38.518633,70.000000,1367.00,6.8350,31.481367
7.129424,38.560441,70.000000,1368.00,6.8400,31.439559
7.139531,38.604476,70.000000,1368.00,6.8400,31.395524
7.149511,38.650539,70.000000,1368.00,6.8400,31.349461
7.159546,38.698633,70.000000,1368.00,6.8400,31.301367
7.169544,38.748950,70.000000,1368.00,6.8400,31.251050
7.179584,38.801480,70.000000,1368.00,6.8400,31.198520
7.189635,38.856515,70.000000,1368.00,6.8400,31.143485
7.199698,38.913737,70.000000,1368.00,6.8400,31.086263
7.209838,38.973045,70.000000,1368.00,6.8400,31.026955
7.219750,39.034242,70.000000,1369.00,6.8450,30.965758
7.229786,39.097375,70.000000,1369.00,6.8450,30.902625
7.239905,39.162646,70.000000,1369.00,6.8450,30.837354
7.249969,39.230379,70.000000,1369.00,6.8450,30.769621
7.259938,39.300525,70.000000,1369.00,6.8450,30.699475
7.269960,39.372706,70.000000,1369.00,6.8450,30.627294
7.280084,39.446574,70.000000,1369.00,6.8450,30.553426
7.290162,39.521850,70.000000,1369.00,6.8450,30.478150
7.300170,39.598765,70.000000,1369.00,6.8450,30.401235
7.310212,39.677367,70.000000,1370.00,6.8500,30.322633
7.320264,39.758056,70.000000,1370.00,6.8500,30.241944
7.330454,39.840833,70.000000,1370.00,6.8500,30.159167
7.340359,39.925245,70.000000,1370.00,6.8500,30.074755
7.350405,40.010526,70.000000,1370.00,6.8500,29.989474
7.360453,40.096935,70.000000,1370.00,6.8500,29.903065
7.370490,40.184425,70.000000,1370.00,6.8500,29.815575
7.380524,40.273105,70.000000,1370.00,6.8500,29.726895
7.390600,40.363539,70.000000,1370.00,6.8500,29.636461
7.400773,40.455465,70.000000,1370.00,6.8500,29.544535
7.410705,40.548605,70.000000,1371.00,6.8550,29.451395
7.420761,40.642706,70.000000,1371.00,6.8550,29.357294
7.430812,40.737203,70.000000,1371.00,6.8550,29.262797
7.440852,40.832179,70.000000,1371.00,6.8550,29.167821
7.450947,40.927832,70.000000,1371.00,6.8550,29.072168
7.461042,41.024552,70.000000,1371.00,6.8550,28.975448
7.471064,41.122344,70.000000,1371.00,6.8550,28.877656
7.481045,41.220574,70.000000,1371.00,6.8550,28.779426
7.491175,41.319197,70.000000,1371.00,6.8550,28.680803
7.501238,41.417744,70.000000,1372.00,6.8600,28.582256
7.511317,41.515972,70.000000,1372.00,6.8600,28.484028
7.521392,41.614397,70.000000,1372.00,6.8600,28.385603
7.531418,41.713382,70.000000,1372.00,6.8600,28.286618
7.541457,41.812880,70.000000,1372.00,6.8600,28.187120
7.551396,41.912510,70.000000,1372.00,6.8600,28.087490
7.561447,42.012201,70.000000,1372.00,6.8600,27.987799
7.571509,42.111177,70.000000,1372.00,6.8600,27.888823
7.581632,42.209355,70.000000,1373.00,6.8650,27.790645
7.591632,42.306531,70.000000,1373.00,6.8650,27.693469
7.601554,42.403318,70.000000,1373.00,6.8650,27.596682
7.611665,42.500168,70.000000,1373.00,6.8650,27.499832
7.621722,42.597159,70.000000,1373.00,6.8650,27.402841
7.631835,42.693986,70.000000,1373.00,6.8650,27.306014
7.641771,42.790163,70.000000,1373.00,6.8650,27.209837
7.651742,42.885386,70.000000,1373.00,6.8650,27.114614
7.661846,42.979303,70.000000,1373.00,6.8650,27.020697
7.671874,43.072064,70.000000,1374.00,6.8700,26.927936
7.681921,43.163727,70.000000,1374.00,6.8700,26.836273
7.692000,43.254487,70.000000,1374.00,6.8700,26.745513
7.701969,43.344634,70.000000,1374.00,6.8700,26.655366
7.711984,43.433956,70.000000,1374.00,6.8700,26.566044
7.722083,43.522636,70.000000,1374.00,6.8700,26.477364
7.732135,43.609723,70.000000,1374.00,6.8700,26.390277
7.742219,43.695271,70.000000,1374.00,6.8700,26.304729
7.752124,43.778784,70.000000,1375.00,6.8750,26.221216
7.762281,43.860322,70.000000,1375.00,6.8750,26.139678
7.772250,43.940358,70.000000,1375.00,6.8750,26.059642
7.782249,44.019426,70.000000,1375.00,6.8750,25.980574
7.792588,44.097581,70.000000,1375.00,6.8750,25.902419
7.802272,44.174737,70.000000,1375.00,6.8750,25.825263
7.812384,44.250483,70.000000,1375.00,6.8750,25.749517
7.822379,44.324251,70.000000,1375.00,6.8750,25.675749
7.832316,44.396130,70.000000,1376.00,6.8800,25.603870
7.842378,44.465880,70.000000,1376.00,6.8800,25.534120
7.852297,44.533453,70.000000,1376.00,6.8800,25.466547
7.862355,44.599223,70.000000,1376.00,6.8800,25.400777
7.872414,44.663081,70.000000,1376.00,6.8800,25.336919
7.882514,44.725508,70.000000,1376.00,6.8800,25.274492
7.892541,44.786462,70.000000,1376.00,6.8800,25.213538
7.902492,44.845884,70.000000,1376.00,6.8800,25.154116
7.912583,44.903724,70.000000,1377.00,6.8850,25.096276
7.922611,44.959431,70.000000,1377.00,6.8850,25.040569
7.932612,45.012687,70.000000,1377.00,6.8850,24.987313
7.942730,45.063827,70.000000,1377.00,6.8850,24.936173
7.952771,45.113169,70.000000,1377.00,6.8850,24.886831
7.962811,45.160756,70.000000,1377.00,6.8850,24.839244
7.972855,45.206929,70.000000,1377.00,6.8850,24.793071
7.982861,45.251701,70.000000,1377.00,6.8850,24.748299
7.992918,45.295067,70.000000,1378.00,6.8900,24.704933
8.002972,45.336780,70.000000,1378.00,6.8900,24.663220
8.013049,45.376682,70.000000,1378.00,6.8900,24.623318
8.023131,45.414755,70.000000,1378.00,6.8900,24.585245
8.033061,45.450871,70.000000,1378.00,6.8900,24.549129
8.043210,45.484919,70.000000,1378.00,6.8900,24.515081
8.053233,45.517066,70.000000,1378.00,6.8900,24.482934
8.063270,45.547634,70.000000,1378.00,6.8900,24.452366
8.073314,45.576935,70.000000,1379.00,6.8950,24.423065
8.083352,45.605074,70.000000,1379.00,6.8950,24.394926
8.093371,45.631736,70.000000,1379.00,6.8950,24.368264
8.103370,45.656875,70.000000,1379.00,6.8950,24.343125
8.113487,45.680776,70.000000,1379.00,6.8950,24.319224
8.123565,45.703124,70.000000,1379.00,6.8950,24.296876
8.133620,45.723849,70.000000,1379.00,6.8950,24.276151
8.143801,45.743213,70.000000,1379.00,6.8950,24.256787
8.153723,45.761556,70.000000,1379.00,6.8950,24.238444
8.163806,45.778415,70.000000,1380.00,6.9000,24.221585
8.173835,45.794116,70.000000,1380.00,6.9000,24.205884
8.183867,45.808568,70.000000,1380.00,6.9000,24.191432
8.193904,45.821917,70.000000,1380.00,6.9000,24.178083
8.203988,45.834089,70.000000,1380.00,6.9000,24.165911
8.214056,45.845314,70.000000,1380.00,6.9000,24.154686
8.224058,45.855899,70.000000,1380.00,6.9000,24.144101
8.234139,45.865485,70.000000,1380.00,6.9000,24.134515
8.244517,45.874622,70.000000,1381.00,6.9050,24.125378
8.254237,45.882839,70.000000,1381.00,6.9050,24.117161
8.264385,45.890061,70.000000,1381.00,6.9050,24.109939
8.274352,45.896604,70.000000,1381.00,6.9050,24.103396
8.284468,45.902813,70.000000,1381.00,6.9050,24.097187
8.294500,45.908638,70.000000,1381.00,6.9050,24.091362
8.304494,45.914085,70.000000,1381.00,6.9050,24.085915
8.314585,45.918995,70.000000,1381.00,6.9050,24.081005
8.324573,45.923718,70.000000,1381.00,6.9050,24.076282
8.334571,45.928385,70.000000,1381.00,6.9050,24.071615
8.344673,45.933042,70.000000,1382.00,6.9100,24.066958
8.354726,45.937650,70.000000,1382.00,6.9100,24.062350
8.364838,45.942397,70.000000,1382.00,6.9100,24.057603
8.374770,45.947197,70.000000,1382.00,6.9100,24.052803
8.384718,45.952272,70.000000,1382.00,6.9100,24.047728
8.394916,45.957231,70.000000,1382.00,6.9100,24.042769
8.404909,45.962557,70.000000,1382.00,6.9100,24.037443
8.414983,45.968350,70.000000,1382.00,6.9100,24.031650
8.425011,45.974666,70.000000,1383.00,6.9150,24.025334
8.434998,45.981573,70.000000,1383.00,6.9150,24.018427
8.445228,45.989002,70.000000,1383.00,6.9150,24.010998
8.455203,45.997037,70.000000,1383.00,6.9150,24.002963
8.465341,46.006195,70.000000,1383.00,6.9150,23.993805
8.475311,46.016180,70.000000,1383.00,6.9150,23.983820
8.485304,46.026622,70.000000,1383.00,6.9150,23.973378
8.495353,46.037479,70.000000,1383.00,6.9150,23.962521
8.505375,46.049153,70.000000,1383.00,6.9150,23.950847
8.515415,46.061707,70.000000,1383.00,6.9150,23.938293
8.525430,46.075429,70.000000,1383.00,6.9150,23.924571
8.535424,46.090088,70.000000,1384.00,6.9200,23.909912
8.545544,46.106030,70.000000,1384.00,6.9200,23.893970
8.555622,46.122981,70.000000,1384.00,6.9200,23.877019
8.565673,46.141146,70.000000,1384.00,6.9200,23.858854
8.575682,46.160588,70.000000,1384.00,6.9200,23.839412
8.585668,46.181583,70.000000,1384.00,6.9200,23.818417
8.595787,46.203836,70.000000,1384.00,6.9200,23.796164
8.605844,46.227657,70.000000,1384.00,6.9200,23.772343
8.615855,46.252792,70.000000,1384.00,6.9200,23.747208
8.625835,46.279633,70.000000,1384.00,6.9200,23.720367
8.635893,46.307720,70.000000,1384.00,6.9200,23.692280
8.645973,46.337526,70.000000,1385.00,6.9250,23.662474
8.655968,46.368617,70.000000,1385.00,6.9250,23.631383
8.666001,46.400948,70.000000,1385.00,6.9250,23.599052
8.676091,46.434134,70.000000,1385.00,6.9250,23.565866
8.686170,46.468264,70.000000,1385.00,6.9250,23.531736
8.696217,46.503542,70.000000,1385.00,6.9250,23.496458
8.706222,46.540115,70.000000,1385.00,6.9250,23.459885
8.716381,46.577917,70.000000,1385.00,6.9250,23.422083
8.726268,46.617139,70.000000,1385.00,6.9250,23.382861
8.736302,46.657955,70.000000,1385.00,6.9250,23.342045
8.746309,46.700278,70.000000,1385.00,6.9250,23.299722
8.756403,46.744214,70.000000,1385.00,6.9250,23.255786
8.766453,46.790121,70.000000,1386.00,6.9300,23.209879
8.776443,46.838052,70.000000,1386.00,6.9300,23.161948
8.786523,46.887871,70.000000,1386.00,6.9300,23.112129
8.796530,46.939833,70.000000,1386.00,6.9300,23.060167
8.806579,46.993889,70.000000,1386.00,6.9300,23.006111
8.816739,47.049526,70.000000,1386.00,6.9300,22.950474
8.826699,47.107115,70.000000,1386.00,6.9300,22.892885
8.836798,47.166097,70.000000,1386.00,6.9300,22.833903
8.846824,47.226919,70.000000,1386.00,6.9300,22.773081
8.856868,47.289022,70.000000,1386.00,6.9300,22.710978
8.866903,47.352521,70.000000,1386.00,6.9300,22.647479
8.876905,47.417083,70.000000,1386.00,6.9300,22.582917
8.887002,47.482596,70.000000,1387.00,6.9350,22.517404
8.897186,47.549171,70.000000,1387.00,6.9350,22.450829
8.907053,47.616745,70.000000,1387.00,6.9350,22.383255
8.917221,47.684883,70.000000,1387.00,6.9350,22.315117
8.927118,47.753635,70.000000,1387.00,6.9350,22.246365
8.937198,47.823274,70.000000,1387.00,6.9350,22.176726
8.947278,47.893571,70.000000,1387.00,6.9350,22.106429
8.957298,47.964881,70.000000,1387.00,6.9350,22.035119
8.967534,48.037242,70.000000,1387.00,6.9350,21.962758
8.977337,48.110306,70.000000,1387.00,6.9350,21.889694
8.987388,48.184416,70.000000,1387.00,6.9350,21.815584
8.997580,48.259205,70.000000,1387.00,6.9350,21.740795
9.007459,48.335506,70.000000,1388.00,6.9400,21.664494
9.017531,48.412656,70.000000,1388.00,6.9400,21.587344
9.027517,48.490990,70.000000,1388.00,6.9400,21.509010
9.037543,48.570452,70.000000,1388.00,6.9400,21.429548
9.047671,48.650806,70.000000,1388.00,6.9400,21.349194
9.057642,48.732232,70.000000,1388.00,6.9400,21.267768
9.067650,48.814357,70.000000,1388.00,6.9400,21.185643
9.077733,48.897179,70.000000,1388.00,6.9400,21.102821
9.087801,48.980561,70.000000,1388.00,6.9400,21.019439
9.098037,49.064731,70.000000,1388.00,6.9400,20.935269
9.107871,49.149231,70.000000,1388.00,6.9400,20.850769
9.117945,49.234068,70.000000,1388.00,6.9400,20.765932
9.127931,49.319086,70.000000,1388.00,6.9400,20.680914
9.138086,49.404148,70.000000,1389.00,6.9450,20.595852
9.148238,49.489419,70.000000,1389.00,6.9450,20.510581
9.158167,49.574308,70.000000,1389.00,6.9450,20.425692
9.168160,49.658882,70.000000,1389.00,6.9450,20.341118
9.178263,49.743182,70.000000,1389.00,6.9450,20.256818
9.188271,49.826784,70.000000,1389.00,6.9450,20.173216
9.198300,49.910180,70.000000,1389.00,6.9450,20.089820
9.208386,49.992972,70.000000,1389.00,6.9450,20.007028
9.218349,50.075013,70.000000,1389.00,6.9450,19.924987
9.228389,50.156102,70.000000,1389.00,6.9450,19.843898
9.238527,50.236565,70.000000,1389.00,6.9450,19.763435
9.248573,50.316236,70.000000,1389.00,6.9450,19.683764
9.258549,50.395100,70.000000,1390.00,6.9500,19.604900
9.268552,50.473347,70.000000,1390.00,6.9500,19.526653
9.278715,50.550891,70.000000,1390.00,6.9500,19.449109
9.288670,50.627759,70.000000,1390.00,6.9500,19.372241
9.298843,50.704017,70.000000,1390.00,6.9500,19.295983
9.308810,50.779870,70.000000,1390.00,6.9500,19.220130
9.318782,50.854768,70.000000,1390.00,6.9500,19.145232
9.328805,50.929030,70.000000,1390.00,6.9500,19.070970
9.338987,51.002274,70.000000,1390.00,6.9500,18.997726
9.348967,51.074991,70.000000,1390.00,6.9500,18.925009
9.359035,51.147174,70.000000,1390.00,6.9500,18.852826
9.369002,51.218912,70.000000,1391.00,6.9550,18.781088
9.379033,51.290088,70.000000,1391.00,6.9550,18.709912
9.389209,51.360631,70.000000,1391.00,6.9550,18.639369
9.399179,51.430358,70.000000,1391.00,6.9550,18.569642
9.409256,51.499558,70.000000,1391.00,6.9550,18.500442
9.419271,51.568503,70.000000,1391.00,6.9550,18.431497
9.429303,51.637087,70.000000,1391.00,6.9550,18.362913
9.439405,51.705354,70.000000,1391.00,6.9550,18.294646
9.449395,51.772904,70.000000,1391.00,6.9550,18.227096
9.459476,51.840027,70.000000,1391.00,6.9550,18.159973
9.469486,51.906773,70.000000,1391.00,6.9550,18.093227
9.479558,51.972820,70.000000,1391.00,6.9550,18.027180
9.489759,52.038240,70.000000,1391.00,6.9550,17.961760
9.499714,52.102976,70.000000,1392.00,6.9600,17.897024
9.509738,52.167151,70.000000,1392.00,6.9600,17.832849
9.519755,52.230547,70.000000,1392.00,6.9600,17.769453
9.529812,52.293320,70.000000,1392.00,6.9600,17.706680
9.539861,52.355346,70.000000,1392.00,6.9600,17.644654
9.549855,52.416546,70.000000,1392.00,6.9600,17.583454
9.559881,52.477161,70.000000,1392.00,6.9600,17.522839
9.569924,52.536823,70.000000,1392.00,6.9600,17.463177
9.579906,52.595365,70.000000,1392.00,6.9600,17.404635
9.590008,52.652908,70.000000,1392.00,6.9600,17.347092
9.600172,52.709398,70.000000,1392.00,6.9600,17.290602
9.610228,52.764997,70.000000,1392.00,6.9600,17.235003
9.620275,52.819400,70.000000,1393.00,6.9650,17.180600
9.630309,52.872793,70.000000,1393.00,6.9650,17.127207
9.640376,52.925159,70.000000,1393.00,6.9650,17.074841
9.650399,52.976120,70.000000,1393.00,6.9650,17.023880
9.660399,53.025938,70.000000,1393.00,6.9650,16.974062
9.670405,53.074517,70.000000,1393.00,6.9650,16.925483
9.680459,53.122176,70.000000,1393.00,6.9650,16.877824
9.690512,53.168827,70.000000,1393.00,6.9650,16.831173
9.700521,53.214337,70.000000,1393.00,6.9650,16.785663
9.710593,53.258863,70.000000,1393.00,6.9650,16.741137
9.720641,53.302226,70.000000,1393.00,6.9650,16.697774
9.730847,53.344307,70.000000,1393.00,6.9650,16.655693
9.740784,53.385352,70.000000,1394.00,6.9700,16.614648
9.750766,53.424876,70.000000,1394.00,6.9700,16.575124
9.760916,53.463375,70.000000,1394.00,6.9700,16.536625
9.770921,53.500662,70.000000,1394.00,6.9700,16.499338
9.781056,53.536899,70.000000,1394.00,6.9700,16.463101
9.791044,53.571900,70.000000,1394.00,6.9700,16.428100
9.800990,53.605780,70.000000,1394.00,6.9700,16.394220
9.811067,53.638653,70.000000,1394.00,6.9700,16.361347
9.821148,53.670628,70.000000,1394.00,6.9700,16.329372
9.831209,53.701675,70.000000,1394.00,6.9700,16.298325
9.841248,53.731733,70.000000,1394.00,6.9700,16.268267
9.851159,53.760693,70.000000,1394.00,6.9700,16.239307
9.861334,53.788470,70.000000,1394.00,6.9700,16.211530
9.871366,53.815336,70.000000,1395.00,6.9750,16.184664
9.881332,53.841405,70.000000,1395.00,6.9750,16.158595
9.891409,53.866672,70.000000,1395.00,6.9750,16.133328
9.901342,53.891023,70.000000,1395.00,6.9750,16.108977
9.911473,53.914376,70.000000,1395.00,6.9750,16.085624
9.921529,53.936887,70.000000,1395.00,6.9750,16.063113
9.931671,53.958687,70.000000,1395.00,6.9750,16.041313
9.941735,53.979721,70.000000,1395.00,6.9750,16.020279
9.951624,54.000053,70.000000,1395.00,6.9750,15.999947
9.961789,54.019912,70.000000,1395.00,6.9750,15.980088
9.971793,54.039131,70.000000,1395.00,6.9750,15.960869
9.981799,54.057530,70.000000,1395.00,6.9750,15.942470
9.991997,54.075159,70.000000,1395.00,6.9750,15.924841
10.001830,54.091937,70.000000,1396.00,6.9800,15.908063
10.011927,54.108033,70.000000,1396.00,6.9800,15.891967
10.021981,54.123871,70.000000,1396.00,6.9800,15.876129
10.031913,54.138982,70.000000,1396.00,6.9800,15.861018
10.042059,54.153551,70.000000,1396.00,6.9800,15.846449
10.051988,54.167479,70.000000,1396.00,6.9800,15.832521
10.062163,54.181205,70.000000,1396.00,6.9800,15.818795
10.072150,54.194286,70.000000,1396.00,6.9800,15.805714
10.082163,54.206815,70.000000,1396.00,6.9800,15.793185
10.092218,54.219073,70.000000,1396.00,6.9800,15.780927
10.102180,54.231161,70.000000,1396.00,6.9800,15.768839
10.112300,54.242899,70.000000,1396.00,6.9800,15.757101
10.122361,54.254262,70.000000,1396.00,6.9800,15.745738
10.132272,54.265652,70.000000,1396.00,6.9800,15.734348
10.142470,54.276863,70.000000,1397.00,6.9850,15.723137
10.152426,54.287929,70.000000,1397.00,6.9850,15.712071
10.162451,54.299030,70.000000,1397.00,6.9850,15.700970
10.172541,54.309911,70.000000,1397.00,6.9850,15.690089
10.182505,54.320966,70.000000,1397.00,6.9850,15.679034
10.192540,54.332110,70.000000,1397.00,6.9850,15.667890
10.202636,54.343315,70.000000,1397.00,6.9850,15.656685
10.212689,54.354780,70.000000,1397.00,6.9850,15.645220
10.222706,54.366188,70.000000,1397.00,6.9850,15.633812
10.232675,54.377712,70.000000,1397.00,6.9850,15.622288
10.242752,54.389984,70.000000,1397.00,6.9850,15.610016
10.252819,54.402521,70.000000,1397.00,6.9850,15.597479
10.262880,54.415124,70.000000,1397.00,6.9850,15.584876
10.272911,54.428044,70.000000,1397.00,6.9850,15.571956
10.283020,54.441215,70.000000,1397.00,6.9850,15.558785
10.293042,54.454633,70.000000,1398.00,6.9900,15.545367
10.303059,54.468571,70.000000,1398.00,6.9900,15.531429
10.313183,54.483341,70.000000,1398.00,6.9900,15.516659
10.323211,54.498539,70.000000,1398.00,6.9900,15.501461
10.333221,54.514425,70.000000,1398.00,6.9900,15.485575
10.343352,54.530500,70.000000,1398.00,6.9900,15.469500
10.353333,54.547335,70.000000,1398.00,6.9900,15.452665
10.363519,54.564949,70.000000,1398.00,6.9900,15.435051
10.373449,54.583174,70.000000,1398.00,6.9900,15.416826
10.383478,54.602089,70.000000,1398.00,6.9900,15.397911
10.393592,54.621619,70.000000,1398.00,6.9900,15.378381
10.403615,54.642200,70.000000,1398.00,6.9900,15.357800
10.413670,54.663859,70.000000,1398.00,6.9900,15.336141
10.423671,54.686430,70.000000,1398.00,6.9900,15.313570
10.433721,54.709929,70.000000,1398.00,6.9900,15.290071
10.443764,54.734671,70.000000,1398.00,6.9900,15.265329
10.453810,54.760205,70.000000,1398.00,6.9900,15.239795
10.463995,54.786508,70.000000,1399.00,6.9950,15.213492
10.473880,54.813965,70.000000,1399.00,6.9950,15.186035
10.483906,54.842358,70.000000,1399.00,6.9950,15.157642
10.494120,54.871936,70.000000,1399.00,6.9950,15.128064
10.504046,54.902357,70.000000,1399.00,6.9950,15.097643
10.514198,54.933543,70.000000,1399.00,6.9950,15.066457
10.524101,54.965549,70.000000,1399.00,6.9950,15.034451
10.534085,54.998786,70.000000,1399.00,6.9950,15.001214
10.544224,55.032699,70.000000,1399.00,6.9950,14.967301
10.554284,55.067430,70.000000,1399.00,6.9950,14.932570
10.564364,55.102792,70.000000,1399.00,6.9950,14.897208
10.574327,55.138972,70.000000,1399.00,6.9950,14.861028
10.584300,55.175891,70.000000,1399.00,6.9950,14.824109
10.594316,55.213393,70.000000,1399.00,6.9950,14.786607
10.604431,55.251622,70.000000,1399.00,6.9950,14.748378
10.614557,55.290545,70.000000,1400.00,7.0000,14.709455
10.624522,55.330207,70.000000,1399.00,6.9950,14.669793
10.634537,55.370567,70.000000,1399.00,6.9950,14.629433
10.644641,55.411840,70.000000,1400.00,7.0000,14.588160
10.654670,55.453976,70.000000,1400.00,7.0000,14.546024
10.664717,55.497285,70.000000,1400.00,7.0000,14.502715
10.674794,55.541721,70.000000,1400.00,7.0000,14.458279
10.684726,55.587480,70.000000,1400.00,7.0000,14.412520
10.694881,55.634700,70.000000,1400.00,7.0000,14.365300
10.704883,55.683194,70.000000,1400.00,7.0000,14.316806
10.714939,55.732865,70.000000,1400.00,7.0000,14.267135
10.724939,55.783711,70.000000,1400.00,7.0000,14.216289
10.734931,55.835456,70.000000,1400.00,7.0000,14.164544
10.745110,55.888259,70.000000,1400.00,7.0000,14.111741
10.755155,55.942535,70.000000,1400.00,7.0000,14.057465
10.765136,55.997775,70.000000,1400.00,7.0000,14.002225
10.775208,56.054135,70.000000,1400.00,7.0000,13.945865
10.785149,56.110929,70.000000,1400.00,7.0000,13.889071
10.795270,56.168500,70.000000,1400.00,7.0000,13.831500
10.805281,56.226500,70.000000,1400.00,7.0000,13.773500
10.815451,56.284986,70.000000,1400.00,7.0000,13.715014
10.825380,56.343626,70.000000,1400.00,7.0000,13.656374
10.835379,56.402611,70.000000,1400.00,7.0000,13.597389
10.845622,56.461867,70.000000,1401.00,7.0050,13.538133
10.855528,56.521458,70.000000,1401.00,7.0050,13.478542
10.865556,56.581370,70.000000,1401.00,7.0050,13.418630
10.875596,56.641920,70.000000,1401.00,7.0050,13.358080
10.885648,56.703154,70.000000,1401.00,7.0050,13.296846
10.895801,56.765390,70.000000,1401.00,7.0050,13.234610
10.905791,56.828567,70.000000,1401.00,7.0050,13.171433
10.915875,56.892753,70.000000,1401.00,7.0050,13.107247
10.925852,56.957520,70.000000,1401.00,7.0050,13.042480
10.935897,57.023043,70.000000,1401.00,7.0050,12.976957
10.946038,57.089048,70.000000,1401.00,7.0050,12.910952
10.956000,57.155435,70.000000,1401.00,7.0050,12.844565
10.966124,57.222125,70.000000,1401.00,7.0050,12.777875
10.976068,57.288905,70.000000,1401.00,7.0050,12.711095
10.986141,57.355878,70.000000,1401.00,7.0050,12.644122
10.996139,57.422716,70.000000,1401.00,7.0050,12.577284
11.006237,57.489311,70.000000,1401.00,7.0050,12.510689
11.016249,57.555593,70.000000,1401.00,7.0050,12.444407
11.026230,57.621357,70.000000,1401.00,7.0050,12.378643
11.036311,57.686842,70.000000,1401.00,7.0050,12.313158
11.046352,57.752020,70.000000,1402.00,7.0100,12.247980
11.056379,57.817008,70.000000,1402.00,7.0100,12.182992
11.066522,57.881858,70.000000,1402.00,7.0100,12.118142
11.076464,57.946415,70.000000,1402.00,7.0100,12.053585
11.086542,58.011128,70.000000,1402.00,7.0100,11.988872
11.096604,58.076128,70.000000,1402.00,7.0100,11.923872
11.106629,58.141557,70.000000,1402.00,7.0100,11.858443
11.116663,58.207098,70.000000,1402.00,7.0100,11.792902
11.126640,58.272696,70.000000,1402.00,7.0100,11.727304
11.136733,58.338198,70.000000,1402.00,7.0100,11.661802
11.146820,58.403685,70.000000,1402.00,7.0100,11.596315
11.156803,58.469032,70.000000,1402.00,7.0100,11.530968
11.166843,58.534092,70.000000,1402.00,7.0100,11.465908
11.176824,58.598677,70.000000,1402.00,7.0100,11.401323
11.186974,58.662792,70.000000,1402.00,7.0100,11.337208
11.197072,58.726452,70.000000,1402.00,7.0100,11.273548
11.206998,58.789606,70.000000,1402.00,7.0100,11.210394
11.217052,58.851733,70.000000,1402.00,7.0100,11.148267
11.227112,58.913401,70.000000,1402.00,7.0100,11.086599
11.237137,58.974621,70.000000,1402.00,7.0100,11.025379
11.247265,59.035659,70.000000,1402.00,7.0100,10.964341
11.257230,59.096241,70.000000,1403.00,7.0150,10.903759
11.267208,59.156636,70.000000,1403.00,7.0150,10.843364
11.277307,59.216864,70.000000,1403.00,7.0150,10.783136
11.287341,59.276750,70.000000,1403.00,7.0150,10.723250
11.297686,59.336539,70.000000,1403.00,7.0150,10.663461
11.307505,59.396066,70.000000,1403.00,7.0150,10.603934
11.317464,59.455357,70.000000,1403.00,7.0150,10.544643
11.327552,59.514132,70.000000,1403.00,7.0150,10.485868
11.337601,59.572355,70.000000,1403.00,7.0150,10.427645
11.347726,59.629548,70.000000,1403.00,7.0150,10.370452
11.357637,59.685878,70.000000,1403.00,7.0150,10.314122
11.367659,59.741161,70.000000,1403.00,7.0150,10.258839
11.377669,59.795950,70.000000,1403.00,7.0150,10.204050
11.387781,59.849799,70.000000,1403.00,7.0150,10.150201
11.397867,59.902684,70.000000,1403.00,7.0150,10.097316
11.407842,59.954490,70.000000,1403.00,7.0150,10.045510
11.417816,60.006076,70.000000,1403.00,7.0150,9.993924
11.427870,60.057242,70.000000,1403.00,7.0150,9.942758
11.437910,60.108484,70.000000,1403.00,7.0150,9.891516
11.448017,60.159110,70.000000,1403.00,7.0150,9.840890
11.458075,60.209432,70.000000,1403.00,7.0150,9.790568
11.467992,60.259499,70.000000,1404.00,7.0200,9.740501
11.478259,60.308944,70.000000,1404.00,7.0200,9.691056
11.488249,60.357544,70.000000,1404.00,7.0200,9.642456
11.498266,60.405008,70.000000,1404.00,7.0200,9.594992
11.508323,60.451309,70.000000,1404.00,7.0200,9.548691
11.518242,60.496543,70.000000,1404.00,7.0200,9.503457
11.528322,60.540568,70.000000,1404.00,7.0200,9.459432
11.538421,60.583298,70.000000,1404.00,7.0200,9.416702
11.548482,60.625162,70.000000,1404.00,7.0200,9.374838
11.558454,60.666697,70.000000,1404.00,7.0200,9.333303
11.568461,60.707548,70.000000,1404.00,7.0200,9.292452
11.578489,60.747724,70.000000,1404.00,7.0200,9.252276
11.588674,60.787279,70.000000,1404.00,7.0200,9.212721
11.598798,60.826795,70.000000,1404.00,7.0200,9.173205
11.608938,60.865550,70.000000,1404.00,7.0200,9.134450
11.619144,60.903665,70.000000,1404.00,7.0200,9.096335
11.628998,60.940799,70.000000,1404.00,7.0200,9.059201
11.639093,60.977270,70.000000,1404.00,7.0200,9.022730
11.649102,61.012393,70.000000,1404.00,7.0200,8.987607
11.659147,61.046592,70.000000,1404.00,7.0200,8.953408
11.669202,61.080072,70.000000,1404.00,7.0200,8.919928
11.679305,61.112509,70.000000,1404.00,7.0200,8.887491
11.689292,61.144448,70.000000,1405.00,7.0250,8.855552
11.699425,61.175846,70.000000,1405.00,7.0250,8.824154
11.709374,61.206516,70.000000,1405.00,7.0250,8.793484
11.719408,61.236808,70.000000,1405.00,7.0250,8.763192
11.729481,61.267031,70.000000,1405.00,7.0250,8.732969
11.739535,61.296845,70.000000,1405.00,7.0250,8.703155
11.749538,61.326200,70.000000,1405.00,7.0250,8.673800
11.759571,61.354943,70.000000,1405.00,7.0250,8.645057
11.769647,61.383155,70.000000,1405.00,7.0250,8.616845
11.779643,61.410305,70.000000,1405.00,7.0250,8.589695
11.789767,61.436844,70.000000,1405.00,7.0250,8.563156
11.799985,61.462823,70.000000,1405.00,7.0250,8.537177
11.809830,61.488062,70.000000,1405.00,7.0250,8.511938
11.819885,61.512711,70.000000,1405.00,7.0250,8.487289
11.829946,61.536723,70.000000,1405.00,7.0250,8.463277
11.840033,61.560265,70.000000,1405.00,7.0250,8.439735
11.850170,61.583320,70.000000,1405.00,7.0250,8.416680
11.859979,61.606298,70.000000,1405.00,7.0250,8.393702
11.870102,61.628936,70.000000,1405.00,7.0250,8.371064
11.880245,61.650935,70.000000,1405.00,7.0250,8.349065
11.890178,61.672637,70.000000,1405.00,7.0250,8.327363
11.900373,61.694131,70.000000,1405.00,7.0250,8.305869
11.910513,61.715211,70.000000,1405.00,7.0250,8.284789
11.920357,61.736058,70.000000,1405.00,7.0250,8.263942
11.930426,61.757035,70.000000,1406.00,7.0300,8.242965
11.940372,61.777581,70.000000,1406.00,7.0300,8.222419
11.950373,61.797616,70.000000,1406.00,7.0300,8.202384
11.960442,61.816957,70.000000,1406.00,7.0300,8.183043
11.970557,61.836340,70.000000,1406.00,7.0300,8.163660
11.980612,61.855528,70.000000,1406.00,7.0300,8.144472
11.990632,61.874350,70.000000,1406.00,7.0300,8.125650
12.000591,61.893109,70.000000,1406.00,7.0300,8.106891
12.010701,61.911942,70.000000,1406.00,7.0300,8.088058
12.020721,61.930333,70.000000,1406.00,7.0300,8.069667
12.030701,61.948213,70.000000,1406.00,7.0300,8.051787
12.040790,61.966117,70.000000,1406.00,7.0300,8.033883
12.050753,61.983936,70.000000,1406.00,7.0300,8.016064
12.060807,62.001584,70.000000,1406.00,7.0300,7.998416
12.070910,62.019128,70.000000,1406.00,7.0300,7.980872
12.081023,62.037129,70.000000,1406.00,7.0300,7.962871
12.091014,62.055218,70.000000,1406.00,7.0300,7.944782
12.100959,62.073473,70.000000,1406.00,7.0300,7.926527
12.111057,62.091765,70.000000,1406.00,7.0300,7.908235
12.121119,62.110072,70.000000,1406.00,7.0300,7.889928
12.131147,62.128515,70.000000,1406.00,7.0300,7.871485
12.141197,62.147041,70.000000,1406.00,7.0300,7.852959
12.151159,62.165779,70.000000,1406.00,7.0300,7.834221
12.161235,62.184251,70.000000,1406.00,7.0300,7.815749
12.171351,62.202896,70.000000,1406.00,7.0300,7.797104
12.181412,62.221115,70.000000,1406.00,7.0300,7.778885
12.191399,62.239301,70.000000,1406.00,7.0300,7.760699
12.201357,62.257400,70.000000,1406.00,7.0300,7.742600
12.211398,62.275418,70.000000,1406.00,7.0300,7.724582
12.221468,62.293687,70.000000,1407.00,7.0350,7.706313
12.231517,62.312454,70.000000,1407.00,7.0350,7.687546
12.241517,62.331543,70.000000,1407.00,7.0350,7.668457
12.251510,62.350726,70.000000,1407.00,7.0350,7.649274
12.261611,62.370225,70.000000,1407.00,7.0350,7.629775
12.271680,62.389666,70.000000,1407.00,7.0350,7.610334
12.281667,62.409222,70.000000,1407.00,7.0350,7.590778
12.291749,62.428905,70.000000,1407.00,7.0350,7.571095
12.301700,62.448636,70.000000,1407.00,7.0350,7.551364
12.311796,62.468602,70.000000,1407.00,7.0350,7.531398
12.321848,62.489012,70.000000,1407.00,7.0350,7.510988
12.331832,62.510097,70.000000,1407.00,7.0350,7.489903
12.341928,62.531460,70.000000,1407.00,7.0350,7.468540
12.351924,62.553063,70.000000,1407.00,7.0350,7.446937
12.361993,62.574972,70.000000,1407.00,7.0350,7.425028
12.372032,62.596604,70.000000,1407.00,7.0350,7.403396
12.382086,62.618249,70.000000,1407.00,7.0350,7.381751
12.392090,62.640295,70.000000,1407.00,7.0350,7.359705
12.402156,62.662125,70.000000,1407.00,7.0350,7.337875
12.412134,62.683947,70.000000,1407.00,7.0350,7.316053
12.422234,62.705950,70.000000,1407.00,7.0350,7.294050
12.432285,62.728271,70.000000,1407.00,7.0350,7.271729
12.442282,62.751090,70.000000,1407.00,7.0350,7.248910
12.452331,62.774176,70.000000,1407.00,7.0350,7.225824
12.462414,62.797603,70.000000,1407.00,7.0350,7.202397
12.472457,62.821311,70.000000,1407.00,7.0350,7.178689
12.482467,62.845016,70.000000,1407.00,7.0350,7.154984
12.492603,62.868869,70.000000,1407.00,7.0350,7.131131
12.502570,62.892939,70.000000,1407.00,7.0350,7.107061
12.512567,62.917104,70.000000,1407.00,7.0350,7.082896
12.522642,62.941635,70.000000,1407.00,7.0350,7.058365
12.532678,62.966567,70.000000,1407.00,7.0350,7.033433
12.542718,62.992147,70.000000,1407.00,7.0350,7.007853
12.552785,63.018160,70.000000,1407.00,7.0350,6.981840
12.562806,63.045007,70.000000,1407.00,7.0350,6.954993
12.572825,63.072408,70.000000,1407.00,7.0350,6.927592
12.582930,63.099990,70.000000,1408.00,7.0400,6.900010
12.593113,63.127429,70.000000,1408.00,7.0400,6.872571
12.603088,63.154708,70.000000,1408.00,7.0400,6.845292
12.613111,63.181899,70.000000,1408.00,7.0400,6.818101
12.623146,63.209639,70.000000,1408.00,7.0400,6.790361
12.633182,63.237609,70.000000,1408.00,7.0400,6.762391
12.643209,63.266220,70.000000,1408.00,7.0400,6.733780
12.653310,63.295550,70.000000,1408.00,7.0400,6.704450
12.663383,63.325378,70.000000,1408.00,7.0400,6.674622
12.673400,63.355730,70.000000,1408.00,7.0400,6.644270
12.683501,63.386628,70.000000,1408.00,7.0400,6.613372
12.693551,63.417566,70.000000,1408.00,7.0400,6.582434
12.703646,63.448795,70.000000,1408.00,7.0400,6.551205
12.713708,63.480320,70.000000,1408.00,7.0400,6.519680
12.723702,63.512104,70.000000,1408.00,7.0400,6.487896
12.733688,63.544336,70.000000,1408.00,7.0400,6.455664
12.743733,63.577168,70.000000,1408.00,7.0400,6.422832
12.753807,63.610403,70.000000,1408.00,7.0400,6.389597
12.764004,63.644162,70.000000,1408.00,7.0400,6.355838
12.773935,63.678326,70.000000,1408.00,7.0400,6.321674
12.783973,63.712890,70.000000,1408.00,7.0400,6.287110
12.794011,63.747378,70.000000,1408.00,7.0400,6.252622
12.804108,63.782090,70.000000,1408.00,7.0400,6.217910
12.814220,63.817054,70.000000,1408.00,7.0400,6.182946
12.824159,63.852353,70.000000,1408.00,7.0400,6.147647
12.834160,63.888035,70.000000,1408.00,7.0400,6.111965
12.844332,63.924289,70.000000,1408.00,7.0400,6.075711
12.854364,63.960937,70.000000,1408.00,7.0400,6.039063
12.864356,63.998030,70.000000,1408.00,7.0400,6.001970
12.874377,64.035561,70.000000,1408.00,7.0400,5.964439
12.884449,64.073392,70.000000,1408.00,7.0400,5.926608
12.894491,64.111380,70.000000,1408.00,7.0400,5.888620
12.904529,64.149335,70.000000,1409.00,7.0450,5.850665
12.914660,64.187665,70.000000,1408.00,7.0400,5.812335
12.924797,64.226453,70.000000,1408.00,7.0400,5.773547
12.934632,64.265578,70.000000,1408.00,7.0400,5.734422
12.944853,64.305100,70.000000,1408.00,7.0400,5.694900
12.954817,64.344922,70.000000,1408.00,7.0400,5.655078
12.964900,64.385123,70.000000,1408.00,7.0400,5.614877
12.974937,64.425544,70.000000,1408.00,7.0400,5.574456
12.985007,64.465848,70.000000,1408.00,7.0400,5.534152
12.995014,64.506308,70.000000,1408.00,7.0400,5.493692
13.005078,64.546435,70.000000,1408.00,7.0400,5.453565
13.015095,64.586401,70.000000,1408.00,7.0400,5.413599
13.025158,64.626421,70.000000,1408.00,7.0400,5.373579
13.035168,64.666380,70.000000,1409.00,7.0450,5.333620
13.045427,64.707011,70.000000,1409.00,7.0450,5.292989
13.055308,64.748130,70.000000,1409.00,7.0450,5.251870
13.065301,64.789556,70.000000,1409.00,7.0450,5.210444
13.075302,64.831267,70.000000,1409.00,7.0450,5.168733
13.085323,64.872663,70.000000,1409.00,7.0450,5.127337
13.095378,64.914189,70.000000,1409.00,7.0450,5.085811
13.105432,64.955848,70.000000,1409.00,7.0450,5.044152
13.115671,64.997649,70.000000,1409.00,7.0450,5.002351
13.125488,65.039367,70.000000,1409.00,7.0450,4.960633
13.135571,65.081225,70.000000,1409.00,7.0450,4.918775
13.145842,65.123356,70.000000,1409.00,7.0450,4.876644
13.155698,65.165789,70.000000,1409.00,7.0450,4.834211
13.165762,65.208034,70.000000,1409.00,7.0450,4.791966
13.175782,65.250331,70.000000,1409.00,7.0450,4.749669
13.185777,65.292539,70.000000,1409.00,7.0450,4.707461
13.195933,65.334677,70.000000,1409.00,7.0450,4.665323
13.205861,65.376585,70.000000,1409.00,7.0450,4.623415
13.215913,65.418306,70.000000,1409.00,7.0450,4.581694
13.225930,65.460198,70.000000,1409.00,7.0450,4.539802
13.235977,65.502623,70.000000,1409.00,7.0450,4.497377
13.246061,65.545337,70.000000,1409.00,7.0450,4.454663
13.256128,65.588272,70.000000,1409.00,7.0450,4.411728
13.266193,65.631457,70.000000,1409.00,7.0450,4.368543
13.276228,65.674271,70.000000,1409.00,7.0450,4.325729
13.286264,65.716368,70.000000,1409.00,7.0450,4.283632
13.296360,65.758330,70.000000,1409.00,7.0450,4.241670
13.306378,65.800002,70.000000,1409.00,7.0450,4.199998
13.316418,65.841910,70.000000,1409.00,7.0450,4.158090
13.326392,65.883888,70.000000,1409.00,7.0450,4.116112
13.336481,65.925748,70.000000,1409.00,7.0450,4.074252
13.346623,65.967387,70.000000,1409.00,7.0450,4.032613
13.356526,66.008837,70.000000,1409.00,7.0450,3.991163
13.366547,66.050046,70.000000,1409.00,7.0450,3.949954
13.376710,66.090342,70.000000,1409.00,7.0450,3.909658
13.386726,66.130067,70.000000,1409.00,7.0450,3.869933
13.396923,66.169249,70.000000,1409.00,7.0450,3.830751
13.406841,66.208064,70.000000,1409.00,7.0450,3.791936
13.416800,66.246563,70.000000,1409.00,7.0450,3.753437
13.426852,66.285012,70.000000,1409.00,7.0450,3.714988
13.436926,66.323151,70.000000,1409.00,7.0450,3.676849
13.447085,66.361154,70.000000,1409.00,7.0450,3.638846
13.457038,66.398347,70.000000,1409.00,7.0450,3.601653
13.467010,66.434991,70.000000,1409.00,7.0450,3.565009
13.477054,66.471161,70.000000,1409.00,7.0450,3.528839
13.487174,66.506992,70.000000,1409.00,7.0450,3.493008
13.497120,66.542373,70.000000,1409.00,7.0450,3.457627
13.507265,66.577992,70.000000,1409.00,7.0450,3.422008
13.517146,66.613493,70.000000,1409.00,7.0450,3.386507
13.527155,66.649175,70.000000,1409.00,7.0450,3.350825
13.537232,66.684444,70.000000,1409.00,7.0450,3.315556
13.547372,66.719829,70.000000,1409.00,7.0450,3.280171
13.557379,66.754796,70.000000,1409.00,7.0450,3.245204
13.567276,66.789476,70.000000,1409.00,7.0450,3.210524
13.577340,66.824222,70.000000,1409.00,7.0450,3.175778
13.587398,66.858588,70.000000,1409.00,7.0450,3.141412
13.597499,66.892763,70.000000,1409.00,7.0450,3.107237
13.607628,66.926494,70.000000,1409.00,7.0450,3.073506
13.617493,66.959897,70.000000,1409.00,7.0450,3.040103
13.627539,66.993350,70.000000,1409.00,7.0450,3.006650
13.637641,67.026110,70.000000,1410.00,7.0500,2.973890
13.647716,67.058119,70.000000,1410.00,7.0500,2.941881
13.657742,67.089464,70.000000,1410.00,7.0500,2.910536
13.667710,67.120448,70.000000,1410.00,7.0500,2.879552
13.677743,67.151000,70.000000,1410.00,7.0500,2.849000
13.687797,67.181545,70.000000,1410.00,7.0500,2.818455
13.697849,67.212073,70.000000,1410.00,7.0500,2.787927
13.707911,67.241788,70.000000,1410.00,7.0500,2.758212
13.717853,67.270993,70.000000,1410.00,7.0500,2.729007
13.727889,67.299708,70.000000,1410.00,7.0500,2.700292
13.737978,67.328557,70.000000,1410.00,7.0500,2.671443
13.748075,67.356676,70.000000,1410.00,7.0500,2.643324
13.758109,67.384757,70.000000,1410.00,7.0500,2.615243
13.768164,67.412250,70.000000,1410.00,7.0500,2.587750
13.778250,67.439558,70.000000,1410.00,7.0500,2.560442
13.788309,67.466626,70.000000,1410.00,7.0500,2.533374
13.798291,67.493395,70.000000,1410.00,7.0500,2.506605
13.808461,67.519642,70.000000,1410.00,7.0500,2.480358
13.818429,67.545317,70.000000,1410.00,7.0500,2.454683
13.828389,67.570459,70.000000,1410.00,7.0500,2.429541
13.838484,67.594792,70.000000,1410.00,7.0500,2.405208
13.848616,67.618763,70.000000,1410.00,7.0500,2.381237
13.858580,67.642784,70.000000,1410.00,7.0500,2.357216
13.868579,67.666304,70.000000,1410.00,7.0500,2.333696
13.878571,67.689179,70.000000,1410.00,7.0500,2.310821
13.888637,67.711403,70.000000,1410.00,7.0500,2.288597
13.898760,67.733232,70.000000,1410.00,7.0500,2.266768
13.908974,67.754429,70.000000,1410.00,7.0500,2.245571
13.918846,67.774713,70.000000,1410.00,7.0500,2.225287
13.928841,67.794236,70.000000,1410.00,7.0500,2.205764
13.938940,67.813297,70.000000,1410.00,7.0500,2.186703
13.949049,67.831759,70.000000,1410.00,7.0500,2.168241
13.959040,67.849772,70.000000,1410.00,7.0500,2.150228
13.969115,67.867337,70.000000,1410.00,7.0500,2.132663
13.979207,67.884332,70.000000,1410.00,7.0500,2.115668
13.989274,67.900531,70.000000,1410.00,7.0500,2.099469
13.999264,67.916656,70.000000,1410.00,7.0500,2.083344
14.009361,67.932222,70.000000,1410.00,7.0500,2.067778
14.019350,67.947308,70.000000,1410.00,7.0500,2.052692
14.029402,67.962323,70.000000,1410.00,7.0500,2.037677
14.039474,67.977664,70.000000,1410.00,7.0500,2.022336
14.049530,67.992786,70.000000,1410.00,7.0500,2.007214
14.059523,68.007069,70.000000,1410.00,7.0500,1.992931
14.069583,68.020759,70.000000,1410.00,7.0500,1.979241
14.079624,68.033718,70.000000,1410.00,7.0500,1.966282
14.089744,68.046148,70.000000,1410.00,7.0500,1.953852
14.099680,68.058605,70.000000,1410.00,7.0500,1.941395
14.109833,68.070716,70.000000,1410.00,7.0500,1.929284
14.119797,68.082678,70.000000,1410.00,7.0500,1.917322
14.130054,68.094414,70.000000,1410.00,7.0500,1.905586
14.139992,68.105933,70.000000,1410.00,7.0500,1.894067
14.149867,68.117310,70.000000,1410.00,7.0500,1.882690
14.160059,68.128549,70.000000,1410.00,7.0500,1.871451
14.170064,68.139597,70.000000,1410.00,7.0500,1.860403
14.180181,68.150059,70.000000,1410.00,7.0500,1.849941
14.190191,68.160122,70.000000,1410.00,7.0500,1.839878
14.200137,68.169964,70.000000,1410.00,7.0500,1.830036
14.210275,68.179536,70.000000,1410.00,7.0500,1.820464
14.220272,68.188736,70.000000,1410.00,7.0500,1.811264
14.230448,68.197708,70.000000,1410.00,7.0500,1.802292
14.240413,68.206520,70.000000,1410.00,7.0500,1.793480
14.250384,68.215202,70.000000,1410.00,7.0500,1.784798
14.260496,68.223535,70.000000,1410.00,7.0500,1.776465
14.270482,68.231635,70.000000,1410.00,7.0500,1.768365
14.280577,68.239316,70.000000,1410.00,7.0500,1.760684
14.290707,68.246333,70.000000,1410.00,7.0500,1.753667
14.300602,68.253197,70.000000,1410.00,7.0500,1.746803
14.310735,68.259695,70.000000,1410.00,7.0500,1.740305
14.320761,68.265931,70.000000,1410.00,7.0500,1.734069
14.330771,68.272041,70.000000,1410.00,7.0500,1.727959
14.340887,68.277863,70.000000,1410.00,7.0500,1.722137
14.350842,68.283661,70.000000,1410.00,7.0500,1.716339
14.360930,68.289523,70.000000,1410.00,7.0500,1.710477
14.370964,68.295121,70.000000,1410.00,7.0500,1.704879
14.381012,68.301073,70.000000,1410.00,7.0500,1.698927
14.391081,68.306550,70.000000,1410.00,7.0500,1.693450
14.401036,68.312168,70.000000,1410.00,7.0500,1.687832
14.411161,68.317274,70.000000,1410.00,7.0500,1.682726
14.421175,68.322596,70.000000,1410.00,7.0500,1.677404
14.431193,68.328241,70.000000,1410.00,7.0500,1.671759
14.441341,68.334010,70.000000,1410.00,7.0500,1.665990
14.451302,68.339697,70.000000,1410.00,7.0500,1.660303
14.461477,68.345055,70.000000,1410.00,7.0500,1.654945
14.471404,68.351106,70.000000,1410.00,7.0500,1.648894
14.481400,68.357124,70.000000,1410.00,7.0500,1.642876
14.491501,68.362698,70.000000,1410.00,7.0500,1.637302
14.501468,68.368375,70.000000,1410.00,7.0500,1.631625
14.511536,68.374002,70.000000,1410.00,7.0500,1.625998
14.521644,68.379338,70.000000,1411.00,7.0550,1.620662
14.531607,68.384564,70.000000,1411.00,7.0550,1.615436
14.541700,68.389525,70.000000,1411.00,7.0550,1.610475
14.551714,68.394442,70.000000,1411.00,7.0550,1.605558
14.561751,68.399617,70.000000,1411.00,7.0550,1.600383
14.571788,68.404827,70.000000,1411.00,7.0550,1.595173
14.581893,68.410002,70.000000,1411.00,7.0550,1.589998
14.591848,68.414934,70.000000,1411.00,7.0550,1.585066
14.601932,68.419664,70.000000,1411.00,7.0550,1.580336
14.611897,68.424805,70.000000,1411.00,7.0550,1.575195
14.621943,68.430303,70.000000,1411.00,7.0550,1.569697
14.631918,68.435777,70.000000,1411.00,7.0550,1.564223
14.642023,68.441117,70.000000,1411.00,7.0550,1.558883
14.652043,68.446286,70.000000,1411.00,7.0550,1.553714
14.662078,68.451797,70.000000,1411.00,7.0550,1.548203
14.672104,68.457586,70.000000,1411.00,7.0550,1.542414
14.682135,68.463256,70.000000,1411.00,7.0550,1.536744
14.692259,68.469434,70.000000,1411.00,7.0550,1.530566
14.702274,68.475402,70.000000,1411.00,7.0550,1.524598
14.712420,68.481310,70.000000,1411.00,7.0550,1.518690
14.722426,68.487351,70.000000,1411.00,7.0550,1.512649
14.732470,68.493261,70.000000,1411.00,7.0550,1.506739
14.742519,68.499266,70.000000,1411.00,7.0550,1.500734
14.752547,68.505602,70.000000,1411.00,7.0550,1.494398
14.762638,68.512170,70.000000,1411.00,7.0550,1.487830
14.772620,68.519223,70.000000,1411.00,7.0550,1.480777
14.782775,68.526170,70.000000,1411.00,7.0550,1.473830
14.792871,68.532975,70.000000,1411.00,7.0550,1.467025
14.802908,68.540227,70.000000,1411.00,7.0550,1.459773
14.813081,68.547200,70.000000,1411.00,7.0550,1.452800
14.822988,68.553841,70.000000,1411.00,7.0550,1.446159
14.832934,68.560201,70.000000,1411.00,7.0550,1.439799
14.843029,68.566620,70.000000,1411.00,7.0550,1.433380
14.853088,68.573170,70.000000,1411.00,7.0550,1.426830
14.863231,68.579964,70.000000,1411.00,7.0550,1.420036
14.873161,68.587125,70.000000,1411.00,7.0550,1.412875
14.883133,68.594377,70.000000,1411.00,7.0550,1.405623
14.893229,68.601660,70.000000,1411.00,7.0550,1.398340
14.903294,68.609255,70.000000,1411.00,7.0550,1.390745
14.913297,68.617235,70.000000,1411.00,7.0550,1.382765
14.923378,68.625073,70.000000,1411.00,7.0550,1.374927
14.933270,68.633302,70.000000,1411.00,7.0550,1.366698
14.943429,68.641246,70.000000,1411.00,7.0550,1.358754
14.953389,68.649137,70.000000,1411.00,7.0550,1.350863
14.963493,68.656983,70.000000,1411.00,7.0550,1.343017
14.973537,68.664736,70.000000,1411.00,7.0550,1.335264
14.983474,68.672614,70.000000,1411.00,7.0550,1.327386
14.993633,68.680849,70.000000,1411.00,7.0550,1.319151
15.003742,68.689743,70.000000,1411.00,7.0550,1.310257
15.013764,68.698801,70.000000,1411.00,7.0550,1.301199
15.023827,68.707938,70.000000,1411.00,7.0550,1.292062
15.033722,68.717513,70.000000,1411.00,7.0550,1.282487
15.043796,68.727211,70.000000,1411.00,7.0550,1.272789
15.053856,68.737416,70.000000,1411.00,7.0550,1.262584
15.063902,68.747726,70.000000,1411.00,7.0550,1.252274
15.073930,68.758181,70.000000,1411.00,7.0550,1.241819
15.083927,68.768668,70.000000,1411.00,7.0550,1.231332
15.093914,68.779089,70.000000,1411.00,7.0550,1.220911
15.104061,68.789283,70.000000,1411.00,7.0550,1.210717
15.114085,68.800064,70.000000,1411.00,7.0550,1.199936
15.124113,68.811275,70.000000,1411.00,7.0550,1.188725
15.134089,68.822894,70.000000,1411.00,7.0550,1.177106
15.144146,68.834964,70.000000,1411.00,7.0550,1.165036
15.154221,68.847039,70.000000,1411.00,7.0550,1.152961
15.164303,68.859393,70.000000,1411.00,7.0550,1.140607
15.174312,68.872346,70.000000,1411.00,7.0550,1.127654
15.184275,68.885646,70.000000,1411.00,7.0550,1.114354
15.194321,68.899204,70.000000,1411.00,7.0550,1.100796
15.204398,68.913163,70.000000,1411.00,7.0550,1.086837
15.214448,68.927431,70.000000,1411.00,7.0550,1.072569
15.224491,68.942008,70.000000,1411.00,7.0550,1.057992
15.234601,68.956492,70.000000,1411.00,7.0550,1.043508
15.244603,68.971117,70.000000,1411.00,7.0550,1.028883
15.254613,68.985908,70.000000,1411.00,7.0550,1.014092
15.264642,69.001216,70.000000,1411.00,7.0550,0.998784
15.274702,69.017006,70.000000,1411.00,7.0550,0.982994
15.284796,69.033349,70.000000,1411.00,7.0550,0.966651
15.294871,69.050236,70.000000,1411.00,7.0550,0.949764
15.304899,69.067065,70.000000,1411.00,7.0550,0.932935
15.315027,69.083846,70.000000,1411.00,7.0550,0.916154
15.324909,69.100993,70.000000,1411.00,7.0550,0.899007
15.334963,69.118744,70.000000,1411.00,7.0550,0.881256
15.345010,69.137144,70.000000,1411.00,7.0550,0.862856
15.355064,69.155832,70.000000,1411.00,7.0550,0.844168
15.365154,69.174654,70.000000,1411.00,7.0550,0.825346
15.375150,69.193971,70.000000,1411.00,7.0550,0.806029
15.385138,69.213151,70.000000,1411.00,7.0550,0.786849
15.395164,69.232746,70.000000,1411.00,7.0550,0.767254
15.405270,69.252262,70.000000,1411.00,7.0550,0.747738
15.415270,69.271671,70.000000,1411.00,7.0550,0.728329
15.425447,69.291732,70.000000,1411.00,7.0550,0.708268
15.435402,69.311775,70.000000,1411.00,7.0550,0.688225
15.445453,69.331598,70.000000,1411.00,7.0550,0.668402
15.455497,69.351467,70.000000,1411.00,7.0550,0.648533
15.465537,69.371297,70.000000,1411.00,7.0550,0.628703
15.475539,69.391231,70.000000,1411.00,7.0550,0.608769
15.485602,69.411534,70.000000,1411.00,7.0550,0.588466
15.495707,69.432125,70.000000,1411.00,7.0550,0.567875
15.505658,69.453045,70.000000,1411.00,7.0550,0.546955
15.515745,69.474362,70.000000,1411.00,7.0550,0.525638
15.525708,69.495624,70.000000,1411.00,7.0550,0.504376
15.535880,69.517169,70.000000,1411.00,7.0550,0.482831
15.545902,69.538359,70.000000,1411.00,7.0550,0.461641
15.555925,69.559347,70.000000,1411.00,7.0550,0.440653
15.565899,69.580510,70.000000,1411.00,7.0550,0.419490
15.575946,69.602196,70.000000,1411.00,7.0550,0.397804
15.586053,69.624256,70.000000,1411.00,7.0550,0.375744
15.596322,69.646426,70.000000,1411.00,7.0550,0.353574
15.606136,69.668750,70.000000,1411.00,7.0550,0.331250
15.616122,69.691123,70.000000,1411.00,7.0550,0.308877
15.626089,69.713581,70.000000,1411.00,7.0550,0.286419
15.636256,69.736431,70.000000,1411.00,7.0550,0.263569
15.646242,69.759599,70.000000,1411.00,7.0550,0.240401
15.656318,69.783275,70.000000,1411.00,7.0550,0.216725
15.666301,69.807178,70.000000,1411.00,7.0550,0.192822
15.676308,69.831178,70.000000,1411.00,7.0550,0.168822
15.686340,69.855409,70.000000,1411.00,7.0550,0.144591
15.696471,69.879593,70.000000,1411.00,7.0550,0.120407
15.706376,69.903645,70.000000,1411.00,7.0550,0.096355
15.716397,69.927750,70.000000,1411.00,7.0550,0.072250
15.726384,69.952523,70.000000,1411.00,7.0550,0.047477
15.736582,69.977242,70.000000,1411.00,7.0550,0.022758
15.746671,70.001951,70.000000,1411.00,7.0550,-0.001951
15.756538,70.026703,70.000000,1411.00,7.0550,-0.026703
15.766526,70.051369,70.000000,1411.00,7.0550,-0.051369
15.776674,70.075392,70.000000,1411.00,7.0550,-0.075392
15.786756,70.099064,70.000000,1411.00,7.0550,-0.099064
15.796845,70.122209,70.000000,1411.00,7.0550,-0.122209
15.806858,70.145306,70.000000,1411.00,7.0550,-0.145306
15.816833,70.167833,70.000000,1411.00,7.0550,-0.167833
15.826845,70.190176,70.000000,1411.00,7.0550,-0.190176
15.837057,70.212430,70.000000,1411.00,7.0550,-0.212430
15.847035,70.234891,70.000000,1411.00,7.0550,-0.234891
15.857056,70.256910,70.000000,1411.00,7.0550,-0.256910
15.867039,70.278454,70.000000,1411.00,7.0550,-0.278454
15.877095,70.300176,70.000000,1411.00,7.0550,-0.300176
15.887172,70.321469,70.000000,1411.00,7.0550,-0.321469
15.897200,70.342918,70.000000,1411.00,7.0550,-0.342918
15.907305,70.364254,70.000000,1411.00,7.0550,-0.364254
15.917283,70.385134,70.000000,1411.00,7.0550,-0.385134
15.927244,70.405778,70.000000,1411.00,7.0550,-0.405778
15.937275,70.425955,70.000000,1411.00,7.0550,-0.425955
15.947357,70.445894,70.000000,1411.00,7.0550,-0.445894
15.957374,70.465399,70.000000,1411.00,7.0550,-0.465399
15.967311,70.484299,70.000000,1411.00,7.0550,-0.484299
15.977325,70.502824,70.000000,1411.00,7.0550,-0.502824
15.987412,70.521239,70.000000,1411.00,7.0550,-0.521239
15.997474,70.539161,70.000000,1411.00,7.0550,-0.539161
16.007518,70.556773,70.000000,1411.00,7.0550,-0.556773
16.017505,70.574515,70.000000,1411.00,7.0550,-0.574515
16.027532,70.592056,70.000000,1411.00,7.0550,-0.592056
16.037630,70.609382,70.000000,1411.00,7.0550,-0.609382
16.047665,70.626707,70.000000,1411.00,7.0550,-0.626707
16.057739,70.644063,70.000000,1411.00,7.0550,-0.644063
16.067694,70.660828,70.000000,1411.00,7.0550,-0.660828
16.077686,70.677378,70.000000,1411.00,7.0550,-0.677378
16.087772,70.693429,70.000000,1411.00,7.0550,-0.693429
16.097954,70.709277,70.000000,1411.00,7.0550,-0.709277
16.107936,70.724673,70.000000,1411.00,7.0550,-0.724673
16.117908,70.739790,70.000000,1411.00,7.0550,-0.739790
16.127913,70.754932,70.000000,1411.00,7.0550,-0.754932
16.137998,70.770003,70.000000,1411.00,7.0550,-0.770003
16.148183,70.784659,70.000000,1411.00,7.0550,-0.784659
16.158319,70.798706,70.000000,1411.00,7.0550,-0.798706
16.168237,70.812196,70.000000,1411.00,7.0550,-0.812196
16.178569,70.825371,70.000000,1411.00,7.0550,-0.825371
16.188250,70.838416,70.000000,1411.00,7.0550,-0.838416
16.198396,70.851096,70.000000,1411.00,7.0550,-0.851096
16.208382,70.863141,70.000000,1411.00,7.0550,-0.863141
16.218425,70.874771,70.000000,1411.00,7.0550,-0.874771
16.228497,70.885858,70.000000,1411.00,7.0550,-0.885858
16.238603,70.896615,70.000000,1411.00,7.0550,-0.896615
16.248672,70.906727,70.000000,1411.00,7.0550,-0.906727
16.258601,70.916171,70.000000,1411.00,7.0550,-0.916171
16.268655,70.924867,70.000000,1411.00,7.0550,-0.924867
16.278644,70.932775,70.000000,1411.00,7.0550,-0.932775
16.288706,70.940109,70.000000,1411.00,7.0550,-0.940109
16.298792,70.947240,70.000000,1411.00,7.0550,-0.947240
16.308802,70.953912,70.000000,1411.00,7.0550,-0.953912
16.318849,70.959603,70.000000,1411.00,7.0550,-0.959603
16.328843,70.965214,70.000000,1411.00,7.0550,-0.965214
16.338933,70.970622,70.000000,1411.00,7.0550,-0.970622
16.348945,70.976042,70.000000,1411.00,7.0550,-0.976042
16.358897,70.980760,70.000000,1411.00,7.0550,-0.980760
16.369036,70.985187,70.000000,1411.00,7.0550,-0.985187
16.379221,70.988911,70.000000,1411.00,7.0550,-0.988911
16.389096,70.992480,70.000000,1411.00,7.0550,-0.992480
16.399097,70.995768,70.000000,1411.00,7.0550,-0.995768
16.409282,70.998388,70.000000,1411.00,7.0550,-0.998388
16.419249,71.000719,70.000000,1411.00,7.0550,-1.000719
16.429303,71.003108,70.000000,1411.00,7.0550,-1.003108
16.439306,71.004978,70.000000,1411.00,7.0550,-1.004978
16.449295,71.006437,70.000000,1411.00,7.0550,-1.006437
16.459345,71.007678,70.000000,1411.00,7.0550,-1.007678
16.469350,71.008376,70.000000,1411.00,7.0550,-1.008376
16.479547,71.008579,70.000000,1411.00,7.0550,-1.008579
16.489304,71.008560,70.000000,1411.00,7.0550,-1.008560
16.499288,71.008243,70.000000,1411.00,7.0550,-1.008243
16.509480,71.007474,70.000000,1411.00,7.0550,-1.007474
16.519470,71.006320,70.000000,1411.00,7.0550,-1.006320
16.529540,71.004759,70.000000,1411.00,7.0550,-1.004759
16.539557,71.002783,70.000000,1411.00,7.0550,-1.002783
16.549538,71.000419,70.000000,1411.00,7.0550,-1.000419
16.559570,70.997449,70.000000,1411.00,7.0550,-0.997449
16.569667,70.994323,70.000000,1411.00,7.0550,-0.994323
16.579791,70.990560,70.000000,1411.00,7.0550,-0.990560
16.589807,70.986655,70.000000,1411.00,7.0550,-0.986655
16.599775,70.982276,70.000000,1411.00,7.0550,-0.982276
16.609820,70.977908,70.000000,1411.00,7.0550,-0.977908
16.619897,70.973331,70.000000,1411.00,7.0550,-0.973331
16.629855,70.968640,70.000000,1411.00,7.0550,-0.968640
16.639977,70.963043,70.000000,1411.00,7.0550,-0.963043
16.650007,70.957617,70.000000,1411.00,7.0550,-0.957617
16.660088,70.952103,70.000000,1411.00,7.0550,-0.952103
16.670092,70.946346,70.000000,1411.00,7.0550,-0.946346
16.680222,70.940849,70.000000,1411.00,7.0550,-0.940849
16.690213,70.935509,70.000000,1411.00,7.0550,-0.935509
16.700208,70.930417,70.000000,1411.00,7.0550,-0.930417
16.710407,70.925025,70.000000,1411.00,7.0550,-0.925025
16.720342,70.919234,70.000000,1411.00,7.0550,-0.919234
16.730407,70.912947,70.000000,1411.00,7.0550,-0.912947
16.740412,70.906708,70.000000,1411.00,7.0550,-0.906708
16.750343,70.900182,70.000000,1411.00,7.0550,-0.900182
16.760289,70.893995,70.000000,1411.00,7.0550,-0.893995
16.770336,70.887653,70.000000,1411.00,7.0550,-0.887653
16.780376,70.881719,70.000000,1411.00,7.0550,-0.881719
16.790390,70.875699,70.000000,1411.00,7.0550,-0.875699
16.800424,70.869312,70.000000,1411.00,7.0550,-0.869312
16.810557,70.862717,70.000000,1411.00,7.0550,-0.862717
16.820561,70.855743,70.000000,1411.00,7.0550,-0.855743
16.830620,70.849027,70.000000,1411.00,7.0550,-0.849027
16.840717,70.841956,70.000000,1411.00,7.0550,-0.841956
16.850699,70.834679,70.000000,1411.00,7.0550,-0.834679
16.860863,70.826961,70.000000,1411.00,7.0550,-0.826961
16.870864,70.819374,70.000000,1411.00,7.0550,-0.819374
16.880874,70.811201,70.000000,1411.00,7.0550,-0.811201
16.890938,70.802616,70.000000,1411.00,7.0550,-0.802616
16.901021,70.794193,70.000000,1411.00,7.0550,-0.794193
16.911030,70.785993,70.000000,1411.00,7.0550,-0.785993
16.921057,70.777934,70.000000,1411.00,7.0550,-0.777934
16.931166,70.770226,70.000000,1411.00,7.0550,-0.770226
16.941179,70.762220,70.000000,1411.00,7.0550,-0.762220
16.951209,70.754090,70.000000,1411.00,7.0550,-0.754090
16.961273,70.746210,70.000000,1411.00,7.0550,-0.746210
16.971320,70.737900,70.000000,1411.00,7.0550,-0.737900
16.981398,70.729753,70.000000,1411.00,7.0550,-0.729753
16.991483,70.721566,70.000000,1411.00,7.0550,-0.721566
17.001485,70.713448,70.000000,1411.00,7.0550,-0.713448
17.011514,70.705312,70.000000,1411.00,7.0550,-0.705312
17.021544,70.697522,70.000000,1411.00,7.0550,-0.697522
17.031580,70.689311,70.000000,1411.00,7.0550,-0.689311
17.041632,70.680964,70.000000,1411.00,7.0550,-0.680964
17.051736,70.672537,70.000000,1411.00,7.0550,-0.672537
17.061798,70.664256,70.000000,1411.00,7.0550,-0.664256
17.071806,70.656345,70.000000,1411.00,7.0550,-0.656345
17.081910,70.648361,70.000000,1411.00,7.0550,-0.648361
17.091883,70.640341,70.000000,1411.00,7.0550,-0.640341
17.101931,70.632100,70.000000,1411.00,7.0550,-0.632100
17.112038,70.623563,70.000000,1411.00,7.0550,-0.623563
17.122049,70.615127,70.000000,1411.00,7.0550,-0.615127
17.132040,70.606878,70.000000,1411.00,7.0550,-0.606878
17.142201,70.598835,70.000000,1411.00,7.0550,-0.598835
17.152209,70.591259,70.000000,1411.00,7.0550,-0.591259
17.162317,70.583757,70.000000,1411.00,7.0550,-0.583757
17.172285,70.576636,70.000000,1411.00,7.0550,-0.576636
17.182293,70.569634,70.000000,1411.00,7.0550,-0.569634
17.192390,70.562537,70.000000,1411.00,7.0550,-0.562537
17.202436,70.555421,70.000000,1411.00,7.0550,-0.555421
17.212715,70.548542,70.000000,1411.00,7.0550,-0.548542
17.222527,70.541397,70.000000,1411.00,7.0550,-0.541397
17.232533,70.534753,70.000000,1411.00,7.0550,-0.534753
17.242699,70.527844,70.000000,1411.00,7.0550,-0.527844
17.252714,70.521289,70.000000,1411.00,7.0550,-0.521289
17.263006,70.514662,70.000000,1411.00,7.0550,-0.514662
17.272765,70.508185,70.000000,1411.00,7.0550,-0.508185
17.282756,70.501656,70.000000,1411.00,7.0550,-0.501656
17.293121,70.494915,70.000000,1411.00,7.0550,-0.494915
17.303009,70.488281,70.000000,1411.00,7.0550,-0.488281
17.313091,70.481938,70.000000,1411.00,7.0550,-0.481938
17.323042,70.475639,70.000000,1411.00,7.0550,-0.475639
17.333024,70.469699,70.000000,1411.00,7.0550,-0.469699
17.343180,70.463832,70.000000,1411.00,7.0550,-0.463832
17.353254,70.458075,70.000000,1411.00,7.0550,-0.458075
17.363312,70.452630,70.000000,1411.00,7.0550,-0.452630
17.373288,70.447274,70.000000,1411.00,7.0550,-0.447274
17.383241,70.442188,70.000000,1411.00,7.0550,-0.442188
17.393348,70.437083,70.000000,1411.00,7.0550,-0.437083
17.403400,70.432169,70.000000,1411.00,7.0550,-0.432169
17.413367,70.427074,70.000000,1411.00,7.0550,-0.427074
17.423379,70.422057,70.000000,1411.00,7.0550,-0.422057
17.433384,70.417148,70.000000,1411.00,7.0550,-0.417148
17.443524,70.412367,70.000000,1411.00,7.0550,-0.412367
17.453582,70.407997,70.000000,1411.00,7.0550,-0.407997
17.463633,70.403667,70.000000,1411.00,7.0550,-0.403667
17.473719,70.399886,70.000000,1411.00,7.0550,-0.399886
17.483659,70.396098,70.000000,1411.00,7.0550,-0.396098
17.493806,70.392156,70.000000,1411.00,7.0550,-0.392156
17.503836,70.388133,70.000000,1411.00,7.0550,-0.388133
17.513822,70.384233,70.000000,1411.00,7.0550,-0.384233
17.523849,70.380442,70.000000,1411.00,7.0550,-0.380442
17.533869,70.376807,70.000000,1411.00,7.0550,-0.376807
17.543894,70.373449,70.000000,1411.00,7.0550,-0.373449
17.553923,70.370489,70.000000,1411.00,7.0550,-0.370489
17.563957,70.367289,70.000000,1410.00,7.0500,-0.367289
17.574022,70.363825,70.000000,1410.00,7.0500,-0.363825
17.584057,70.360666,70.000000,1410.00,7.0500,-0.360666
17.594031,70.357597,70.000000,1410.00,7.0500,-0.357597
17.604112,70.355204,70.000000,1410.00,7.0500,-0.355204
17.614168,70.353023,70.000000,1410.00,7.0500,-0.353023
17.624207,70.351183,70.000000,1410.00,7.0500,-0.351183
17.634227,70.349776,70.000000,1410.00,7.0500,-0.349776
17.644205,70.348558,70.000000,1410.00,7.0500,-0.348558
17.654295,70.347999,70.000000,1410.00,7.0500,-0.347999
17.664276,70.347879,70.000000,1410.00,7.0500,-0.347879
17.674409,70.348238,70.000000,1410.00,7.0500,-0.348238
17.684364,70.349072,70.000000,1410.00,7.0500,-0.349072
17.694378,70.349819,70.000000,1410.00,7.0500,-0.349819
17.704445,70.350959,70.000000,1410.00,7.0500,-0.350959
17.714617,70.351960,70.000000,1410.00,7.0500,-0.351960
17.724550,70.352905,70.000000,1410.00,7.0500,-0.352905
17.734624,70.353695,70.000000,1410.00,7.0500,-0.353695
17.744655,70.353861,70.000000,1410.00,7.0500,-0.353861
17.754692,70.353973,70.000000,1410.00,7.0500,-0.353973
17.764761,70.354536,70.000000,1410.00,7.0500,-0.354536
17.774716,70.355692,70.000000,1410.00,7.0500,-0.355692
17.784825,70.357333,70.000000,1410.00,7.0500,-0.357333
17.794966,70.359101,70.000000,1410.00,7.0500,-0.359101
17.804852,70.361097,70.000000,1410.00,7.0500,-0.361097
17.814923,70.362911,70.000000,1410.00,7.0500,-0.362911
17.824900,70.365103,70.000000,1410.00,7.0500,-0.365103
17.834972,70.367141,70.000000,1410.00,7.0500,-0.367141
17.845174,70.368648,70.000000,1410.00,7.0500,-0.368648
17.855157,70.370008,70.000000,1410.00,7.0500,-0.370008
17.865252,70.371182,70.000000,1410.00,7.0500,-0.371182
17.875311,70.372326,70.000000,1410.00,7.0500,-0.372326
17.885387,70.373888,70.000000,1410.00,7.0500,-0.373888
17.895654,70.375464,70.000000,1410.00,7.0500,-0.375464
17.905462,70.376748,70.000000,1410.00,7.0500,-0.376748
17.915480,70.378151,70.000000,1410.00,7.0500,-0.378151
17.925581,70.380034,70.000000,1410.00,7.0500,-0.380034
17.935603,70.382090,70.000000,1410.00,7.0500,-0.382090
17.945728,70.384727,70.000000,1410.00,7.0500,-0.384727
17.955702,70.387486,70.000000,1410.00,7.0500,-0.387486
17.965698,70.390123,70.000000,1410.00,7.0500,-0.390123
17.975827,70.392868,70.000000,1410.00,7.0500,-0.392868
17.985993,70.395948,70.000000,1410.00,7.0500,-0.395948
17.996009,70.399402,70.000000,1410.00,7.0500,-0.399402
18.006004,70.402959,70.000000,1410.00,7.0500,-0.402959
18.015974,70.405996,70.000000,1410.00,7.0500,-0.405996
18.025990,70.409467,70.000000,1410.00,7.0500,-0.409467
18.036099,70.412789,70.000000,1410.00,7.0500,-0.412789
18.046356,70.416476,70.000000,1410.00,7.0500,-0.416476
18.056206,70.420363,70.000000,1410.00,7.0500,-0.420363
18.066207,70.424211,70.000000,1410.00,7.0500,-0.424211
18.076243,70.428333,70.000000,1410.00,7.0500,-0.428333
18.086338,70.431942,70.000000,1410.00,7.0500,-0.431942
18.096304,70.435753,70.000000,1410.00,7.0500,-0.435753
18.106354,70.439926,70.000000,1410.00,7.0500,-0.439926
18.116285,70.443540,70.000000,1410.00,7.0500,-0.443540
18.126253,70.446715,70.000000,1410.00,7.0500,-0.446715
18.136340,70.449909,70.000000,1410.00,7.0500,-0.449909
18.146419,70.453057,70.000000,1410.00,7.0500,-0.453057
18.156435,70.456192,70.000000,1410.00,7.0500,-0.456192
18.166373,70.459168,70.000000,1410.00,7.0500,-0.459168
18.176411,70.462380,70.000000,1410.00,7.0500,-0.462380
18.186582,70.465870,70.000000,1410.00,7.0500,-0.465870
18.196586,70.469681,70.000000,1410.00,7.0500,-0.469681
18.206603,70.473589,70.000000,1410.00,7.0500,-0.473589
18.216592,70.477967,70.000000,1410.00,7.0500,-0.477967
18.226584,70.482221,70.000000,1410.00,7.0500,-0.482221
18.236741,70.486652,70.000000,1410.00,7.0500,-0.486652
18.246744,70.490793,70.000000,1410.00,7.0500,-0.490793
18.256770,70.495265,70.000000,1410.00,7.0500,-0.495265
18.266734,70.499695,70.000000,1410.00,7.0500,-0.499695
18.277031,70.503782,70.000000,1410.00,7.0500,-0.503782
18.286920,70.508136,70.000000,1410.00,7.0500,-0.508136
18.296941,70.512430,70.000000,1410.00,7.0500,-0.512430
18.306998,70.516491,70.000000,1410.00,7.0500,-0.516491
18.317072,70.519997,70.000000,1410.00,7.0500,-0.519997
18.327028,70.522702,70.000000,1410.00,7.0500,-0.522702
18.337176,70.525015,70.000000,1410.00,7.0500,-0.525015
18.347251,70.526983,70.000000,1410.00,7.0500,-0.526983
18.357234,70.528421,70.000000,1410.00,7.0500,-0.528421
18.367229,70.529454,70.000000,1410.00,7.0500,-0.529454
18.377278,70.530041,70.000000,1410.00,7.0500,-0.530041
18.387363,70.530457,70.000000,1410.00,7.0500,-0.530457
18.397318,70.530587,70.000000,1410.00,7.0500,-0.530587
18.407348,70.530636,70.000000,1410.00,7.0500,-0.530636
18.417337,70.529814,70.000000,1410.00,7.0500,-0.529814
18.427428,70.528243,70.000000,1410.00,7.0500,-0.528243
18.437439,70.526203,70.000000,1410.00,7.0500,-0.526203
18.447556,70.524164,70.000000,1410.00,7.0500,-0.524164
18.457669,70.521805,70.000000,1410.00,7.0500,-0.521805
18.467603,70.518530,70.000000,1410.00,7.0500,-0.518530
18.477632,70.515272,70.000000,1410.00,7.0500,-0.515272
18.487686,70.511572,70.000000,1410.00,7.0500,-0.511572
18.497764,70.507862,70.000000,1410.00,7.0500,-0.507862
18.507900,70.503710,70.000000,1410.00,7.0500,-0.503710
18.517812,70.499326,70.000000,1410.00,7.0500,-0.499326
18.527837,70.494992,70.000000,1410.00,7.0500,-0.494992
18.537929,70.490223,70.000000,1410.00,7.0500,-0.490223
18.548008,70.485396,70.000000,1410.00,7.0500,-0.485396
18.558047,70.480351,70.000000,1410.00,7.0500,-0.480351
18.568109,70.475451,70.000000,1410.00,7.0500,-0.475451
18.578257,70.470434,70.000000,1410.00,7.0500,-0.470434
18.588218,70.464885,70.000000,1410.00,7.0500,-0.464885
18.598224,70.458722,70.000000,1410.00,7.0500,-0.458722
18.608362,70.452370,70.000000,1410.00,7.0500,-0.452370
18.618347,70.445543,70.000000,1410.00,7.0500,-0.445543
18.628290,70.438696,70.000000,1410.00,7.0500,-0.438696
18.638373,70.431410,70.000000,1410.00,7.0500,-0.431410
18.648426,70.423956,70.000000,1410.00,7.0500,-0.423956
18.658572,70.416518,70.000000,1410.00,7.0500,-0.416518
18.668512,70.409109,70.000000,1410.00,7.0500,-0.409109
18.678612,70.401654,70.000000,1410.00,7.0500,-0.401654
18.688608,70.393908,70.000000,1410.00,7.0500,-0.393908
18.698615,70.385595,70.000000,1410.00,7.0500,-0.385595
18.708810,70.377032,70.000000,1410.00,7.0500,-0.377032
18.718768,70.368173,70.000000,1410.00,7.0500,-0.368173
18.728855,70.358847,70.000000,1410.00,7.0500,-0.358847
18.738858,70.349191,70.000000,1410.00,7.0500,-0.349191
18.748834,70.339195,70.000000,1410.00,7.0500,-0.339195
18.759102,70.328943,70.000000,1410.00,7.0500,-0.328943
18.769035,70.318766,70.000000,1410.00,7.0500,-0.318766
18.779114,70.308732,70.000000,1410.00,7.0500,-0.308732
18.789119,70.298335,70.000000,1410.00,7.0500,-0.298335
18.799094,70.287654,70.000000,1410.00,7.0500,-0.287654
18.809259,70.277001,70.000000,1410.00,7.0500,-0.277001
18.819246,70.265705,70.000000,1410.00,7.0500,-0.265705
18.829363,70.253843,70.000000,1410.00,7.0500,-0.253843
18.839372,70.241972,70.000000,1410.00,7.0500,-0.241972
18.849288,70.229737,70.000000,1410.00,7.0500,-0.229737
18.859352,70.217142,70.000000,1410.00,7.0500,-0.217142
18.869339,70.204758,70.000000,1410.00,7.0500,-0.204758
18.879549,70.192224,70.000000,1410.00,7.0500,-0.192224
18.889427,70.179544,70.000000,1410.00,7.0500,-0.179544
18.899419,70.166334,70.000000,1410.00,7.0500,-0.166334
18.909536,70.153048,70.000000,1410.00,7.0500,-0.153048
18.919584,70.139810,70.000000,1410.00,7.0500,-0.139810
18.929647,70.126201,70.000000,1410.00,7.0500,-0.126201
18.939669,70.112847,70.000000,1410.00,7.0500,-0.112847
18.949663,70.098706,70.000000,1410.00,7.0500,-0.098706
18.959669,70.084747,70.000000,1410.00,7.0500,-0.084747
18.969779,70.070826,70.000000,1410.00,7.0500,-0.070826
18.979784,70.056982,70.000000,1410.00,7.0500,-0.056982
18.989919,70.042791,70.000000,1410.00,7.0500,-0.042791
18.999903,70.028643,70.000000,1410.00,7.0500,-0.028643
19.009936,70.014467,70.000000,1410.00,7.0500,-0.014467
19.019973,69.999636,70.000000,1410.00,7.0500,0.000364
19.030070,69.985002,70.000000,1410.00,7.0500,0.014998
19.040105,69.970363,70.000000,1410.00,7.0500,0.029637
19.050124,69.955696,70.000000,1410.00,7.0500,0.044304
19.060193,69.940682,70.000000,1410.00,7.0500,0.059318
19.070198,69.925797,70.000000,1410.00,7.0500,0.074203
19.080236,69.911154,70.000000,1410.00,7.0500,0.088846
19.090387,69.896621,70.000000,1410.00,7.0500,0.103379
19.100334,69.882275,70.000000,1410.00,7.0500,0.117725
19.110432,69.867881,70.000000,1410.00,7.0500,0.132119
19.120447,69.853411,70.000000,1410.00,7.0500,0.146589
19.130428,69.839104,70.000000,1410.00,7.0500,0.160896
19.140533,69.824412,70.000000,1410.00,7.0500,0.175588
19.150506,69.809243,70.000000,1410.00,7.0500,0.190757
19.160582,69.794280,70.000000,1410.00,7.0500,0.205720
19.170634,69.779093,70.000000,1410.00,7.0500,0.220907
19.180804,69.764044,70.000000,1410.00,7.0500,0.235956
19.190807,69.749403,70.000000,1410.00,7.0500,0.250597
19.200810,69.735391,70.000000,1410.00,7.0500,0.264609
19.210806,69.721433,70.000000,1410.00,7.0500,0.278567
19.220896,69.707715,70.000000,1410.00,7.0500,0.292285
19.230999,69.693905,70.000000,1410.00,7.0500,0.306095
19.241011,69.679746,70.000000,1410.00,7.0500,0.320254
19.251041,69.665836,70.000000,1410.00,7.0500,0.334164
19.261013,69.652131,70.000000,1410.00,7.0500,0.347869
19.271121,69.638426,70.000000,1410.00,7.0500,0.361574
19.281094,69.625022,70.000000,1410.00,7.0500,0.374978
19.291173,69.611726,70.000000,1410.00,7.0500,0.388274
19.301220,69.598287,70.000000,1410.00,7.0500,0.401713
19.311304,69.585376,70.000000,1410.00,7.0500,0.414624
19.321308,69.572642,70.000000,1410.00,7.0500,0.427358
19.331370,69.559787,70.000000,1410.00,7.0500,0.440213
19.341463,69.546881,70.000000,1410.00,7.0500,0.453119
19.351428,69.533661,70.000000,1410.00,7.0500,0.466339
19.361520,69.520845,70.000000,1410.00,7.0500,0.479155
19.371538,69.508375,70.000000,1410.00,7.0500,0.491625
19.381664,69.496628,70.000000,1410.00,7.0500,0.503372
19.391696,69.485201,70.000000,1410.00,7.0500,0.514799
19.401782,69.473935,70.000000,1410.00,7.0500,0.526065
19.412056,69.462940,70.000000,1410.00,7.0500,0.537060
19.421897,69.452158,70.000000,1410.00,7.0500,0.547842
19.431878,69.441463,70.000000,1410.00,7.0500,0.558537
19.441962,69.430742,70.000000,1410.00,7.0500,0.569258
19.452020,69.420304,70.000000,1410.00,7.0500,0.579696
19.462182,69.410058,70.000000,1410.00,7.0500,0.589942
19.472105,69.399948,70.000000,1410.00,7.0500,0.600052
19.482079,69.389871,70.000000,1410.00,7.0500,0.610129
19.492201,69.380336,70.000000,1410.00,7.0500,0.619664
19.502299,69.371105,70.000000,1410.00,7.0500,0.628895
19.512337,69.362703,70.000000,1410.00,7.0500,0.637297
19.522393,69.354083,70.000000,1410.00,7.0500,0.645917
19.532328,69.345576,70.000000,1410.00,7.0500,0.654424
19.542445,69.336943,70.000000,1410.00,7.0500,0.663057
19.552545,69.328859,70.000000,1410.00,7.0500,0.671141
19.562619,69.320818,70.000000,1410.00,7.0500,0.679182
19.572575,69.313116,70.000000,1410.00,7.0500,0.686884
19.582544,69.305732,70.000000,1410.00,7.0500,0.694268
19.592624,69.298464,70.000000,1410.00,7.0500,0.701536
19.602691,69.291478,70.000000,1410.00,7.0500,0.708522
19.612758,69.285032,70.000000,1410.00,7.0500,0.714968
19.622764,69.278692,70.000000,1410.00,7.0500,0.721308
19.632775,69.272211,70.000000,1410.00,7.0500,0.727789
19.642963,69.265745,70.000000,1410.00,7.0500,0.734255
19.652960,69.259126,70.000000,1410.00,7.0500,0.740874
19.663005,69.252528,70.000000,1410.00,7.0500,0.747472
19.672984,69.246180,70.000000,1410.00,7.0500,0.753820
19.682975,69.240100,70.000000,1410.00,7.0500,0.759900
19.693186,69.234456,70.000000,1410.00,7.0500,0.765544
19.703177,69.228302,70.000000,1410.00,7.0500,0.771698
19.713195,69.222403,70.000000,1410.00,7.0500,0.777597
19.723196,69.216691,70.000000,1410.00,7.0500,0.783309
19.733248,69.211705,70.000000,1410.00,7.0500,0.788295
19.743503,69.207264,70.000000,1410.00,7.0500,0.792736
19.753400,69.203595,70.000000,1410.00,7.0500,0.796405
19.763399,69.200124,70.000000,1410.00,7.0500,0.799876
19.773460,69.197335,70.000000,1410.00,7.0500,0.802665
19.783490,69.194620,70.000000,1410.00,7.0500,0.805380
19.793582,69.192035,70.000000,1410.00,7.0500,0.807965
19.803582,69.189670,70.000000,1410.00,7.0500,0.810330
19.813635,69.187802,70.000000,1410.00,7.0500,0.812198
19.823612,69.186458,70.000000,1410.00,7.0500,0.813542
19.833618,69.185427,70.000000,1410.00,7.0500,0.814573
19.843842,69.184588,70.000000,1410.00,7.0500,0.815412
19.853793,69.183807,70.000000,1410.00,7.0500,0.816193
19.863998,69.183432,70.000000,1410.00,7.0500,0.816568
19.874008,69.183300,70.000000,1410.00,7.0500,0.816700
19.884027,69.183510,70.000000,1410.00,7.0500,0.816490
19.894025,69.184220,70.000000,1410.00,7.0500,0.815780
19.904126,69.185261,70.000000,1410.00,7.0500,0.814739
19.914155,69.186233,70.000000,1410.00,7.0500,0.813767
19.924149,69.187435,70.000000,1410.00,7.0500,0.812565
19.934246,69.188469,70.000000,1410.00,7.0500,0.811531
19.944341,69.189645,70.000000,1410.00,7.0500,0.810355
19.954335,69.191387,70.000000,1410.00,7.0500,0.808613
19.964574,69.193118,70.000000,1410.00,7.0500,0.806882
19.974399,69.194787,70.000000,1410.00,7.0500,0.805213
19.984426,69.196886,70.000000,1411.00,7.0550,0.803114
19.994524,69.198864,70.000000,1411.00,7.0550,0.801136
20.004511,69.201502,70.000000,1411.00,7.0550,0.798498
20.014607,69.204876,70.000000,1411.00,7.0550,0.795124
20.024544,69.208208,70.000000,1411.00,7.0550,0.791792
20.034598,69.211983,70.000000,1411.00,7.0550,0.788017
20.044703,69.216220,70.000000,1411.00,7.0550,0.783780
20.054734,69.220740,70.000000,1411.00,7.0550,0.779260
20.064758,69.225498,70.000000,1411.00,7.0550,0.774502
20.074875,69.230105,70.000000,1411.00,7.0550,0.769895
20.084847,69.234137,70.000000,1411.00,7.0550,0.765863
20.095015,69.238290,70.000000,1411.00,7.0550,0.761710
20.104938,69.242547,70.000000,1411.00,7.0550,0.757453
20.115219,69.247270,70.000000,1411.00,7.0550,0.752730
20.125062,69.251908,70.000000,1411.00,7.0550,0.748092
20.135097,69.256796,70.000000,1411.00,7.0550,0.743204
20.145208,69.261955,70.000000,1411.00,7.0550,0.738045
20.155191,69.266954,70.000000,1411.00,7.0550,0.733046
20.165118,69.272316,70.000000,1411.00,7.0550,0.727684
20.175426,69.277418,70.000000,1411.00,7.0550,0.722582
20.185288,69.282267,70.000000,1411.00,7.0550,0.717733
20.195476,69.286760,70.000000,1411.00,7.0550,0.713240
20.205443,69.291273,70.000000,1411.00,7.0550,0.708727
20.215417,69.295825,70.000000,1411.00,7.0550,0.704175
20.225442,69.300825,70.000000,1411.00,7.0550,0.699175
20.235502,69.306028,70.000000,1411.00,7.0550,0.693972
20.245692,69.311206,70.000000,1411.00,7.0550,0.688794
20.255690,69.316753,70.000000,1411.00,7.0550,0.683247
20.265657,69.322658,70.000000,1411.00,7.0550,0.677342
20.275705,69.328381,70.000000,1411.00,7.0550,0.671619
20.285806,69.334280,70.000000,1411.00,7.0550,0.665720
20.295818,69.340032,70.000000,1411.00,7.0550,0.659968
20.305868,69.345937,70.000000,1411.00,7.0550,0.654063
20.315834,69.352134,70.000000,1411.00,7.0550,0.647866
20.325946,69.358005,70.000000,1411.00,7.0550,0.641995
20.336026,69.363825,70.000000,1411.00,7.0550,0.636175
20.346149,69.369961,70.000000,1411.00,7.0550,0.630039
20.356120,69.376597,70.000000,1411.00,7.0550,0.623403
20.366097,69.383681,70.000000,1411.00,7.0550,0.616319
20.376185,69.391368,70.000000,1411.00,7.0550,0.608632
20.386280,69.399472,70.000000,1411.00,7.0550,0.600528
20.396328,69.407311,70.000000,1411.00,7.0550,0.592689
20.406347,69.415530,70.000000,1411.00,7.0550,0.584470
20.416314,69.424153,70.000000,1411.00,7.0550,0.575847
20.426305,69.433260,70.000000,1411.00,7.0550,0.566740
20.436365,69.442856,70.000000,1411.00,7.0550,0.557144
20.446367,69.452008,70.000000,1411.00,7.0550,0.547992
20.456502,69.461769,70.000000,1411.00,7.0550,0.538231
20.466377,69.471893,70.000000,1411.00,7.0550,0.528107
20.476491,69.482018,70.000000,1411.00,7.0550,0.517982
20.486586,69.492435,70.000000,1411.00,7.0550,0.507565
20.496528,69.502730,70.000000,1411.00,7.0550,0.497270
20.506702,69.513482,70.000000,1411.00,7.0550,0.486518
20.516665,69.524609,70.000000,1411.00,7.0550,0.475391
20.526686,69.536141,70.000000,1411.00,7.0550,0.463859
20.536769,69.548103,70.000000,1411.00,7.0550,0.451897
20.547054,69.559943,70.000000,1411.00,7.0550,0.440057
20.556929,69.572123,70.000000,1411.00,7.0550,0.427877
20.566865,69.584320,70.000000,1411.00,7.0550,0.415680
20.576923,69.596779,70.000000,1411.00,7.0550,0.403221
20.587081,69.609378,70.000000,1411.00,7.0550,0.390622
20.597161,69.621786,70.000000,1411.00,7.0550,0.378214
20.607199,69.634156,70.000000,1411.00,7.0550,0.365844
20.617200,69.646461,70.000000,1411.00,7.0550,0.353539
20.627149,69.658512,70.000000,1411.00,7.0550,0.341488
20.637266,69.670845,70.000000,1411.00,7.0550,0.329155
20.647339,69.683636,70.000000,1411.00,7.0550,0.316364
20.657414,69.696719,70.000000,1411.00,7.0550,0.303281
20.667330,69.709814,70.000000,1411.00,7.0550,0.290186
20.677338,69.723305,70.000000,1411.00,7.0550,0.276695
20.687426,69.736148,70.000000,1411.00,7.0550,0.263852
20.697632,69.748769,70.000000,1411.00,7.0550,0.251231
20.707719,69.761478,70.000000,1411.00,7.0550,0.238522
20.717726,69.774027,70.000000,1411.00,7.0550,0.225973
20.727851,69.786990,70.000000,1411.00,7.0550,0.213010
20.737809,69.799680,70.000000,1411.00,7.0550,0.200320
20.747946,69.812437,70.000000,1411.00,7.0550,0.187563
20.758061,69.825170,70.000000,1411.00,7.0550,0.174830
20.768009,69.838072,70.000000,1411.00,7.0550,0.161928
20.778054,69.851138,70.000000,1411.00,7.0550,0.148862
20.788069,69.864383,70.000000,1411.00,7.0550,0.135617
20.798109,69.877508,70.000000,1411.00,7.0550,0.122492
20.808203,69.891149,70.000000,1411.00,7.0550,0.108851
20.818179,69.905240,70.000000,1411.00,7.0550,0.094760
20.828341,69.919956,70.000000,1411.00,7.0550,0.080044
20.838335,69.935074,70.000000,1411.00,7.0550,0.064926
20.848237,69.950405,70.000000,1411.00,7.0550,0.049595
20.858419,69.965899,70.000000,1411.00,7.0550,0.034101
20.868376,69.981376,70.000000,1411.00,7.0550,0.018624
20.878516,69.996164,70.000000,1411.00,7.0550,0.003836
20.888507,70.010866,70.000000,1411.00,7.0550,-0.010866
20.898473,70.025861,70.000000,1411.00,7.0550,-0.025861
20.908656,70.040978,70.000000,1411.00,7.0550,-0.040978
20.918598,70.056273,70.000000,1411.00,7.0550,-0.056273
20.928646,70.071374,70.000000,1411.00,7.0550,-0.071374
20.938686,70.086524,70.000000,1411.00,7.0550,-0.086524
20.948636,70.101891,70.000000,1411.00,7.0550,-0.101891
20.958755,70.117443,70.000000,1411.00,7.0550,-0.117443
20.968791,70.133171,70.000000,1410.00,7.0500,-0.133171
20.978784,70.149125,70.000000,1410.00,7.0500,-0.149125
20.988828,70.165162,70.000000,1410.00,7.0500,-0.165162
20.998825,70.181449,70.000000,1410.00,7.0500,-0.181449
21.008938,70.197459,70.000000,1410.00,7.0500,-0.197459
21.018957,70.213490,70.000000,1410.00,7.0500,-0.213490
21.029110,70.229656,70.000000,1410.00,7.0500,-0.229656
21.038996,70.246154,70.000000,1410.00,7.0500,-0.246154
21.049034,70.262715,70.000000,1410.00,7.0500,-0.262715
21.059161,70.279670,70.000000,1410.00,7.0500,-0.279670
21.069168,70.297214,70.000000,1410.00,7.0500,-0.297214
21.079217,70.314713,70.000000,1410.00,7.0500,-0.314713
21.089206,70.331942,70.000000,1410.00,7.0500,-0.331942
21.099242,70.349260,70.000000,1410.00,7.0500,-0.349260
21.109311,70.366485,70.000000,1410.00,7.0500,-0.366485
21.119368,70.383761,70.000000,1410.00,7.0500,-0.383761
21.129317,70.400914,70.000000,1410.00,7.0500,-0.400914
21.139382,70.418032,70.000000,1410.00,7.0500,-0.418032
21.149381,70.435618,70.000000,1410.00,7.0500,-0.435618
21.159426,70.453071,70.000000,1410.00,7.0500,-0.453071
21.169469,70.470444,70.000000,1410.00,7.0500,-0.470444
21.179477,70.487715,70.000000,1410.00,7.0500,-0.487715
21.189531,70.504873,70.000000,1410.00,7.0500,-0.504873
21.199537,70.522012,70.000000,1410.00,7.0500,-0.522012
21.209718,70.539050,70.000000,1410.00,7.0500,-0.539050
21.219710,70.555739,70.000000,1410.00,7.0500,-0.555739
21.229717,70.571943,70.000000,1410.00,7.0500,-0.571943
21.239792,70.587873,70.000000,1410.00,7.0500,-0.587873
21.249801,70.602832,70.000000,1410.00,7.0500,-0.602832
21.259891,70.617577,70.000000,1410.00,7.0500,-0.617577
21.269966,70.632446,70.000000,1410.00,7.0500,-0.632446
21.279874,70.646903,70.000000,1410.00,7.0500,-0.646903
21.289941,70.660980,70.000000,1410.00,7.0500,-0.660980
21.300045,70.674886,70.000000,1410.00,7.0500,-0.674886
21.310101,70.688677,70.000000,1410.00,7.0500,-0.688677
21.320082,70.702511,70.000000,1410.00,7.0500,-0.702511
21.330148,70.716163,70.000000,1410.00,7.0500,-0.716163
21.340293,70.729072,70.000000,1410.00,7.0500,-0.729072
21.350244,70.741632,70.000000,1410.00,7.0500,-0.741632
21.360276,70.753839,70.000000,1410.00,7.0500,-0.753839
21.370346,70.765531,70.000000,1410.00,7.0500,-0.765531
21.380420,70.777202,70.000000,1410.00,7.0500,-0.777202
21.390353,70.788511,70.000000,1410.00,7.0500,-0.788511
21.400408,70.799728,70.000000,1410.00,7.0500,-0.799728
21.410516,70.810581,70.000000,1410.00,7.0500,-0.810581
21.420542,70.821137,70.000000,1410.00,7.0500,-0.821137
21.430537,70.831184,70.000000,1410.00,7.0500,-0.831184
21.440627,70.841117,70.000000,1410.00,7.0500,-0.841117
21.450646,70.850122,70.000000,1410.00,7.0500,-0.850122
21.460690,70.858623,70.000000,1410.00,7.0500,-0.858623
21.470740,70.866544,70.000000,1410.00,7.0500,-0.866544
21.480791,70.874043,70.000000,1410.00,7.0500,-0.874043
21.490825,70.881056,70.000000,1410.00,7.0500,-0.881056
21.501002,70.887493,70.000000,1410.00,7.0500,-0.887493
21.510989,70.893491,70.000000,1410.00,7.0500,-0.893491
21.520986,70.899050,70.000000,1410.00,7.0500,-0.899050
21.531137,70.903963,70.000000,1410.00,7.0500,-0.903963
21.541202,70.907981,70.000000,1410.00,7.0500,-0.907981
21.551284,70.911354,70.000000,1410.00,7.0500,-0.911354
21.561566,70.914251,70.000000,1410.00,7.0500,-0.914251
21.571361,70.916489,70.000000,1410.00,7.0500,-0.916489
21.581265,70.917995,70.000000,1410.00,7.0500,-0.917995
21.591410,70.919077,70.000000,1410.00,7.0500,-0.919077
21.601424,70.919904,70.000000,1410.00,7.0500,-0.919904
21.611614,70.920196,70.000000,1410.00,7.0500,-0.920196
21.621536,70.919987,70.000000,1410.00,7.0500,-0.919987
21.631524,70.918998,70.000000,1410.00,7.0500,-0.918998
21.641633,70.917275,70.000000,1410.00,7.0500,-0.917275
21.651683,70.915112,70.000000,1410.00,7.0500,-0.915112
21.661686,70.911717,70.000000,1410.00,7.0500,-0.911717
21.671748,70.907862,70.000000,1410.00,7.0500,-0.907862
21.681743,70.903701,70.000000,1410.00,7.0500,-0.903701
21.691916,70.899361,70.000000,1410.00,7.0500,-0.899361
21.701906,70.894895,70.000000,1410.00,7.0500,-0.894895
21.712004,70.890077,70.000000,1410.00,7.0500,-0.890077
21.722028,70.884728,70.000000,1410.00,7.0500,-0.884728
21.731990,70.878510,70.000000,1410.00,7.0500,-0.878510
21.742115,70.871709,70.000000,1410.00,7.0500,-0.871709
21.752205,70.864056,70.000000,1410.00,7.0500,-0.864056
21.762260,70.856394,70.000000,1410.00,7.0500,-0.856394
21.772302,70.848120,70.000000,1410.00,7.0500,-0.848120
21.782269,70.839048,70.000000,1410.00,7.0500,-0.839048
21.792335,70.829353,70.000000,1410.00,7.0500,-0.829353
21.802410,70.818746,70.000000,1410.00,7.0500,-0.818746
21.812374,70.807682,70.000000,1410.00,7.0500,-0.807682
21.822429,70.795525,70.000000,1410.00,7.0500,-0.795525
21.832387,70.782627,70.000000,1410.00,7.0500,-0.782627
21.842462,70.769481,70.000000,1410.00,7.0500,-0.769481
21.852572,70.755992,70.000000,1410.00,7.0500,-0.755992
21.862587,70.741941,70.000000,1410.00,7.0500,-0.741941
21.872623,70.727462,70.000000,1411.00,7.0550,-0.727462
21.882621,70.712792,70.000000,1411.00,7.0550,-0.712792
21.892789,70.697611,70.000000,1411.00,7.0550,-0.697611
21.902840,70.681536,70.000000,1411.00,7.0550,-0.681536
21.912798,70.665250,70.000000,1411.00,7.0550,-0.665250
21.922811,70.648868,70.000000,1411.00,7.0550,-0.648868
21.932854,70.632139,70.000000,1411.00,7.0550,-0.632139
21.942932,70.615234,70.000000,1411.00,7.0550,-0.615234
21.952937,70.598187,70.000000,1411.00,7.0550,-0.598187
21.962995,70.580398,70.000000,1411.00,7.0550,-0.580398
21.973004,70.562485,70.000000,1411.00,7.0550,-0.562485
21.983027,70.544173,70.000000,1411.00,7.0550,-0.544173
21.993091,70.525410,70.000000,1411.00,7.0550,-0.525410
22.003112,70.506603,70.000000,1411.00,7.0550,-0.506603
22.013259,70.487303,70.000000,1411.00,7.0550,-0.487303
22.023197,70.467521,70.000000,1411.00,7.0550,-0.467521
22.033144,70.447811,70.000000,1411.00,7.0550,-0.447811
22.043297,70.427757,70.000000,1411.00,7.0550,-0.427757
22.053322,70.407323,70.000000,1411.00,7.0550,-0.407323
22.063376,70.386043,70.000000,1411.00,7.0550,-0.386043
22.073443,70.364139,70.000000,1411.00,7.0550,-0.364139
22.083440,70.341849,70.000000,1411.00,7.0550,-0.341849
22.093570,70.319624,70.000000,1411.00,7.0550,-0.319624
22.103534,70.297293,70.000000,1411.00,7.0550,-0.297293
22.113658,70.275364,70.000000,1411.00,7.0550,-0.275364
22.123695,70.253109,70.000000,1411.00,7.0550,-0.253109
22.133694,70.230930,70.000000,1411.00,7.0550,-0.230930
22.143735,70.208204,70.000000,1411.00,7.0550,-0.208204
22.153827,70.185306,70.000000,1411.00,7.0550,-0.185306
22.163944,70.161454,70.000000,1411.00,7.0550,-0.161454
22.173860,70.137516,70.000000,1411.00,7.0550,-0.137516
22.183944,70.113139,70.000000,1411.00,7.0550,-0.113139
22.194139,70.088772,70.000000,1411.00,7.0550,-0.088772
22.204043,70.064390,70.000000,1411.00,7.0550,-0.064390
22.214126,70.039404,70.000000,1411.00,7.0550,-0.039404
22.224118,70.013939,70.000000,1411.00,7.0550,-0.013939
22.234237,69.988530,70.000000,1411.00,7.0550,0.011470
22.244254,69.963111,70.000000,1411.00,7.0550,0.036889
22.254320,69.938209,70.000000,1411.00,7.0550,0.061791
22.264321,69.913025,70.000000,1411.00,7.0550,0.086975
22.274291,69.888400,70.000000,1411.00,7.0550,0.111600
22.284356,69.863588,70.000000,1411.00,7.0550,0.136412
22.294457,69.838985,70.000000,1411.00,7.0550,0.161015
22.304450,69.814111,70.000000,1410.00,7.0500,0.185889
22.314467,69.789023,70.000000,1411.00,7.0550,0.210977
22.324562,69.764081,70.000000,1411.00,7.0550,0.235919
22.334698,69.738737,70.000000,1411.00,7.0550,0.261263
22.344800,69.713804,70.000000,1411.00,7.0550,0.286196
22.354906,69.689467,70.000000,1411.00,7.0550,0.310533
22.364789,69.665555,70.000000,1411.00,7.0550,0.334445
22.374877,69.641806,70.000000,1411.00,7.0550,0.358194
22.384924,69.618100,70.000000,1411.00,7.0550,0.381900
22.395095,69.594574,70.000000,1411.00,7.0550,0.405426
22.405184,69.571684,70.000000,1411.00,7.0550,0.428316
22.415013,69.549526,70.000000,1411.00,7.0550,0.450474
22.425104,69.528082,70.000000,1411.00,7.0550,0.471918
22.435193,69.507009,70.000000,1411.00,7.0550,0.492991
22.445307,69.485980,70.000000,1411.00,7.0550,0.514020
22.455287,69.465309,70.000000,1411.00,7.0550,0.534691
22.465240,69.444715,70.000000,1411.00,7.0550,0.555285
22.475330,69.424114,70.000000,1411.00,7.0550,0.575886
22.485431,69.404149,70.000000,1411.00,7.0550,0.595851
22.495461,69.384834,70.000000,1411.00,7.0550,0.615166
22.505544,69.365787,70.000000,1411.00,7.0550,0.634213
22.515428,69.347794,70.000000,1411.00,7.0550,0.652206
22.525627,69.330233,70.000000,1411.00,7.0550,0.669767
22.535561,69.313049,70.000000,1411.00,7.0550,0.686951
22.545570,69.296017,70.000000,1411.00,7.0550,0.703983
22.555688,69.279598,70.000000,1411.00,7.0550,0.720402
22.565658,69.263513,70.000000,1411.00,7.0550,0.736487
22.575667,69.247942,70.000000,1411.00,7.0550,0.752058
22.585797,69.233352,70.000000,1411.00,7.0550,0.766648
22.595796,69.219470,70.000000,1411.00,7.0550,0.780530
22.605887,69.205816,70.000000,1411.00,7.0550,0.794184
22.615835,69.193316,70.000000,1411.00,7.0550,0.806684
22.625865,69.181046,70.000000,1411.00,7.0550,0.818954
22.636049,69.169368,70.000000,1411.00,7.0550,0.830632
22.646042,69.158232,70.000000,1411.00,7.0550,0.841768
22.656208,69.147389,70.000000,1411.00,7.0550,0.852611
22.666061,69.137384,70.000000,1411.00,7.0550,0.862616
22.676117,69.127912,70.000000,1411.00,7.0550,0.872088
22.686228,69.119131,70.000000,1411.00,7.0550,0.880869
22.696193,69.111063,70.000000,1411.00,7.0550,0.888937
22.706273,69.103557,70.000000,1411.00,7.0550,0.896443
22.716235,69.096865,70.000000,1411.00,7.0550,0.903135
22.726156,69.090871,70.000000,1411.00,7.0550,0.909129
22.736402,69.085519,70.000000,1411.00,7.0550,0.914481
22.746424,69.081054,70.000000,1411.00,7.0550,0.918946
22.756433,69.077148,70.000000,1411.00,7.0550,0.922852
22.766436,69.073594,70.000000,1411.00,7.0550,0.926406
22.776420,69.070389,70.000000,1411.00,7.0550,0.929611
22.786525,69.067314,70.000000,1411.00,7.0550,0.932686
22.796715,69.064691,70.000000,1411.00,7.0550,0.935309
22.806715,69.062439,70.000000,1411.00,7.0550,0.937561
22.816702,69.060969,70.000000,1411.00,7.0550,0.939031
22.826637,69.060214,70.000000,1411.00,7.0550,0.939786
22.836802,69.060508,70.000000,1411.00,7.0550,0.939492
22.846848,69.061777,70.000000,1411.00,7.0550,0.938223
22.856907,69.063289,70.000000,1411.00,7.0550,0.936711
22.866923,69.065576,70.000000,1411.00,7.0550,0.934424
22.876946,69.068638,70.000000,1411.00,7.0550,0.931362
22.887012,69.072259,70.000000,1411.00,7.0550,0.927741
22.897131,69.076465,70.000000,1411.00,7.0550,0.923535
22.907079,69.081201,70.000000,1411.00,7.0550,0.918799
22.917152,69.086334,70.000000,1411.00,7.0550,0.913666
22.927156,69.092097,70.000000,1411.00,7.0550,0.907903
22.937315,69.098506,70.000000,1411.00,7.0550,0.901494
22.947391,69.105436,70.000000,1411.00,7.0550,0.894564
22.957284,69.112407,70.000000,1411.00,7.0550,0.887593
22.967406,69.119874,70.000000,1411.00,7.0550,0.880126
22.977406,69.127501,70.000000,1411.00,7.0550,0.872499
22.987381,69.135488,70.000000,1411.00,7.0550,0.864512
22.997695,69.144026,70.000000,1411.00,7.0550,0.855974
23.007792,69.153334,70.000000,1411.00,7.0550,0.846666
23.017774,69.162743,70.000000,1411.00,7.0550,0.837257
23.028019,69.172097,70.000000,1411.00,7.0550,0.827903
23.037830,69.181753,70.000000,1411.00,7.0550,0.818247
23.047798,69.191911,70.000000,1411.00,7.0550,0.808089
23.057981,69.202318,70.000000,1411.00,7.0550,0.797682
23.067939,69.213075,70.000000,1411.00,7.0550,0.786925
23.078040,69.224609,70.000000,1411.00,7.0550,0.775391
23.087974,69.236683,70.000000,1411.00,7.0550,0.763317
23.097994,69.250034,70.000000,1411.00,7.0550,0.749966
23.108133,69.264017,70.000000,1411.00,7.0550,0.735983
23.118139,69.278602,70.000000,1411.00,7.0550,0.721398
23.128114,69.293173,70.000000,1410.00,7.0500,0.706827
23.138193,69.308519,70.000000,1411.00,7.0550,0.691481
23.148174,69.324218,70.000000,1410.00,7.0500,0.675782
23.158439,69.340194,70.000000,1410.00,7.0500,0.659806
23.168484,69.356723,70.000000,1410.00,7.0500,0.643277
23.178522,69.373770,70.000000,1410.00,7.0500,0.626230
23.188476,69.391668,70.000000,1410.00,7.0500,0.608332
23.198506,69.409866,70.000000,1410.00,7.0500,0.590134
23.208692,69.428568,70.000000,1410.00,7.0500,0.571432
23.218675,69.447209,70.000000,1410.00,7.0500,0.552791
23.228828,69.466207,70.000000,1410.00,7.0500,0.533793
23.238842,69.485752,70.000000,1410.00,7.0500,0.514248
23.248826,69.505688,70.000000,1410.00,7.0500,0.494312
23.258977,69.526009,70.000000,1410.00,7.0500,0.473991
23.268948,69.546707,70.000000,1410.00,7.0500,0.453293
23.279024,69.567306,70.000000,1410.00,7.0500,0.432694
23.289025,69.587884,70.000000,1410.00,7.0500,0.412116
23.299000,69.608357,70.000000,1410.00,7.0500,0.391643
23.309247,69.629429,70.000000,1410.00,7.0500,0.370571
23.319142,69.650944,70.000000,1410.00,7.0500,0.349056
23.329236,69.673185,70.000000,1410.00,7.0500,0.326815
23.339237,69.696083,70.000000,1410.00,7.0500,0.303917
23.349206,69.719250,70.000000,1410.00,7.0500,0.280750
23.359428,69.741952,70.000000,1410.00,7.0500,0.258048
23.369316,69.765078,70.000000,1410.00,7.0500,0.234922
23.379328,69.787972,70.000000,1410.00,7.0500,0.212028
23.389296,69.810877,70.000000,1410.00,7.0500,0.189123
23.399335,69.834178,70.000000,1410.00,7.0500,0.165822
23.409506,69.857407,70.000000,1410.00,7.0500,0.142593
23.419447,69.881018,70.000000,1410.00,7.0500,0.118982
23.429477,69.904673,70.000000,1410.00,7.0500,0.095327
23.439505,69.928433,70.000000,1410.00,7.0500,0.071567
23.449577,69.952231,70.000000,1410.00,7.0500,0.047769
23.459634,69.976320,70.000000,1410.00,7.0500,0.023680
23.469639,70.000643,70.000000,1410.00,7.0500,-0.000643
23.479781,70.025212,70.000000,1410.00,7.0500,-0.025212
23.489713,70.049780,70.000000,1410.00,7.0500,-0.049780
23.499787,70.074277,70.000000,1410.00,7.0500,-0.074277
23.509880,70.098625,70.000000,1410.00,7.0500,-0.098625
23.519888,70.122816,70.000000,1410.00,7.0500,-0.122816
23.529895,70.147320,70.000000,1410.00,7.0500,-0.147320
23.540024,70.171048,70.000000,1410.00,7.0500,-0.171048
23.550053,70.194284,70.000000,1410.00,7.0500,-0.194284
23.560145,70.217476,70.000000,1410.00,7.0500,-0.217476
23.570197,70.240517,70.000000,1410.00,7.0500,-0.240517
23.580357,70.263224,70.000000,1410.00,7.0500,-0.263224
23.590246,70.285464,70.000000,1410.00,7.0500,-0.285464
23.600286,70.307319,70.000000,1410.00,7.0500,-0.307319
23.610411,70.328734,70.000000,1410.00,7.0500,-0.328734
23.620428,70.349886,70.000000,1410.00,7.0500,-0.349886
23.630481,70.371027,70.000000,1410.00,7.0500,-0.371027
23.640477,70.392189,70.000000,1410.00,7.0500,-0.392189
23.650554,70.412783,70.000000,1410.00,7.0500,-0.412783
23.660594,70.433372,70.000000,1410.00,7.0500,-0.433372
23.670652,70.453422,70.000000,1410.00,7.0500,-0.453422
23.680582,70.472967,70.000000,1410.00,7.0500,-0.472967
23.690635,70.491895,70.000000,1410.00,7.0500,-0.491895
23.700712,70.510729,70.000000,1410.00,7.0500,-0.510729
23.710787,70.529154,70.000000,1410.00,7.0500,-0.529154
23.720816,70.547317,70.000000,1410.00,7.0500,-0.547317
23.730797,70.564708,70.000000,1410.00,7.0500,-0.564708
23.740968,70.581836,70.000000,1410.00,7.0500,-0.581836
23.751141,70.598377,70.000000,1410.00,7.0500,-0.598377
23.761270,70.614252,70.000000,1410.00,7.0500,-0.614252
23.771134,70.629548,70.000000,1410.00,7.0500,-0.629548
23.781217,70.644298,70.000000,1410.00,7.0500,-0.644298
23.791196,70.658243,70.000000,1410.00,7.0500,-0.658243
23.801295,70.671902,70.000000,1410.00,7.0500,-0.671902
23.811498,70.685062,70.000000,1410.00,7.0500,-0.685062
23.821359,70.697026,70.000000,1410.00,7.0500,-0.697026
23.831332,70.708349,70.000000,1410.00,7.0500,-0.708349
23.841418,70.718986,70.000000,1410.00,7.0500,-0.718986
23.851461,70.728890,70.000000,1410.00,7.0500,-0.728890
23.861583,70.737923,70.000000,1410.00,7.0500,-0.737923
23.871539,70.746452,70.000000,1410.00,7.0500,-0.746452
23.881579,70.754233,70.000000,1410.00,7.0500,-0.754233
23.891640,70.761794,70.000000,1410.00,7.0500,-0.761794
23.901741,70.768856,70.000000,1410.00,7.0500,-0.768856
23.911811,70.775158,70.000000,1410.00,7.0500,-0.775158
23.921734,70.781559,70.000000,1410.00,7.0500,-0.781559
23.931768,70.786862,70.000000,1410.00,7.0500,-0.786862
23.941875,70.792340,70.000000,1410.00,7.0500,-0.792340
23.951928,70.797295,70.000000,1410.00,7.0500,-0.797295
23.961974,70.801921,70.000000,1410.00,7.0500,-0.801921
23.972006,70.805872,70.000000,1410.00,7.0500,-0.805872
23.981983,70.808709,70.000000,1410.00,7.0500,-0.808709
23.992114,70.810719,70.000000,1410.00,7.0500,-0.810719
24.002143,70.811821,70.000000,1410.00,7.0500,-0.811821
24.012185,70.811552,70.000000,1410.00,7.0500,-0.811552
24.022197,70.810219,70.000000,1410.00,7.0500,-0.810219
24.032218,70.808624,70.000000,1410.00,7.0500,-0.808624
24.042306,70.806540,70.000000,1410.00,7.0500,-0.806540
24.052299,70.803793,70.000000,1411.00,7.0550,-0.803793
24.062337,70.800162,70.000000,1411.00,7.0550,-0.800162
24.072400,70.795928,70.000000,1411.00,7.0550,-0.795928
24.082410,70.790953,70.000000,1411.00,7.0550,-0.790953
24.092416,70.784587,70.000000,1411.00,7.0550,-0.784587
24.102524,70.777471,70.000000,1411.00,7.0550,-0.777471
24.112539,70.769366,70.000000,1411.00,7.0550,-0.769366
24.122645,70.760575,70.000000,1411.00,7.0550,-0.760575
24.132684,70.751499,70.000000,1411.00,7.0550,-0.751499
24.142723,70.742252,70.000000,1411.00,7.0550,-0.742252
24.152779,70.732042,70.000000,1411.00,7.0550,-0.732042
24.162734,70.720923,70.000000,1411.00,7.0550,-0.720923
24.172794,70.709038,70.000000,1411.00,7.0550,-0.709038
24.182882,70.696487,70.000000,1411.00,7.0550,-0.696487
24.193030,70.683581,70.000000,1411.00,7.0550,-0.683581
24.203060,70.670031,70.000000,1411.00,7.0550,-0.670031
24.213128,70.655469,70.000000,1411.00,7.0550,-0.655469
24.223080,70.639971,70.000000,1411.00,7.0550,-0.639971
24.233080,70.623422,70.000000,1411.00,7.0550,-0.623422
24.243141,70.605694,70.000000,1411.00,7.0550,-0.605694
24.253190,70.587151,70.000000,1411.00,7.0550,-0.587151
24.263297,70.568374,70.000000,1411.00,7.0550,-0.568374
24.273240,70.548770,70.000000,1411.00,7.0550,-0.548770
24.283317,70.528908,70.000000,1411.00,7.0550,-0.528908
24.293389,70.508459,70.000000,1411.00,7.0550,-0.508459
24.303342,70.487621,70.000000,1411.00,7.0550,-0.487621
24.313419,70.466086,70.000000,1411.00,7.0550,-0.466086
24.323360,70.443792,70.000000,1411.00,7.0550,-0.443792
24.333438,70.420730,70.000000,1411.00,7.0550,-0.420730
24.343520,70.396919,70.000000,1411.00,7.0550,-0.396919
24.353540,70.372484,70.000000,1411.00,7.0550,-0.372484
24.363540,70.348136,70.000000,1411.00,7.0550,-0.348136
24.373578,70.322839,70.000000,1411.00,7.0550,-0.322839
24.383679,70.297317,70.000000,1411.00,7.0550,-0.297317
24.393823,70.270987,70.000000,1411.00,7.0550,-0.270987
24.403753,70.244340,70.000000,1411.00,7.0550,-0.244340
24.413862,70.217108,70.000000,1411.00,7.0550,-0.217108
24.423843,70.189335,70.000000,1411.00,7.0550,-0.189335
24.433930,70.161122,70.000000,1411.00,7.0550,-0.161122
24.444084,70.132819,70.000000,1411.00,7.0550,-0.132819
24.454030,70.104577,70.000000,1411.00,7.0550,-0.104577
24.464031,70.076078,70.000000,1411.00,7.0550,-0.076078
24.474074,70.047637,70.000000,1411.00,7.0550,-0.047637
24.484164,70.018853,70.000000,1411.00,7.0550,-0.018853
24.494353,69.990032,70.000000,1411.00,7.0550,0.009968
24.504303,69.961494,70.000000,1411.00,7.0550,0.038506
24.514263,69.932972,70.000000,1411.00,7.0550,0.067028
24.524361,69.904644,70.000000,1411.00,7.0550,0.095356
24.534410,69.876075,70.000000,1411.00,7.0550,0.123925
24.544486,69.847479,70.000000,1411.00,7.0550,0.152521
24.554530,69.818849,70.000000,1410.00,7.0500,0.181151
24.564470,69.790160,70.000000,1411.00,7.0550,0.209840
24.574510,69.761643,70.000000,1411.00,7.0550,0.238357
24.584598,69.733029,70.000000,1411.00,7.0550,0.266971
24.594770,69.704925,70.000000,1411.00,7.0550,0.295075
24.604725,69.676844,70.000000,1411.00,7.0550,0.323156
24.614677,69.649403,70.000000,1411.00,7.0550,0.350597
24.624730,69.622759,70.000000,1411.00,7.0550,0.377241
24.634758,69.596263,70.000000,1411.00,7.0550,0.403737
24.644869,69.569772,70.000000,1411.00,7.0550,0.430228
24.654817,69.543281,70.000000,1411.00,7.0550,0.456719
24.664863,69.517101,70.000000,1411.00,7.0550,0.482899
24.675049,69.491008,70.000000,1411.00,7.0550,0.508992
24.685092,69.465945,70.000000,1411.00,7.0550,0.534055
24.695071,69.441233,70.000000,1411.00,7.0550,0.558767
24.705098,69.416914,70.000000,1411.00,7.0550,0.583086
24.715045,69.392909,70.000000,1411.00,7.0550,0.607091
24.725170,69.369458,70.000000,1411.00,7.0550,0.630542
24.735295,69.345832,70.000000,1411.00,7.0550,0.654168
24.745234,69.322473,70.000000,1411.00,7.0550,0.677527
24.755383,69.299339,70.000000,1411.00,7.0550,0.700661
24.765349,69.276635,70.000000,1411.00,7.0550,0.723365
24.775344,69.254163,70.000000,1411.00,7.0550,0.745837
24.785455,69.232495,70.000000,1411.00,7.0550,0.767505
24.795451,69.211419,70.000000,1411.00,7.0550,0.788581
24.805571,69.190794,70.000000,1411.00,7.0550,0.809206
24.815486,69.170709,70.000000,1411.00,7.0550,0.829291
24.825526,69.151036,70.000000,1411.00,7.0550,0.848964
24.835652,69.131860,70.000000,1411.00,7.0550,0.868140
24.845628,69.112970,70.000000,1411.00,7.0550,0.887030
24.855654,69.094935,70.000000,1411.00,7.0550,0.905065
24.865725,69.077597,70.000000,1411.00,7.0550,0.922403
24.875708,69.061065,70.000000,1411.00,7.0550,0.938935
24.885828,69.044959,70.000000,1411.00,7.0550,0.955041
24.895992,69.029155,70.000000,1411.00,7.0550,0.970845
24.906020,69.014010,70.000000,1411.00,7.0550,0.985990
24.916013,68.999046,70.000000,1411.00,7.0550,1.000954
24.926004,68.984689,70.000000,1411.00,7.0550,1.015311
24.936171,68.971209,70.000000,1411.00,7.0550,1.028791
24.946243,68.957753,70.000000,1411.00,7.0550,1.042247
24.956207,68.944317,70.000000,1411.00,7.0550,1.055683
24.966263,68.931686,70.000000,1411.00,7.0550,1.068314
24.976245,68.919609,70.000000,1411.00,7.0550,1.080391
24.986320,68.908255,70.000000,1411.00,7.0550,1.091745
