Recording_Time_s,Arm_Angle_deg,Ref_Angle_deg,PWM_Input_us,Duty_Cycle_percent,Tracking_Error_deg
0.000000,9.536100,45.000000,1000.00,5.0000,35.463900
0.009947,9.536100,45.000000,1000.00,5.0000,35.463900
0.019968,9.536100,45.000000,1000.00,5.0000,35.463900
0.030062,9.536100,45.000000,1000.00,5.0000,35.463900
0.040164,9.536100,45.000000,1000.00,5.0000,35.463900
0.050132,9.536100,45.000000,1000.00,5.0000,35.463900
0.060167,9.536100,45.000000,1000.00,5.0000,35.463900
0.070220,9.536100,45.000000,1000.00,5.0000,35.463900
0.080326,9.536100,45.000000,1000.00,5.0000,35.463900
0.090368,9.536100,45.000000,1000.00,5.0000,35.463900
0.100411,9.536100,45.000000,1000.00,5.0000,35.463900
0.110382,9.536100,45.000000,1000.00,5.0000,35.463900
0.120483,9.536100,45.000000,1000.00,5.0000,35.463900
0.130579,9.536100,45.000000,1000.00,5.0000,35.463900
0.140642,9.536100,45.000000,1000.00,5.0000,35.463900
0.150623,9.536100,45.000000,1000.00,5.0000,35.463900
0.160625,9.536100,45.000000,1000.00,5.0000,35.463900
0.170634,9.536100,45.000000,1000.00,5.0000,35.463900
0.180728,9.536100,45.000000,1000.00,5.0000,35.463900
0.190745,9.536100,45.000000,1000.00,5.0000,35.463900
0.200780,9.536100,45.000000,1000.00,5.0000,35.463900
0.210775,9.536100,45.000000,1000.00,5.0000,35.463900
0.220868,9.536100,45.000000,1000.00,5.0000,35.463900
0.230973,9.536100,45.000000,1000.00,5.0000,35.463900
0.240950,9.536100,45.000000,1000.00,5.0000,35.463900
0.250999,9.536100,45.000000,1000.00,5.0000,35.463900
0.261034,9.536100,45.000000,1000.00,5.0000,35.463900
0.271072,9.536100,45.000000,1000.00,5.0000,35.463900
0.281135,9.536100,45.000000,1000.00,5.0000,35.463900
0.291375,9.536100,45.000000,1000.00,5.0000,35.463900
0.301397,9.536100,45.000000,1000.00,5.0000,35.463900
0.311343,9.536100,45.000000,1000.00,5.0000,35.463900
0.321384,9.536100,45.000000,1000.00,5.0000,35.463900
0.331420,9.536100,45.000000,1000.00,5.0000,35.463900
0.341608,9.536100,45.000000,1000.00,5.0000,35.463900
0.351706,9.536100,45.000000,1000.00,5.0000,35.463900
0.361624,9.536100,45.000000,1000.00,5.0000,35.463900
0.371664,9.536100,45.000000,1000.00,5.0000,35.463900
0.381768,9.536100,45.000000,1000.00,5.0000,35.463900
0.391773,9.536100,45.000000,1000.00,5.0000,35.463900
0.401783,9.536100,45.000000,1000.00,5.0000,35.463900
0.411862,9.536100,45.000000,1000.00,5.0000,35.463900
0.422118,9.536100,45.000000,1000.00,5.0000,35.463900
0.431953,9.536100,45.000000,1000.00,5.0000,35.463900
0.441943,9.536100,45.000000,1000.00,5.0000,35.463900
0.452051,9.536100,45.000000,1000.00,5.0000,35.463900
0.462097,9.536100,45.000000,1000.00,5.0000,35.463900
0.472159,9.536100,45.000000,1000.00,5.0000,35.463900
0.482128,9.536100,45.000000,1000.00,5.0000,35.463900
0.492183,9.536100,45.000000,1000.00,5.0000,35.463900
0.502190,9.536100,45.000000,1000.00,5.0000,35.463900
0.512250,9.536100,45.000000,1000.00,5.0000,35.463900
0.522302,9.536100,45.000000,1000.00,5.0000,35.463900
0.532281,9.536100,45.000000,1000.00,5.0000,35.463900
0.542401,9.536100,45.000000,1000.00,5.0000,35.463900
0.552437,9.536100,45.000000,1000.00,5.0000,35.463900
0.562428,9.536100,45.000000,1000.00,5.0000,35.463900
0.572528,9.536100,45.000000,1000.00,5.0000,35.463900
0.582444,9.536100,45.000000,1000.00,5.0000,35.463900
0.592545,9.536100,45.000000,1000.00,5.0000,35.463900
0.602582,9.536100,45.000000,1000.00,5.0000,35.463900
0.612676,9.536100,45.000000,1000.00,5.0000,35.463900
0.622738,9.536100,45.000000,1000.00,5.0000,35.463900
0.632709,9.536100,45.000000,1000.00,5.0000,35.463900
0.642703,9.536100,45.000000,1000.00,5.0000,35.463900
0.652773,9.536100,45.000000,1000.00,5.0000,35.463900
0.662882,9.536100,45.000000,1000.00,5.0000,35.463900
0.672945,9.536100,45.000000,1000.00,5.0000,35.463900
0.683029,9.536100,45.000000,1000.00,5.0000,35.463900
0.692919,9.536100,45.000000,1000.00,5.0000,35.463900
0.703200,9.536100,45.000000,1000.00,5.0000,35.463900
0.713195,9.536100,45.000000,1000.00,5.0000,35.463900
0.723176,9.536100,45.000000,1000.00,5.0000,35.463900
0.733241,9.536100,45.000000,1000.00,5.0000,35.463900
0.743232,9.536100,45.000000,1000.00,5.0000,35.463900
0.753258,9.536100,45.000000,1000.00,5.0000,35.463900
0.763346,9.536100,45.000000,1000.00,5.0000,35.463900
0.773365,9.536100,45.000000,1000.00,5.0000,35.463900
0.783339,9.536100,45.000000,1000.00,5.0000,35.463900
0.793349,9.536100,45.000000,1000.00,5.0000,35.463900
0.803353,9.536100,45.000000,1000.00,5.0000,35.463900
0.813429,9.536100,45.000000,1409.00,7.0450,35.463900
0.823446,9.536100,45.000000,1209.00,6.0450,35.463900
0.833507,9.536100,45.000000,1209.00,6.0450,35.463900
0.843481,9.536100,45.000000,1209.00,6.0450,35.463900
0.853588,9.536100,45.000000,1209.00,6.0450,35.463900
0.863725,9.536100,45.000000,1210.00,6.0500,35.463900
0.873723,9.536100,45.000000,1210.00,6.0500,35.463900
0.883670,9.536100,45.000000,1210.00,6.0500,35.463900
0.893647,9.536100,45.000000,1210.00,6.0500,35.463900
0.903847,9.536100,45.000000,1211.00,6.0550,35.463900
0.913872,9.536100,45.000000,1211.00,6.0550,35.463900
0.923877,9.536100,45.000000,1211.00,6.0550,35.463900
0.933870,9.536100,45.000000,1211.00,6.0550,35.463900
0.943882,9.536100,45.000000,1211.00,6.0550,35.463900
0.954122,9.536100,45.000000,1212.00,6.0600,35.463900
0.964110,9.536100,45.000000,1212.00,6.0600,35.463900
0.974035,9.536100,45.000000,1212.00,6.0600,35.463900
0.984105,9.536100,45.000000,1212.00,6.0600,35.463900
0.994063,9.536100,45.000000,1212.00,6.0600,35.463900
1.004223,9.536100,45.000000,1213.00,6.0650,35.463900
1.014241,9.536100,45.000000,1213.00,6.0650,35.463900
1.024151,9.536100,45.000000,1213.00,6.0650,35.463900
1.034307,9.536100,45.000000,1213.00,6.0650,35.463900
1.044318,9.536100,45.000000,1213.00,6.0650,35.463900
1.054478,9.536100,45.000000,1214.00,6.0700,35.463900
1.064444,9.536100,45.000000,1214.00,6.0700,35.463900
1.074509,9.536100,45.000000,1214.00,6.0700,35.463900
1.084493,9.536100,45.000000,1214.00,6.0700,35.463900
1.094521,9.536100,45.000000,1215.00,6.0750,35.463900
1.104578,9.536100,45.000000,1215.00,6.0750,35.463900
1.114600,9.536100,45.000000,1215.00,6.0750,35.463900
1.124597,9.536100,45.000000,1215.00,6.0750,35.463900
1.134771,9.536100,45.000000,1215.00,6.0750,35.463900
1.144734,9.536100,45.000000,1216.00,6.0800,35.463900
1.154812,9.536100,45.000000,1216.00,6.0800,35.463900
1.164805,9.536100,45.000000,1216.00,6.0800,35.463900
1.174777,9.536100,45.000000,1216.00,6.0800,35.463900
1.184873,9.536100,45.000000,1216.00,6.0800,35.463900
1.194993,9.536100,45.000000,1217.00,6.0850,35.463900
1.205164,9.536100,45.000000,1217.00,6.0850,35.463900
1.215027,9.536100,45.000000,1217.00,6.0850,35.463900
1.225111,9.536100,45.000000,1217.00,6.0850,35.463900
1.235238,9.536100,45.000000,1218.00,6.0900,35.463900
1.245208,9.536100,45.000000,1218.00,6.0900,35.463900
1.255193,9.536100,45.000000,1218.00,6.0900,35.463900
1.265212,9.536100,45.000000,1218.00,6.0900,35.463900
1.275253,9.536100,45.000000,1218.00,6.0900,35.463900
1.285419,9.536100,45.000000,1219.00,6.0950,35.463900
1.295409,9.536100,45.000000,1219.00,6.0950,35.463900
1.305389,9.536100,45.000000,1219.00,6.0950,35.463900
1.315437,9.536100,45.000000,1219.00,6.0950,35.463900
1.325412,9.536100,45.000000,1219.00,6.0950,35.463900
1.335510,9.536100,45.000000,1220.00,6.1000,35.463900
1.345559,9.536100,45.000000,1220.00,6.1000,35.463900
1.355623,9.536100,45.000000,1220.00,6.1000,35.463900
1.365604,9.536100,45.000000,1220.00,6.1000,35.463900
1.375586,9.536100,45.000000,1221.00,6.1050,35.463900
1.385706,9.536100,45.000000,1221.00,6.1050,35.463900
1.395750,9.536100,45.000000,1221.00,6.1050,35.463900
1.405982,9.536100,45.000000,1221.00,6.1050,35.463900
1.415855,9.536100,45.000000,1221.00,6.1050,35.463900
1.425845,9.536100,45.000000,1222.00,6.1100,35.463900
1.435969,9.536100,45.000000,1222.00,6.1100,35.463900
1.446070,9.536100,45.000000,1222.00,6.1100,35.463900
1.456270,9.536100,45.000000,1222.00,6.1100,35.463900
1.466065,9.536100,45.000000,1222.00,6.1100,35.463900
1.476471,9.536100,45.000000,1223.00,6.1150,35.463900
1.486482,9.536100,45.000000,1223.00,6.1150,35.463900
1.496427,9.536100,45.000000,1223.00,6.1150,35.463900
1.506532,9.536100,45.000000,1223.00,6.1150,35.463900
1.516506,9.536100,45.000000,1223.00,6.1150,35.463900
1.526465,9.536100,45.000000,1224.00,6.1200,35.463900
1.536588,9.536100,45.000000,1224.00,6.1200,35.463900
1.546640,9.536100,45.000000,1224.00,6.1200,35.463900
1.556628,9.536100,45.000000,1224.00,6.1200,35.463900
1.566662,9.536100,45.000000,1225.00,6.1250,35.463900
1.576653,9.536100,45.000000,1225.00,6.1250,35.463900
1.586757,9.536100,45.000000,1225.00,6.1250,35.463900
1.596805,9.536100,45.000000,1225.00,6.1250,35.463900
1.606927,9.536100,45.000000,1225.00,6.1250,35.463900
1.616890,9.536100,45.000000,1226.00,6.1300,35.463900
1.626851,9.536100,45.000000,1226.00,6.1300,35.463900
1.636998,9.536100,45.000000,1226.00,6.1300,35.463900
1.646999,9.536100,45.000000,1226.00,6.1300,35.463900
1.657116,9.536100,45.000000,1226.00,6.1300,35.463900
1.667179,9.536100,45.000000,1227.00,6.1350,35.463900
1.677111,9.536100,45.000000,1227.00,6.1350,35.463900
1.687184,9.536100,45.000000,1227.00,6.1350,35.463900
1.697216,9.536100,45.000000,1227.00,6.1350,35.463900
1.707211,9.536100,45.000000,1228.00,6.1400,35.463900
1.717255,9.536100,45.000000,1228.00,6.1400,35.463900
1.727229,9.536100,45.000000,1228.00,6.1400,35.463900
1.737334,9.536100,45.000000,1228.00,6.1400,35.463900
1.747405,9.536100,45.000000,1228.00,6.1400,35.463900
1.757335,9.536100,45.000000,1229.00,6.1450,35.463900
1.767489,9.536100,45.000000,1229.00,6.1450,35.463900
1.777497,9.536100,45.000000,1229.00,6.1450,35.463900
1.787516,9.536100,45.000000,1229.00,6.1450,35.463900
1.797591,9.536100,45.000000,1229.00,6.1450,35.463900
1.807578,9.536100,45.000000,1230.00,6.1500,35.463900
1.817686,9.536100,45.000000,1230.00,6.1500,35.463900
1.827707,9.536100,45.000000,1230.00,6.1500,35.463900
1.837880,9.536100,45.000000,1230.00,6.1500,35.463900
1.847846,9.536100,45.000000,1231.00,6.1550,35.463900
1.857809,9.536100,45.000000,1231.00,6.1550,35.463900
1.867854,9.536100,45.000000,1231.00,6.1550,35.463900
1.878065,9.536100,45.000000,1231.00,6.1550,35.463900
1.888161,9.536100,45.000000,1231.00,6.1550,35.463900
1.898032,9.536100,45.000000,1232.00,6.1600,35.463900
1.908099,9.536100,45.000000,1232.00,6.1600,35.463900
1.918137,9.536100,45.000000,1232.00,6.1600,35.463900
1.928185,9.536100,45.000000,1232.00,6.1600,35.463900
1.938212,9.536100,45.000000,1232.00,6.1600,35.463900
1.948290,9.536100,45.000000,1233.00,6.1650,35.463900
1.958441,9.536100,45.000000,1233.00,6.1650,35.463900
1.968279,9.536100,45.000000,1233.00,6.1650,35.463900
1.978352,9.536100,45.000000,1233.00,6.1650,35.463900
1.988379,9.536100,45.000000,1233.00,6.1650,35.463900
1.998431,9.536100,45.000000,1234.00,6.1700,35.463900
2.008446,9.536100,45.000000,1234.00,6.1700,35.463900
2.018470,9.536100,45.000000,1234.00,6.1700,35.463900
2.028550,9.536100,45.000000,1234.00,6.1700,35.463900
2.038690,9.536100,45.000000,1235.00,6.1750,35.463900
2.048642,9.536100,45.000000,1235.00,6.1750,35.463900
2.058737,9.536100,45.000000,1235.00,6.1750,35.463900
2.068691,9.536100,45.000000,1235.00,6.1750,35.463900
2.078725,9.536100,45.000000,1235.00,6.1750,35.463900
2.088923,9.536100,45.000000,1236.00,6.1800,35.463900
2.098850,9.536100,45.000000,1236.00,6.1800,35.463900
2.108890,9.536100,45.000000,1236.00,6.1800,35.463900
2.118950,9.536100,45.000000,1236.00,6.1800,35.463900
2.128973,9.536100,45.000000,1236.00,6.1800,35.463900
2.139268,9.536100,45.000000,1237.00,6.1850,35.463900
2.149054,9.536100,45.000000,1237.00,6.1850,35.463900
2.159031,9.536100,45.000000,1237.00,6.1850,35.463900
2.169077,9.536100,45.000000,1237.00,6.1850,35.463900
2.179188,9.536100,45.000000,1238.00,6.1900,35.463900
2.189392,9.536100,45.000000,1238.00,6.1900,35.463900
2.199208,9.536100,45.000000,1238.00,6.1900,35.463900
2.209124,9.536100,45.000000,1238.00,6.1900,35.463900
2.219260,9.536100,45.000000,1238.00,6.1900,35.463900
2.229243,9.536100,45.000000,1239.00,6.1950,35.463900
2.239501,9.536100,45.000000,1239.00,6.1950,35.463900
2.249421,9.536100,45.000000,1239.00,6.1950,35.463900
2.259377,9.536100,45.000000,1239.00,6.1950,35.463900
2.269411,9.536100,45.000000,1239.00,6.1950,35.463900
2.279501,9.536100,45.000000,1240.00,6.2000,35.463900
2.289555,9.536100,45.000000,1240.00,6.2000,35.463900
2.299612,9.536100,45.000000,1240.00,6.2000,35.463900
2.309571,9.536100,45.000000,1240.00,6.2000,35.463900
2.319701,9.536100,45.000000,1241.00,6.2050,35.463900
2.329749,9.536100,45.000000,1241.00,6.2050,35.463900
2.339844,9.536100,45.000000,1241.00,6.2050,35.463900
2.349859,9.536100,45.000000,1241.00,6.2050,35.463900
2.359803,9.536100,45.000000,1241.00,6.2050,35.463900
2.369904,9.536100,45.000000,1242.00,6.2100,35.463900
2.379948,9.536100,45.000000,1242.00,6.2100,35.463900
2.390030,9.536100,45.000000,1242.00,6.2100,35.463900
2.400069,9.536100,45.000000,1242.00,6.2100,35.463900
2.410041,9.536100,45.000000,1242.00,6.2100,35.463900
2.420153,9.536100,45.000000,1243.00,6.2150,35.463900
2.430195,9.536100,45.000000,1243.00,6.2150,35.463900
2.440210,9.536100,45.000000,1243.00,6.2150,35.463900
2.450364,9.536100,45.000000,1243.00,6.2150,35.463900
2.460310,9.536100,45.000000,1243.00,6.2150,35.463900
2.470329,9.536100,45.000000,1244.00,6.2200,35.463900
2.480411,9.536100,45.000000,1244.00,6.2200,35.463900
2.490417,9.536100,45.000000,1244.00,6.2200,35.463900
2.500515,9.536100,45.000000,1244.00,6.2200,35.463900
2.510486,9.536100,45.000000,1245.00,6.2250,35.463900
2.520555,9.536100,45.000000,1245.00,6.2250,35.463900
2.530555,9.536100,45.000000,1245.00,6.2250,35.463900
2.540546,9.536100,45.000000,1245.00,6.2250,35.463900
2.550748,9.536100,45.000000,1245.00,6.2250,35.463900
2.560645,9.536100,45.000000,1246.00,6.2300,35.463900
2.570699,9.536100,45.000000,1246.00,6.2300,35.463900
2.580766,9.536100,45.000000,1246.00,6.2300,35.463900
2.590786,9.536100,45.000000,1246.00,6.2300,35.463900
2.600954,9.536100,45.000000,1246.00,6.2300,35.463900
2.610923,9.536100,45.000000,1247.00,6.2350,35.463900
2.621005,9.536100,45.000000,1247.00,6.2350,35.463900
2.630936,9.536100,45.000000,1247.00,6.2350,35.463900
2.641092,9.536100,45.000000,1247.00,6.2350,35.463900
2.651038,9.536100,45.000000,1248.00,6.2400,35.463900
2.661109,9.536100,45.000000,1248.00,6.2400,35.463900
2.671047,9.536100,45.000000,1248.00,6.2400,35.463900
2.681169,9.536100,45.000000,1248.00,6.2400,35.463900
2.691392,9.536100,45.000000,1248.00,6.2400,35.463900
2.701318,9.536100,45.000000,1249.00,6.2450,35.463900
2.711287,9.536100,45.000000,1249.00,6.2450,35.463900
2.721222,9.536100,45.000000,1249.00,6.2450,35.463900
2.731279,9.536100,45.000000,1249.00,6.2450,35.463900
2.741392,9.536186,45.000000,1249.00,6.2450,35.463814
2.751440,9.536389,45.000000,1250.00,6.2500,35.463611
2.761484,9.536848,45.000000,1250.00,6.2500,35.463152
2.771512,9.537792,45.000000,1250.00,6.2500,35.462208
2.781539,9.539417,45.000000,1250.00,6.2500,35.460583
2.791540,9.541742,45.000000,1251.00,6.2550,35.458258
2.801631,9.544829,45.000000,1251.00,6.2550,35.455171
2.811783,9.548877,45.000000,1251.00,6.2550,35.451123
2.821731,9.554002,45.000000,1251.00,6.2550,35.445998
2.831783,9.560364,45.000000,1252.00,6.2600,35.439636
2.841719,9.568065,45.000000,1252.00,6.2600,35.431935
2.851852,9.577198,45.000000,1252.00,6.2600,35.422802
2.861931,9.587668,45.000000,1252.00,6.2600,35.412332
2.872010,9.599685,45.000000,1252.00,6.2600,35.400315
2.882068,9.613389,45.000000,1252.00,6.2600,35.386611
2.891974,9.628865,45.000000,1253.00,6.2650,35.371135
2.902101,9.646100,45.000000,1253.00,6.2650,35.353900
2.912148,9.665318,45.000000,1253.00,6.2650,35.334682
2.922168,9.686579,45.000000,1253.00,6.2650,35.313421
2.932174,9.709925,45.000000,1253.00,6.2650,35.290075
2.942129,9.735308,45.000000,1254.00,6.2700,35.264692
2.952349,9.762911,45.000000,1254.00,6.2700,35.237089
2.962304,9.792936,45.000000,1254.00,6.2700,35.207064
2.972326,9.825393,45.000000,1254.00,6.2700,35.174607
2.982292,9.860187,45.000000,1254.00,6.2700,35.139813
2.992317,9.897199,45.000000,1255.00,6.2750,35.102801
3.002497,9.936386,45.000000,1255.00,6.2750,35.063614
3.012518,9.977756,45.000000,1255.00,6.2750,35.022244
3.022560,10.021647,45.000000,1255.00,6.2750,34.978353
3.032505,10.067798,45.000000,1255.00,6.2750,34.932202
3.042484,10.116321,45.000000,1255.00,6.2750,34.883679
3.052662,10.167340,45.000000,1256.00,6.2800,34.832660
3.062631,10.220824,45.000000,1256.00,6.2800,34.779176
3.072789,10.276752,45.000000,1256.00,6.2800,34.723248
3.082731,10.334978,45.000000,1256.00,6.2800,34.665022
3.092725,10.395291,45.000000,1256.00,6.2800,34.604709
3.102785,10.457766,45.000000,1256.00,6.2800,34.542234
3.112894,10.522793,45.000000,1257.00,6.2850,34.477207
3.122818,10.590367,45.000000,1257.00,6.2850,34.409633
3.132989,10.660024,45.000000,1257.00,6.2850,34.339976
3.142917,10.731616,45.000000,1257.00,6.2850,34.268384
3.153033,10.805081,45.000000,1257.00,6.2850,34.194919
3.163131,10.880917,45.000000,1258.00,6.2900,34.119083
3.173130,10.958949,45.000000,1258.00,6.2900,34.041051
3.183182,11.038662,45.000000,1258.00,6.2900,33.961338
3.193282,11.119895,45.000000,1258.00,6.2900,33.880105
3.203251,11.203073,45.000000,1258.00,6.2900,33.796927
3.213362,11.288248,45.000000,1258.00,6.2900,33.711752
3.223351,11.374991,45.000000,1259.00,6.2950,33.625009
3.233406,11.462861,45.000000,1259.00,6.2950,33.537139
3.243491,11.551930,45.000000,1259.00,6.2950,33.448070
3.253642,11.642630,45.000000,1259.00,6.2950,33.357370
3.263615,11.734610,45.000000,1259.00,6.2950,33.265390
3.273614,11.827389,45.000000,1259.00,6.2950,33.172611
3.283651,11.920781,45.000000,1260.00,6.3000,33.079219
3.293629,12.015337,45.000000,1260.00,6.3000,32.984663
3.303759,12.110887,45.000000,1260.00,6.3000,32.889113
3.313779,12.206802,45.000000,1260.00,6.3000,32.793198
3.323744,12.302821,45.000000,1260.00,6.3000,32.697179
3.333847,12.399347,45.000000,1261.00,6.3050,32.600653
3.343879,12.496376,45.000000,1261.00,6.3050,32.503624
3.353915,12.593448,45.000000,1261.00,6.3050,32.406552
3.363992,12.690273,45.000000,1261.00,6.3050,32.309727
3.374018,12.786987,45.000000,1261.00,6.3050,32.213013
3.384065,12.883626,45.000000,1261.00,6.3050,32.116374
3.394150,12.979753,45.000000,1262.00,6.3100,32.020247
3.404101,13.075110,45.000000,1262.00,6.3100,31.924890
3.414161,13.170061,45.000000,1262.00,6.3100,31.829939
3.424233,13.264545,45.000000,1262.00,6.3100,31.735455
3.434357,13.358239,45.000000,1262.00,6.3100,31.641761
3.444341,13.450850,45.000000,1263.00,6.3150,31.549150
3.454381,13.542490,45.000000,1263.00,6.3150,31.457510
3.464440,13.633358,45.000000,1263.00,6.3150,31.366642
3.474450,13.722980,45.000000,1263.00,6.3150,31.277020
3.484506,13.810973,45.000000,1263.00,6.3150,31.189027
3.494568,13.897652,45.000000,1264.00,6.3200,31.102348
3.504591,13.983203,45.000000,1264.00,6.3200,31.016797
3.514669,14.067136,45.000000,1264.00,6.3200,30.932864
3.524698,14.149354,45.000000,1264.00,6.3200,30.850646
3.534765,14.230139,45.000000,1264.00,6.3200,30.769861
3.544724,14.309269,45.000000,1265.00,6.3250,30.690731
3.554822,14.386446,45.000000,1265.00,6.3250,30.613554
3.564839,14.461728,45.000000,1265.00,6.3250,30.538272
3.574812,14.535244,45.000000,1265.00,6.3250,30.464756
3.584941,14.606765,45.000000,1265.00,6.3250,30.393235
3.595010,14.675809,45.000000,1266.00,6.3300,30.324191
3.605149,14.742827,45.000000,1266.00,6.3300,30.257173
3.615055,14.807812,45.000000,1266.00,6.3300,30.192188
3.625045,14.870363,45.000000,1266.00,6.3300,30.129637
3.635350,14.930656,45.000000,1266.00,6.3300,30.069344
3.645289,14.988878,45.000000,1267.00,6.3350,30.011122
3.655427,15.044904,45.000000,1267.00,6.3350,29.955096
3.665479,15.098531,45.000000,1267.00,6.3350,29.901469
3.675426,15.149763,45.000000,1267.00,6.3350,29.850237
3.685514,15.198911,45.000000,1267.00,6.3350,29.801089
3.695518,15.245622,45.000000,1268.00,6.3400,29.754378
3.705673,15.289815,45.000000,1268.00,6.3400,29.710185
3.715651,15.331575,45.000000,1268.00,6.3400,29.668425
3.725607,15.371121,45.000000,1268.00,6.3400,29.628879
3.735700,15.408362,45.000000,1268.00,6.3400,29.591638
3.745801,15.443367,45.000000,1269.00,6.3450,29.556633
3.756007,15.476132,45.000000,1269.00,6.3450,29.523868
3.765895,15.506368,45.000000,1269.00,6.3450,29.493632
3.775850,15.534244,45.000000,1269.00,6.3450,29.465756
3.786025,15.559999,45.000000,1269.00,6.3450,29.440001
3.795991,15.583561,45.000000,1270.00,6.3500,29.416439
3.806009,15.604967,45.000000,1270.00,6.3500,29.395033
3.816062,15.624366,45.000000,1270.00,6.3500,29.375634
3.826023,15.641987,45.000000,1270.00,6.3500,29.358013
3.836177,15.657513,45.000000,1270.00,6.3500,29.342487
3.846233,15.671318,45.000000,1271.00,6.3550,29.328682
3.856230,15.683443,45.000000,1271.00,6.3550,29.316557
3.866217,15.693830,45.000000,1271.00,6.3550,29.306170
3.876222,15.702723,45.000000,1271.00,6.3550,29.297277
3.886256,15.709960,45.000000,1271.00,6.3550,29.290040
3.896318,15.715766,45.000000,1272.00,6.3600,29.284234
3.906339,15.720147,45.000000,1272.00,6.3600,29.279853
3.916384,15.723328,45.000000,1272.00,6.3600,29.276672
3.926415,15.725103,45.000000,1272.00,6.3600,29.274897
3.936454,15.725933,45.000000,1272.00,6.3600,29.274067
3.946504,15.725878,45.000000,1273.00,6.3650,29.274122
3.956603,15.724533,45.000000,1273.00,6.3650,29.275467
3.966614,15.722469,45.000000,1273.00,6.3650,29.277531
3.976559,15.719716,45.000000,1273.00,6.3650,29.280284
3.986729,15.716266,45.000000,1273.00,6.3650,29.283734
3.996680,15.712443,45.000000,1273.00,6.3650,29.287557
4.006701,15.708329,45.000000,1274.00,6.3700,29.291671
4.016730,15.704005,45.000000,1274.00,6.3700,29.295995
4.026771,15.699406,45.000000,1274.00,6.3700,29.300594
4.036870,15.694631,45.000000,1274.00,6.3700,29.305369
4.046949,15.689804,45.000000,1274.00,6.3700,29.310196
4.056908,15.685137,45.000000,1275.00,6.3750,29.314863
4.066975,15.680520,45.000000,1275.00,6.3750,29.319480
4.076988,15.676122,45.000000,1275.00,6.3750,29.323878
4.087066,15.672141,45.000000,1275.00,6.3750,29.327859
4.097082,15.668533,45.000000,1275.00,6.3750,29.331467
4.107062,15.665088,45.000000,1275.00,6.3750,29.334912
4.117130,15.662436,45.000000,1276.00,6.3800,29.337564
4.127231,15.660585,45.000000,1276.00,6.3800,29.339415
4.137285,15.659680,45.000000,1276.00,6.3800,29.340320
4.147235,15.659648,45.000000,1276.00,6.3800,29.340352
4.157118,15.660479,45.000000,1276.00,6.3800,29.339521
4.167229,15.662351,45.000000,1276.00,6.3800,29.337649
4.177239,15.665450,45.000000,1277.00,6.3850,29.334550
4.187331,15.669915,45.000000,1277.00,6.3850,29.330085
4.197309,15.675752,45.000000,1277.00,6.3850,29.324248
4.207418,15.682799,45.000000,1277.00,6.3850,29.317201
4.217403,15.691226,45.000000,1277.00,6.3850,29.308774
4.227470,15.701117,45.000000,1277.00,6.3850,29.298883
4.237480,15.712483,45.000000,1278.00,6.3900,29.287517
4.247547,15.725309,45.000000,1278.00,6.3900,29.274691
4.257654,15.739453,45.000000,1278.00,6.3900,29.260547
4.267666,15.755317,45.000000,1278.00,6.3900,29.244683
4.277755,15.772992,45.000000,1278.00,6.3900,29.227008
4.287889,15.792527,45.000000,1278.00,6.3900,29.207473
4.297874,15.813792,45.000000,1278.00,6.3900,29.186208
4.307931,15.836939,45.000000,1279.00,6.3950,29.163061
4.317984,15.861944,45.000000,1279.00,6.3950,29.138056
4.328083,15.888831,45.000000,1279.00,6.3950,29.111169
4.338006,15.917478,45.000000,1279.00,6.3950,29.082522
4.348123,15.947725,45.000000,1279.00,6.3950,29.052275
4.358240,15.979882,45.000000,1279.00,6.3950,29.020118
4.368318,16.013932,45.000000,1280.00,6.4000,28.986068
4.378363,16.049722,45.000000,1280.00,6.4000,28.950278
4.388443,16.087491,45.000000,1280.00,6.4000,28.912509
4.398455,16.127138,45.000000,1280.00,6.4000,28.872862
4.408407,16.168229,45.000000,1280.00,6.4000,28.831771
4.418557,16.211097,45.000000,1280.00,6.4000,28.788903
4.428620,16.255544,45.000000,1280.00,6.4000,28.744456
4.438814,16.301658,45.000000,1281.00,6.4050,28.698342
4.448751,16.349722,45.000000,1281.00,6.4050,28.650278
4.458718,16.399333,45.000000,1281.00,6.4050,28.600667
4.468834,16.450821,45.000000,1281.00,6.4050,28.549179
4.478838,16.503854,45.000000,1281.00,6.4050,28.496146
4.489073,16.558277,45.000000,1281.00,6.4050,28.441723
4.498994,16.614507,45.000000,1281.00,6.4050,28.385493
4.508943,16.672151,45.000000,1282.00,6.4100,28.327849
4.519033,16.731334,45.000000,1282.00,6.4100,28.268666
4.529027,16.792088,45.000000,1282.00,6.4100,28.207912
4.539188,16.853981,45.000000,1282.00,6.4100,28.146019
4.549179,16.917361,45.000000,1282.00,6.4100,28.082639
4.559104,16.981729,45.000000,1282.00,6.4100,28.018271
4.569217,17.047203,45.000000,1283.00,6.4150,27.952797
4.579178,17.114091,45.000000,1283.00,6.4150,27.885909
4.589243,17.181730,45.000000,1283.00,6.4150,27.818270
4.599248,17.250129,45.000000,1283.00,6.4150,27.749871
4.609170,17.319083,45.000000,1283.00,6.4150,27.680917
4.619171,17.388472,45.000000,1283.00,6.4150,27.611528
4.629186,17.458823,45.000000,1283.00,6.4150,27.541177
4.639246,17.529824,45.000000,1284.00,6.4200,27.470176
4.649292,17.601134,45.000000,1284.00,6.4200,27.398866
4.659245,17.673175,45.000000,1284.00,6.4200,27.326825
4.669276,17.745345,45.000000,1284.00,6.4200,27.254655
4.679351,17.817906,45.000000,1284.00,6.4200,27.182094
4.689466,17.890661,45.000000,1284.00,6.4200,27.109339
4.699480,17.963564,45.000000,1284.00,6.4200,27.036436
4.709449,18.036840,45.000000,1285.00,6.4250,26.963160
4.719505,18.109813,45.000000,1285.00,6.4250,26.890187
4.729616,18.182853,45.000000,1285.00,6.4250,26.817147
4.739593,18.255837,45.000000,1285.00,6.4250,26.744163
4.749776,18.328551,45.000000,1285.00,6.4250,26.671449
4.759692,18.401137,45.000000,1285.00,6.4250,26.598863
4.769727,18.473243,45.000000,1286.00,6.4300,26.526757
4.779823,18.545016,45.000000,1286.00,6.4300,26.454984
4.789818,18.616246,45.000000,1286.00,6.4300,26.383754
4.799942,18.686821,45.000000,1286.00,6.4300,26.313179
4.809913,18.757003,45.000000,1286.00,6.4300,26.242997
4.820031,18.826081,45.000000,1286.00,6.4300,26.173919
4.830088,18.894637,45.000000,1287.00,6.4350,26.105363
4.840040,18.962060,45.000000,1287.00,6.4350,26.037940
4.850206,19.028195,45.000000,1287.00,6.4350,25.971805
4.860185,19.093525,45.000000,1287.00,6.4350,25.906475
4.870219,19.157629,45.000000,1287.00,6.4350,25.842371
4.880286,19.220893,45.000000,1287.00,6.4350,25.779107
4.890336,19.282655,45.000000,1287.00,6.4350,25.717345
4.900414,19.343158,45.000000,1288.00,6.4400,25.656842
4.910360,19.402207,45.000000,1288.00,6.4400,25.597793
4.920438,19.459756,45.000000,1288.00,6.4400,25.540244
4.930501,19.516242,45.000000,1288.00,6.4400,25.483758
4.940610,19.571015,45.000000,1288.00,6.4400,25.428985
4.950630,19.624546,45.000000,1288.00,6.4400,25.375454
4.960699,19.676477,45.000000,1289.00,6.4450,25.323523
4.970641,19.727013,45.000000,1289.00,6.4450,25.272987
4.980721,19.776216,45.000000,1289.00,6.4450,25.223784
4.990811,19.823621,45.000000,1289.00,6.4450,25.176379
5.000924,19.869652,45.000000,1289.00,6.4450,25.130348
5.010942,19.913627,45.000000,1289.00,6.4450,25.086373
5.020948,19.956203,45.000000,1290.00,6.4500,25.043797
5.031061,19.997231,45.000000,1290.00,6.4500,25.002769
5.041015,20.036803,45.000000,1290.00,6.4500,24.963197
5.051223,20.075108,45.000000,1290.00,6.4500,24.924892
5.061214,20.111751,45.000000,1290.00,6.4500,24.888249
5.071250,20.146985,45.000000,1290.00,6.4500,24.853015
5.081294,20.180370,45.000000,1291.00,6.4550,24.819630
5.091252,20.212255,45.000000,1291.00,6.4550,24.787745
5.101537,20.242471,45.000000,1291.00,6.4550,24.757529
5.111383,20.270662,45.000000,1292.00,6.4600,24.729338
5.121614,20.297509,45.000000,1291.00,6.4550,24.702491
5.131545,20.322921,45.000000,1291.00,6.4550,24.677079
5.141506,20.347071,45.000000,1292.00,6.4600,24.652929
5.151630,20.369566,45.000000,1292.00,6.4600,24.630434
5.161656,20.390676,45.000000,1292.00,6.4600,24.609324
5.171672,20.410345,45.000000,1292.00,6.4600,24.589655
5.181676,20.428573,45.000000,1292.00,6.4600,24.571427
5.191654,20.445322,45.000000,1292.00,6.4600,24.554678
5.201788,20.460562,45.000000,1293.00,6.4650,24.539438
5.211810,20.474730,45.000000,1293.00,6.4650,24.525270
5.221943,20.487632,45.000000,1293.00,6.4650,24.512368
5.231915,20.499666,45.000000,1293.00,6.4650,24.500334
5.241851,20.510824,45.000000,1293.00,6.4650,24.489176
5.252162,20.521078,45.000000,1294.00,6.4700,24.478922
5.262100,20.530101,45.000000,1294.00,6.4700,24.469899
5.272071,20.538227,45.000000,1294.00,6.4700,24.461773
5.282128,20.545641,45.000000,1294.00,6.4700,24.454359
5.292097,20.552470,45.000000,1294.00,6.4700,24.447530
5.302248,20.558548,45.000000,1294.00,6.4700,24.441452
5.312186,20.563895,45.000000,1295.00,6.4750,24.436105
5.322152,20.568515,45.000000,1295.00,6.4750,24.431485
5.332335,20.572712,45.000000,1295.00,6.4750,24.427288
5.342278,20.576432,45.000000,1295.00,6.4750,24.423568
5.352435,20.579829,45.000000,1295.00,6.4750,24.420171
5.362435,20.583023,45.000000,1295.00,6.4750,24.416977
5.372490,20.585892,45.000000,1295.00,6.4750,24.414108
5.382506,20.588272,45.000000,1296.00,6.4800,24.411728
5.392501,20.590554,45.000000,1296.00,6.4800,24.409446
5.402693,20.592529,45.000000,1296.00,6.4800,24.407471
5.412692,20.594665,45.000000,1296.00,6.4800,24.405335
5.422693,20.596604,45.000000,1296.00,6.4800,24.403396
5.432718,20.598716,45.000000,1296.00,6.4800,24.401284
5.442694,20.600792,45.000000,1296.00,6.4800,24.399208
5.452911,20.603119,45.000000,1297.00,6.4850,24.396881
5.462841,20.605989,45.000000,1297.00,6.4850,24.394011
5.472874,20.609228,45.000000,1297.00,6.4850,24.390772
5.482926,20.612923,45.000000,1297.00,6.4850,24.387077
5.492965,20.617341,45.000000,1297.00,6.4850,24.382659
5.502996,20.622309,45.000000,1297.00,6.4850,24.377691
5.513061,20.627758,45.000000,1297.00,6.4850,24.372242
5.523024,20.633873,45.000000,1298.00,6.4900,24.366127
5.533132,20.640766,45.000000,1298.00,6.4900,24.359234
5.543151,20.648816,45.000000,1298.00,6.4900,24.351184
5.553140,20.657861,45.000000,1298.00,6.4900,24.342139
5.563175,20.667799,45.000000,1298.00,6.4900,24.332201
5.573111,20.678825,45.000000,1298.00,6.4900,24.321175
5.583190,20.691155,45.000000,1298.00,6.4900,24.308845
5.593126,20.704296,45.000000,1299.00,6.4950,24.295704
5.603146,20.718715,45.000000,1299.00,6.4950,24.281285
5.613208,20.734446,45.000000,1299.00,6.4950,24.265554
5.623136,20.751544,45.000000,1299.00,6.4950,24.248456
5.633227,20.769607,45.000000,1299.00,6.4950,24.230393
5.643207,20.789188,45.000000,1299.00,6.4950,24.210812
5.653358,20.809700,45.000000,1299.00,6.4950,24.190300
5.663356,20.831437,45.000000,1299.00,6.4950,24.168563
5.673330,20.854755,45.000000,1300.00,6.5000,24.145245
5.683413,20.879647,45.000000,1300.00,6.5000,24.120353
5.693465,20.905650,45.000000,1300.00,6.5000,24.094350
5.703548,20.933062,45.000000,1300.00,6.5000,24.066938
5.713600,20.961899,45.000000,1300.00,6.5000,24.038101
5.723672,20.992251,45.000000,1300.00,6.5000,24.007749
5.733692,21.023999,45.000000,1300.00,6.5000,23.976001
5.743751,21.056858,45.000000,1300.00,6.5000,23.943142
5.753700,21.091064,45.000000,1301.00,6.5050,23.908936
5.763779,21.126444,45.000000,1301.00,6.5050,23.873556
5.773764,21.163179,45.000000,1301.00,6.5050,23.836821
5.783803,21.201031,45.000000,1301.00,6.5050,23.798969
5.793900,21.240501,45.000000,1301.00,6.5050,23.759499
5.803905,21.281257,45.000000,1301.00,6.5050,23.718743
5.813974,21.323567,45.000000,1301.00,6.5050,23.676433
5.823994,21.367140,45.000000,1301.00,6.5050,23.632860
5.834042,21.412149,45.000000,1302.00,6.5100,23.587851
5.844092,21.458369,45.000000,1302.00,6.5100,23.541631
5.854194,21.505918,45.000000,1302.00,6.5100,23.494082
5.864166,21.554672,45.000000,1302.00,6.5100,23.445328
5.874175,21.604794,45.000000,1302.00,6.5100,23.395206
5.884240,21.655610,45.000000,1302.00,6.5100,23.344390
5.894268,21.707579,45.000000,1302.00,6.5100,23.292421
5.904458,21.760392,45.000000,1302.00,6.5100,23.239608
5.914438,21.814082,45.000000,1303.00,6.5150,23.185918
5.924399,21.868663,45.000000,1303.00,6.5150,23.131337
5.934573,21.924265,45.000000,1303.00,6.5150,23.075735
5.944702,21.980524,45.000000,1303.00,6.5150,23.019476
5.954765,22.037842,45.000000,1303.00,6.5150,22.962158
5.964681,22.095938,45.000000,1303.00,6.5150,22.904062
5.974658,22.154555,45.000000,1303.00,6.5150,22.845445
5.984764,22.213180,45.000000,1303.00,6.5150,22.786820
5.994892,22.272582,45.000000,1304.00,6.5200,22.727418
6.005107,22.332496,45.000000,1304.00,6.5200,22.667504
6.014942,22.392920,45.000000,1304.00,6.5200,22.607080
6.024889,22.453505,45.000000,1304.00,6.5200,22.546495
6.035030,22.514354,45.000000,1304.00,6.5200,22.485646
6.045059,22.575417,45.000000,1304.00,6.5200,22.424583
6.055320,22.636569,45.000000,1304.00,6.5200,22.363431
6.065205,22.697933,45.000000,1304.00,6.5200,22.302067
6.075137,22.759500,45.000000,1305.00,6.5250,22.240500
6.085214,22.820953,45.000000,1305.00,6.5250,22.179047
6.095196,22.882228,45.000000,1305.00,6.5250,22.117772
6.105381,22.943391,45.000000,1305.00,6.5250,22.056609
6.115268,23.004615,45.000000,1305.00,6.5250,21.995385
6.125244,23.065462,45.000000,1305.00,6.5250,21.934538
6.135379,23.126068,45.000000,1305.00,6.5250,21.873932
6.145482,23.186561,45.000000,1305.00,6.5250,21.813439
6.155492,23.246649,45.000000,1306.00,6.5300,21.753351
6.165497,23.306567,45.000000,1306.00,6.5300,21.693433
6.175468,23.365761,45.000000,1306.00,6.5300,21.634239
6.185581,23.424564,45.000000,1306.00,6.5300,21.575436
6.195626,23.482476,45.000000,1306.00,6.5300,21.517524
6.205670,23.540217,45.000000,1306.00,6.5300,21.459783
6.215717,23.597223,45.000000,1306.00,6.5300,21.402777
6.225710,23.653627,45.000000,1306.00,6.5300,21.346373
6.235816,23.709099,45.000000,1307.00,6.5350,21.290901
6.245863,23.763831,45.000000,1307.00,6.5350,21.236169
6.255817,23.817496,45.000000,1307.00,6.5350,21.182504
6.265942,23.870170,45.000000,1307.00,6.5350,21.129830
6.275893,23.921940,45.000000,1307.00,6.5350,21.078060
6.286035,23.972861,45.000000,1307.00,6.5350,21.027139
6.296108,24.022465,45.000000,1307.00,6.5350,20.977535
6.306149,24.070938,45.000000,1308.00,6.5400,20.929062
6.316188,24.118495,45.000000,1308.00,6.5400,20.881505
6.326141,24.164623,45.000000,1308.00,6.5400,20.835377
6.336334,24.209829,45.000000,1308.00,6.5400,20.790171
6.346326,24.253679,45.000000,1308.00,6.5400,20.746321
6.356387,24.296559,45.000000,1308.00,6.5400,20.703441
6.366363,24.338051,45.000000,1308.00,6.5400,20.661949
6.376409,24.378676,45.000000,1309.00,6.5450,20.621324
6.386532,24.417858,45.000000,1309.00,6.5450,20.582142
6.396525,24.455847,45.000000,1309.00,6.5450,20.544153
6.406564,24.492158,45.000000,1309.00,6.5450,20.507842
6.416637,24.527273,45.000000,1309.00,6.5450,20.472727
6.426755,24.561015,45.000000,1309.00,6.5450,20.438985
6.436772,24.593577,45.000000,1309.00,6.5450,20.406423
6.446800,24.624793,45.000000,1309.00,6.5450,20.375207
6.456820,24.654920,45.000000,1310.00,6.5500,20.345080
6.466875,24.683924,45.000000,1310.00,6.5500,20.316076
6.476920,24.711399,45.000000,1310.00,6.5500,20.288601
6.486950,24.737943,45.000000,1310.00,6.5500,20.262057
6.496922,24.763393,45.000000,1310.00,6.5500,20.236607
6.506948,24.788010,45.000000,1310.00,6.5500,20.211990
6.517143,24.811502,45.000000,1310.00,6.5500,20.188498
6.527098,24.833777,45.000000,1311.00,6.5550,20.166223
6.537060,24.854701,45.000000,1311.00,6.5550,20.145299
6.547151,24.874662,45.000000,1311.00,6.5550,20.125338
6.557307,24.893849,45.000000,1311.00,6.5550,20.106151
6.567246,24.912214,45.000000,1311.00,6.5550,20.087786
6.577323,24.929871,45.000000,1311.00,6.5550,20.070129
6.587334,24.946310,45.000000,1311.00,6.5550,20.053690
6.597362,24.961940,45.000000,1311.00,6.5550,20.038060
6.607440,24.976640,45.000000,1312.00,6.5600,20.023360
6.617485,24.990412,45.000000,1312.00,6.5600,20.009588
6.627574,25.003447,45.000000,1312.00,6.5600,19.996553
6.637641,25.015521,45.000000,1312.00,6.5600,19.984479
6.647627,25.027014,45.000000,1312.00,6.5600,19.972986
6.657703,25.037905,45.000000,1312.00,6.5600,19.962095
6.667771,25.048134,45.000000,1312.00,6.5600,19.951866
6.677807,25.057723,45.000000,1312.00,6.5600,19.942277
6.687944,25.067043,45.000000,1313.00,6.5650,19.932957
6.697888,25.076128,45.000000,1313.00,6.5650,19.923872
6.707889,25.084945,45.000000,1313.00,6.5650,19.915055
6.717914,25.093213,45.000000,1313.00,6.5650,19.906787
6.727974,25.101045,45.000000,1313.00,6.5650,19.898955
6.738142,25.108337,45.000000,1313.00,6.5650,19.891663
6.748115,25.115342,45.000000,1313.00,6.5650,19.884658
6.758167,25.122432,45.000000,1313.00,6.5650,19.877568
6.768273,25.129254,45.000000,1314.00,6.5700,19.870746
6.778301,25.135959,45.000000,1314.00,6.5700,19.864041
6.788412,25.142319,45.000000,1314.00,6.5700,19.857681
6.798338,25.148856,45.000000,1314.00,6.5700,19.851144
6.808263,25.155613,45.000000,1314.00,6.5700,19.844387
6.818333,25.162326,45.000000,1314.00,6.5700,19.837674
6.828417,25.169248,45.000000,1314.00,6.5700,19.830752
6.838475,25.176399,45.000000,1314.00,6.5700,19.823601
6.848492,25.183611,45.000000,1315.00,6.5750,19.816389
6.858483,25.191118,45.000000,1315.00,6.5750,19.808882
6.868521,25.199324,45.000000,1315.00,6.5750,19.800676
6.878578,25.208212,45.000000,1315.00,6.5750,19.791788
6.888706,25.217646,45.000000,1315.00,6.5750,19.782354
6.898667,25.227336,45.000000,1315.00,6.5750,19.772664
6.908675,25.237655,45.000000,1315.00,6.5750,19.762345
6.918979,25.248810,45.000000,1315.00,6.5750,19.751190
6.928889,25.260724,45.000000,1315.00,6.5750,19.739276
6.938846,25.273031,45.000000,1316.00,6.5800,19.726969
6.949030,25.286018,45.000000,1316.00,6.5800,19.713982
6.958952,25.299339,45.000000,1316.00,6.5800,19.700661
6.969102,25.313565,45.000000,1316.00,6.5800,19.686435
6.979101,25.328707,45.000000,1316.00,6.5800,19.671293
6.989112,25.344888,45.000000,1316.00,6.5800,19.655112
6.999249,25.361965,45.000000,1316.00,6.5800,19.638035
7.009171,25.379859,45.000000,1316.00,6.5800,19.620141
7.019211,25.398701,45.000000,1316.00,6.5800,19.601299
7.029314,25.418459,45.000000,1316.00,6.5800,19.581541
7.039318,25.439495,45.000000,1317.00,6.5850,19.560505
7.049392,25.461561,45.000000,1317.00,6.5850,19.538439
7.059355,25.484635,45.000000,1317.00,6.5850,19.515365
7.069395,25.508780,45.000000,1317.00,6.5850,19.491220
7.079466,25.534044,45.000000,1317.00,6.5850,19.465956
7.089434,25.559892,45.000000,1317.00,6.5850,19.440108
7.099579,25.586923,45.000000,1317.00,6.5850,19.413077
7.109599,25.615052,45.000000,1317.00,6.5850,19.384948
7.119656,25.644302,45.000000,1317.00,6.5850,19.355698
7.129712,25.674372,45.000000,1318.00,6.5900,19.325628
7.139756,25.705748,45.000000,1318.00,6.5900,19.294252
7.149782,25.738329,45.000000,1318.00,6.5900,19.261671
7.159799,25.771884,45.000000,1318.00,6.5900,19.228116
7.169844,25.806165,45.000000,1318.00,6.5900,19.193835
7.179972,25.841524,45.000000,1318.00,6.5900,19.158476
7.189995,25.878057,45.000000,1318.00,6.5900,19.121943
7.200009,25.915480,45.000000,1318.00,6.5900,19.084520
7.210081,25.953919,45.000000,1318.00,6.5900,19.046081
7.220043,25.993224,45.000000,1318.00,6.5900,19.006776
7.230130,26.033596,45.000000,1319.00,6.5950,18.966404
7.240257,26.075153,45.000000,1319.00,6.5950,18.924847
7.250167,26.117707,45.000000,1319.00,6.5950,18.882293
7.260235,26.161346,45.000000,1319.00,6.5950,18.838654
7.270143,26.205794,45.000000,1319.00,6.5950,18.794206
7.280310,26.251049,45.000000,1319.00,6.5950,18.748951
7.290362,26.297011,45.000000,1319.00,6.5950,18.702989
7.300407,26.343645,45.000000,1319.00,6.5950,18.656355
7.310398,26.391016,45.000000,1319.00,6.5950,18.608984
7.320452,26.438960,45.000000,1319.00,6.5950,18.561040
7.330494,26.487260,45.000000,1320.00,6.6000,18.512740
7.340518,26.536410,45.000000,1320.00,6.6000,18.463590
7.350556,26.585706,45.000000,1320.00,6.6000,18.414294
7.360677,26.636003,45.000000,1320.00,6.6000,18.363997
7.370790,26.686689,45.000000,1320.00,6.6000,18.313311
7.380813,26.737610,45.000000,1320.00,6.6000,18.262390
7.390799,26.789301,45.000000,1320.00,6.6000,18.210699
7.400970,26.841108,45.000000,1320.00,6.6000,18.158892
7.410996,26.893515,45.000000,1320.00,6.6000,18.106485
7.421061,26.946297,45.000000,1320.00,6.6000,18.053703
7.431197,26.999240,45.000000,1321.00,6.6050,18.000760
7.441100,27.052446,45.000000,1321.00,6.6050,17.947554
7.451419,27.105386,45.000000,1321.00,6.6050,17.894614
7.461372,27.158502,45.000000,1321.00,6.6050,17.841498
7.471349,27.211518,45.000000,1321.00,6.6050,17.788482
7.481557,27.264273,45.000000,1321.00,6.6050,17.735727
7.491396,27.317020,45.000000,1321.00,6.6050,17.682980
7.501566,27.369201,45.000000,1321.00,6.6050,17.630799
7.511555,27.421275,45.000000,1321.00,6.6050,17.578725
7.521591,27.473166,45.000000,1321.00,6.6050,17.526834
7.531662,27.524708,45.000000,1322.00,6.6100,17.475292
7.541596,27.576439,45.000000,1322.00,6.6100,17.423561
7.551893,27.627373,45.000000,1322.00,6.6100,17.372627
7.561901,27.678019,45.000000,1322.00,6.6100,17.321981
7.571875,27.728571,45.000000,1322.00,6.6100,17.271429
7.581939,27.778448,45.000000,1322.00,6.6100,17.221552
7.591891,27.827763,45.000000,1322.00,6.6100,17.172237
7.601976,27.876512,45.000000,1322.00,6.6100,17.123488
7.612024,27.924106,45.000000,1322.00,6.6100,17.075894
7.621996,27.971007,45.000000,1323.00,6.6150,17.028993
7.632172,28.017111,45.000000,1323.00,6.6150,16.982889
7.642096,28.062542,45.000000,1323.00,6.6150,16.937458
7.652242,28.107172,45.000000,1323.00,6.6150,16.892828
7.662224,28.150937,45.000000,1323.00,6.6150,16.849063
7.672205,28.194195,45.000000,1323.00,6.6150,16.805805
7.682291,28.236112,45.000000,1323.00,6.6150,16.763888
7.692217,28.277182,45.000000,1323.00,6.6150,16.722818
7.702411,28.317595,45.000000,1323.00,6.6150,16.682405
7.712430,28.357295,45.000000,1324.00,6.6200,16.642705
7.722459,28.395938,45.000000,1324.00,6.6200,16.604062
7.732580,28.433730,45.000000,1324.00,6.6200,16.566270
7.742457,28.470682,45.000000,1324.00,6.6200,16.529318
7.752671,28.506685,45.000000,1324.00,6.6200,16.493315
7.762664,28.541590,45.000000,1324.00,6.6200,16.458410
7.772592,28.575343,45.000000,1324.00,6.6200,16.424657
7.782743,28.607899,45.000000,1324.00,6.6200,16.392101
7.792713,28.639562,45.000000,1324.00,6.6200,16.360438
7.802879,28.670103,45.000000,1325.00,6.6250,16.329897
7.812875,28.699895,45.000000,1325.00,6.6250,16.300105
7.822987,28.728722,45.000000,1325.00,6.6250,16.271278
7.833064,28.756945,45.000000,1325.00,6.6250,16.243055
7.843056,28.784056,45.000000,1325.00,6.6250,16.215944
7.853119,28.810029,45.000000,1325.00,6.6250,16.189971
7.863157,28.835255,45.000000,1325.00,6.6250,16.164745
7.873174,28.859379,45.000000,1325.00,6.6250,16.140621
7.883265,28.882503,45.000000,1325.00,6.6250,16.117497
7.893388,28.904684,45.000000,1325.00,6.6250,16.095316
7.903340,28.926013,45.000000,1326.00,6.6300,16.073987
7.913396,28.946683,45.000000,1326.00,6.6300,16.053317
7.923512,28.966509,45.000000,1326.00,6.6300,16.033491
7.933449,28.985287,45.000000,1326.00,6.6300,16.014713
7.943511,29.003565,45.000000,1326.00,6.6300,15.996435
7.953652,29.020954,45.000000,1326.00,6.6300,15.979046
7.963587,29.037626,45.000000,1326.00,6.6300,15.962374
7.973589,29.053698,45.000000,1326.00,6.6300,15.946302
7.983741,29.069198,45.000000,1326.00,6.6300,15.930802
7.993762,29.083873,45.000000,1327.00,6.6350,15.916127
8.004035,29.098198,45.000000,1327.00,6.6350,15.901802
8.013820,29.111658,45.000000,1327.00,6.6350,15.888342
8.023950,29.124585,45.000000,1327.00,6.6350,15.875415
8.033988,29.136854,45.000000,1327.00,6.6350,15.863146
8.044070,29.148644,45.000000,1327.00,6.6350,15.851356
8.054191,29.159885,45.000000,1327.00,6.6350,15.840115
8.064150,29.170882,45.000000,1327.00,6.6350,15.829118
8.074101,29.181675,45.000000,1327.00,6.6350,15.818325
8.084174,29.191997,45.000000,1327.00,6.6350,15.808003
8.094240,29.202138,45.000000,1328.00,6.6400,15.797862
8.104423,29.212143,45.000000,1328.00,6.6400,15.787857
8.114214,29.222047,45.000000,1328.00,6.6400,15.777953
8.124144,29.231882,45.000000,1328.00,6.6400,15.768118
8.134299,29.241555,45.000000,1328.00,6.6400,15.758445
8.144246,29.250915,45.000000,1328.00,6.6400,15.749085
8.154442,29.260044,45.000000,1328.00,6.6400,15.739956
8.164361,29.268951,45.000000,1328.00,6.6400,15.731049
8.174341,29.277855,45.000000,1328.00,6.6400,15.722145
8.184510,29.286814,45.000000,1328.00,6.6400,15.713186
8.194633,29.296027,45.000000,1328.00,6.6400,15.703973
8.204577,29.305516,45.000000,1329.00,6.6450,15.694484
8.214638,29.314979,45.000000,1329.00,6.6450,15.685021
8.224532,29.324178,45.000000,1329.00,6.6450,15.675822
8.234724,29.333663,45.000000,1329.00,6.6450,15.666337
8.244768,29.343357,45.000000,1329.00,6.6450,15.656643
8.255022,29.353485,45.000000,1329.00,6.6450,15.646515
8.264818,29.364044,45.000000,1329.00,6.6450,15.635956
8.274797,29.374887,45.000000,1329.00,6.6450,15.625113
8.284860,29.385970,45.000000,1329.00,6.6450,15.614030
8.294968,29.397344,45.000000,1329.00,6.6450,15.602656
8.305109,29.409059,45.000000,1329.00,6.6450,15.590941
8.314999,29.421382,45.000000,1330.00,6.6500,15.578618
8.324955,29.434208,45.000000,1330.00,6.6500,15.565792
8.335043,29.447244,45.000000,1330.00,6.6500,15.552756
8.345129,29.461097,45.000000,1330.00,6.6500,15.538903
8.355138,29.475646,45.000000,1330.00,6.6500,15.524354
8.365222,29.491000,45.000000,1330.00,6.6500,15.509000
8.375168,29.506693,45.000000,1330.00,6.6500,15.493307
8.385266,29.522898,45.000000,1330.00,6.6500,15.477102
8.395348,29.539477,45.000000,1330.00,6.6500,15.460523
8.405341,29.556738,45.000000,1330.00,6.6500,15.443262
8.415425,29.574825,45.000000,1330.00,6.6500,15.425175
8.425402,29.593461,45.000000,1331.00,6.6550,15.406539
8.435553,29.612864,45.000000,1331.00,6.6550,15.387136
8.445549,29.632958,45.000000,1331.00,6.6550,15.367042
8.455503,29.653717,45.000000,1331.00,6.6550,15.346283
8.465579,29.675259,45.000000,1331.00,6.6550,15.324741
8.475538,29.697392,45.000000,1331.00,6.6550,15.302608
8.485685,29.720295,45.000000,1331.00,6.6550,15.279705
8.495757,29.743739,45.000000,1331.00,6.6550,15.256261
8.505697,29.767681,45.000000,1331.00,6.6550,15.232319
8.515799,29.791990,45.000000,1331.00,6.6550,15.208010
8.525822,29.816917,45.000000,1331.00,6.6550,15.183083
8.535866,29.843038,45.000000,1331.00,6.6550,15.156962
8.545911,29.869656,45.000000,1331.00,6.6550,15.130344
8.555861,29.896763,45.000000,1332.00,6.6600,15.103237
8.566103,29.924554,45.000000,1332.00,6.6600,15.075446
8.576038,29.952846,45.000000,1332.00,6.6600,15.047154
8.586033,29.981693,45.000000,1332.00,6.6600,15.018307
8.596115,30.011319,45.000000,1332.00,6.6600,14.988681
8.606208,30.041682,45.000000,1332.00,6.6600,14.958318
8.616146,30.072664,45.000000,1332.00,6.6600,14.927336
8.626236,30.104368,45.000000,1332.00,6.6600,14.895632
8.636250,30.136956,45.000000,1332.00,6.6600,14.863044
8.646324,30.169964,45.000000,1332.00,6.6600,14.830036
8.656317,30.203616,45.000000,1332.00,6.6600,14.796384
8.666412,30.238100,45.000000,1332.00,6.6600,14.761900
8.676468,30.273152,45.000000,1333.00,6.6650,14.726848
8.686488,30.309151,45.000000,1333.00,6.6650,14.690849
8.696509,30.345650,45.000000,1333.00,6.6650,14.654350
8.706518,30.382514,45.000000,1333.00,6.6650,14.617486
8.716577,30.419826,45.000000,1333.00,6.6650,14.580174
8.726672,30.457768,45.000000,1333.00,6.6650,14.542232
8.736678,30.496022,45.000000,1333.00,6.6650,14.503978
8.746738,30.534995,45.000000,1333.00,6.6650,14.465005
8.756739,30.574495,45.000000,1333.00,6.6650,14.425505
8.766804,30.614297,45.000000,1333.00,6.6650,14.385703
8.776929,30.654693,45.000000,1333.00,6.6650,14.345307
8.786934,30.695637,45.000000,1333.00,6.6650,14.304363
8.796958,30.736878,45.000000,1333.00,6.6650,14.263122
8.806932,30.778670,45.000000,1334.00,6.6700,14.221330
8.816917,30.820990,45.000000,1334.00,6.6700,14.179010
8.827043,30.863452,45.000000,1334.00,6.6700,14.136548
8.837198,30.905871,45.000000,1334.00,6.6700,14.094129
8.847123,30.948782,45.000000,1334.00,6.6700,14.051218
8.857108,30.991940,45.000000,1334.00,6.6700,14.008060
8.867165,31.034866,45.000000,1334.00,6.6700,13.965134
8.877232,31.078031,45.000000,1334.00,6.6700,13.921969
8.887411,31.121279,45.000000,1334.00,6.6700,13.878721
8.897311,31.164320,45.000000,1334.00,6.6700,13.835680
8.907306,31.207232,45.000000,1334.00,6.6700,13.792768
8.917387,31.250140,45.000000,1334.00,6.6700,13.749860
8.927391,31.293030,45.000000,1334.00,6.6700,13.706970
8.937676,31.335917,45.000000,1335.00,6.6750,13.664083
8.947536,31.378793,45.000000,1335.00,6.6750,13.621207
8.957504,31.421345,45.000000,1335.00,6.6750,13.578655
8.967546,31.463795,45.000000,1335.00,6.6750,13.536205
8.977613,31.505986,45.000000,1335.00,6.6750,13.494014
8.987777,31.547883,45.000000,1335.00,6.6750,13.452117
8.997712,31.589454,45.000000,1335.00,6.6750,13.410546
9.007745,31.630868,45.000000,1335.00,6.6750,13.369132
9.017756,31.672181,45.000000,1335.00,6.6750,13.327819
9.027848,31.712858,45.000000,1335.00,6.6750,13.287142
9.038060,31.753388,45.000000,1335.00,6.6750,13.246612
9.047971,31.793342,45.000000,1335.00,6.6750,13.206658
9.057909,31.832661,45.000000,1336.00,6.6800,13.167339
9.068100,31.871490,45.000000,1336.00,6.6800,13.128510
9.078052,31.910108,45.000000,1336.00,6.6800,13.089892
9.088142,31.948190,45.000000,1336.00,6.6800,13.051810
9.098144,31.985455,45.000000,1336.00,6.6800,13.014545
9.108174,32.022058,45.000000,1336.00,6.6800,12.977942
9.118239,32.058269,45.000000,1336.00,6.6800,12.941731
9.128321,32.093621,45.000000,1336.00,6.6800,12.906379
9.138334,32.128667,45.000000,1336.00,6.6800,12.871333
9.148451,32.163029,45.000000,1336.00,6.6800,12.836971
9.158413,32.196831,45.000000,1336.00,6.6800,12.803169
9.168477,32.230224,45.000000,1336.00,6.6800,12.769776
9.178498,32.263096,45.000000,1337.00,6.6850,12.736904
9.188628,32.295335,45.000000,1337.00,6.6850,12.704665
9.198663,32.326791,45.000000,1337.00,6.6850,12.673209
9.208648,32.357326,45.000000,1337.00,6.6850,12.642674
9.218649,32.386825,45.000000,1337.00,6.6850,12.613175
9.228720,32.415284,45.000000,1337.00,6.6850,12.584716
9.238733,32.442899,45.000000,1337.00,6.6850,12.557101
9.248819,32.469689,45.000000,1337.00,6.6850,12.530311
9.258852,32.495755,45.000000,1337.00,6.6850,12.504245
9.268939,32.520824,45.000000,1337.00,6.6850,12.479176
9.278944,32.545387,45.000000,1337.00,6.6850,12.454613
9.288985,32.569357,45.000000,1337.00,6.6850,12.430643
9.299073,32.592291,45.000000,1338.00,6.6900,12.407709
9.309082,32.614473,45.000000,1338.00,6.6900,12.385527
9.319113,32.636009,45.000000,1338.00,6.6900,12.363991
9.329147,32.656526,45.000000,1338.00,6.6900,12.343474
9.339266,32.676433,45.000000,1338.00,6.6900,12.323567
9.349266,32.695615,45.000000,1338.00,6.6900,12.304385
9.359251,32.714424,45.000000,1338.00,6.6900,12.285576
9.369302,32.732444,45.000000,1338.00,6.6900,12.267556
9.379332,32.749693,45.000000,1338.00,6.6900,12.250307
9.389405,32.766191,45.000000,1338.00,6.6900,12.233809
9.399415,32.782036,45.000000,1338.00,6.6900,12.217964
9.409461,32.797101,45.000000,1338.00,6.6900,12.202899
9.419464,32.812046,45.000000,1338.00,6.6900,12.187954
9.429499,32.826420,45.000000,1339.00,6.6950,12.173580
9.439643,32.840163,45.000000,1339.00,6.6950,12.159837
9.449642,32.853335,45.000000,1339.00,6.6950,12.146665
9.459726,32.866384,45.000000,1339.00,6.6950,12.133616
9.469793,32.878916,45.000000,1339.00,6.6950,12.121084
9.479777,32.891028,45.000000,1339.00,6.6950,12.108972
9.489790,32.902689,45.000000,1339.00,6.6950,12.097311
9.499867,32.913943,45.000000,1339.00,6.6950,12.086057
9.509948,32.924810,45.000000,1339.00,6.6950,12.075190
9.519940,32.935516,45.000000,1339.00,6.6950,12.064484
9.529977,32.945959,45.000000,1339.00,6.6950,12.054041
9.540023,32.956326,45.000000,1339.00,6.6950,12.043674
9.550188,32.966306,45.000000,1339.00,6.6950,12.033694
9.560205,32.976219,45.000000,1340.00,6.7000,12.023781
9.570186,32.985910,45.000000,1340.00,6.7000,12.014090
9.580235,32.995270,45.000000,1340.00,6.7000,12.004730
9.590161,33.004501,45.000000,1340.00,6.7000,11.995499
9.600295,33.013742,45.000000,1340.00,6.7000,11.986258
9.610323,33.023077,45.000000,1340.00,6.7000,11.976923
9.620397,33.032393,45.000000,1340.00,6.7000,11.967607
9.630436,33.041339,45.000000,1340.00,6.7000,11.958661
9.640404,33.050184,45.000000,1340.00,6.7000,11.949816
9.650664,33.058757,45.000000,1340.00,6.7000,11.941243
9.660626,33.067512,45.000000,1340.00,6.7000,11.932488
9.670701,33.076068,45.000000,1340.00,6.7000,11.923932
9.680704,33.084718,45.000000,1340.00,6.7000,11.915282
9.690650,33.093768,45.000000,1340.00,6.7000,11.906232
9.700997,33.103319,45.000000,1341.00,6.7050,11.896681
9.710803,33.113171,45.000000,1341.00,6.7050,11.886829
9.721130,33.123365,45.000000,1341.00,6.7050,11.876635
9.730870,33.133615,45.000000,1341.00,6.7050,11.866385
9.740859,33.144406,45.000000,1341.00,6.7050,11.855594
9.750975,33.155218,45.000000,1341.00,6.7050,11.844782
9.761071,33.166231,45.000000,1341.00,6.7050,11.833769
9.771027,33.177747,45.000000,1341.00,6.7050,11.822253
9.781141,33.189433,45.000000,1341.00,6.7050,11.810567
9.791090,33.201697,45.000000,1341.00,6.7050,11.798303
9.801277,33.214335,45.000000,1341.00,6.7050,11.785665
9.811321,33.227253,45.000000,1341.00,6.7050,11.772747
9.821337,33.240760,45.000000,1341.00,6.7050,11.759240
9.831295,33.254926,45.000000,1341.00,6.7050,11.745074
9.841316,33.269758,45.000000,1341.00,6.7050,11.730242
9.851430,33.284993,45.000000,1342.00,6.7100,11.715007
9.861451,33.300684,45.000000,1342.00,6.7100,11.699316
9.871456,33.316651,45.000000,1342.00,6.7100,11.683349
9.881600,33.332996,45.000000,1342.00,6.7100,11.667004
9.891506,33.349910,45.000000,1342.00,6.7100,11.650090
9.901720,33.367355,45.000000,1342.00,6.7100,11.632645
9.911697,33.385692,45.000000,1342.00,6.7100,11.614308
9.921678,33.404495,45.000000,1342.00,6.7100,11.595505
9.931775,33.423949,45.000000,1342.00,6.7100,11.576051
9.941772,33.444384,45.000000,1342.00,6.7100,11.555616
9.951942,33.465354,45.000000,1342.00,6.7100,11.534646
9.961893,33.486810,45.000000,1342.00,6.7100,11.513190
9.971832,33.508665,45.000000,1342.00,6.7100,11.491335
9.982017,33.530761,45.000000,1342.00,6.7100,11.469239
9.992026,33.553703,45.000000,1342.00,6.7100,11.446297
10.002158,33.577091,45.000000,1343.00,6.7150,11.422909
10.012122,33.600827,45.000000,1343.00,6.7150,11.399173
10.022196,33.625453,45.000000,1343.00,6.7150,11.374547
10.032242,33.650801,45.000000,1343.00,6.7150,11.349199
10.042217,33.676554,45.000000,1343.00,6.7150,11.323446
10.052339,33.702902,45.000000,1343.00,6.7150,11.297098
10.062292,33.729784,45.000000,1343.00,6.7150,11.270216
10.072372,33.756964,45.000000,1343.00,6.7150,11.243036
10.082432,33.784454,45.000000,1343.00,6.7150,11.215546
10.092459,33.812492,45.000000,1343.00,6.7150,11.187508
10.102502,33.841164,45.000000,1343.00,6.7150,11.158836
10.112502,33.870336,45.000000,1343.00,6.7150,11.129664
10.122625,33.900439,45.000000,1343.00,6.7150,11.099561
10.132622,33.931055,45.000000,1343.00,6.7150,11.068945
10.142596,33.961972,45.000000,1343.00,6.7150,11.038028
10.152672,33.993266,45.000000,1343.00,6.7150,11.006734
10.162728,34.024749,45.000000,1343.00,6.7150,10.975251
10.172690,34.056462,45.000000,1344.00,6.7200,10.943538
10.182819,34.088430,45.000000,1344.00,6.7200,10.911570
10.192785,34.120335,45.000000,1344.00,6.7200,10.879665
10.202866,34.152527,45.000000,1344.00,6.7200,10.847473
10.212929,34.184955,45.000000,1344.00,6.7200,10.815045
10.222984,34.217516,45.000000,1344.00,6.7200,10.782484
10.233094,34.250005,45.000000,1344.00,6.7200,10.749995
10.243138,34.282821,45.000000,1344.00,6.7200,10.717179
10.253157,34.315888,45.000000,1344.00,6.7200,10.684112
10.263126,34.348967,45.000000,1344.00,6.7200,10.651033
10.273132,34.381924,45.000000,1344.00,6.7200,10.618076
10.283343,34.415095,45.000000,1344.00,6.7200,10.584905
10.293339,34.448359,45.000000,1344.00,6.7200,10.551641
10.303484,34.481874,45.000000,1344.00,6.7200,10.518126
10.313457,34.515390,45.000000,1344.00,6.7200,10.484610
10.323446,34.548956,45.000000,1344.00,6.7200,10.451044
10.333595,34.582714,45.000000,1344.00,6.7200,10.417286
10.343582,34.616837,45.000000,1345.00,6.7250,10.383163
10.353856,34.650541,45.000000,1345.00,6.7250,10.349459
10.363681,34.684286,45.000000,1345.00,6.7250,10.315714
10.373623,34.718190,45.000000,1345.00,6.7250,10.281810
10.383850,34.751675,45.000000,1345.00,6.7250,10.248325
10.393807,34.784974,45.000000,1345.00,6.7250,10.215026
10.403890,34.818226,45.000000,1345.00,6.7250,10.181774
10.413907,34.851051,45.000000,1345.00,6.7250,10.148949
10.423872,34.883964,45.000000,1345.00,6.7250,10.116036
10.433961,34.916890,45.000000,1345.00,6.7250,10.083110
10.444083,34.949204,45.000000,1345.00,6.7250,10.050796
10.454140,34.981817,45.000000,1345.00,6.7250,10.018183
10.464106,35.014656,45.000000,1345.00,6.7250,9.985344
10.474049,35.047283,45.000000,1345.00,6.7250,9.952717
10.484151,35.079395,45.000000,1345.00,6.7250,9.920605
10.494195,35.111385,45.000000,1345.00,6.7250,9.888615
10.504149,35.143221,45.000000,1346.00,6.7300,9.856779
10.514216,35.174915,45.000000,1346.00,6.7300,9.825085
10.524124,35.206234,45.000000,1346.00,6.7300,9.793766
10.534167,35.236903,45.000000,1346.00,6.7300,9.763097
10.544257,35.267298,45.000000,1346.00,6.7300,9.732702
10.554224,35.297261,45.000000,1346.00,6.7300,9.702739
10.564226,35.326471,45.000000,1346.00,6.7300,9.673529
10.574157,35.355564,45.000000,1346.00,6.7300,9.644436
10.584321,35.384022,45.000000,1346.00,6.7300,9.615978
10.594377,35.412178,45.000000,1346.00,6.7300,9.587822
10.604348,35.439430,45.000000,1346.00,6.7300,9.560570
10.614423,35.466437,45.000000,1346.00,6.7300,9.533563
10.624396,35.493327,45.000000,1346.00,6.7300,9.506673
10.634501,35.519933,45.000000,1346.00,6.7300,9.480067
10.644576,35.545895,45.000000,1346.00,6.7300,9.454105
10.654646,35.571317,45.000000,1346.00,6.7300,9.428683
10.664672,35.596457,45.000000,1346.00,6.7300,9.403543
10.674664,35.620918,45.000000,1347.00,6.7350,9.379082
10.684749,35.645134,45.000000,1347.00,6.7350,9.354866
10.694811,35.668741,45.000000,1347.00,6.7350,9.331259
10.704792,35.691831,45.000000,1347.00,6.7350,9.308169
10.714873,35.714671,45.000000,1347.00,6.7350,9.285329
10.724922,35.737140,45.000000,1347.00,6.7350,9.262860
10.735161,35.758869,45.000000,1347.00,6.7350,9.241131
10.745115,35.779916,45.000000,1347.00,6.7350,9.220084
10.755100,35.800571,45.000000,1347.00,6.7350,9.199429
10.765139,35.820972,45.000000,1347.00,6.7350,9.179028
10.775157,35.840807,45.000000,1347.00,6.7350,9.159193
10.785259,35.859804,45.000000,1347.00,6.7350,9.140196
10.795326,35.878420,45.000000,1347.00,6.7350,9.121580
10.805237,35.896543,45.000000,1347.00,6.7350,9.103457
10.815420,35.914211,45.000000,1347.00,6.7350,9.085789
10.825358,35.931076,45.000000,1347.00,6.7350,9.068924
10.835408,35.947206,45.000000,1347.00,6.7350,9.052794
10.845476,35.962811,45.000000,1348.00,6.7400,9.037189
10.855541,35.977720,45.000000,1348.00,6.7400,9.022280
10.865595,35.991704,45.000000,1348.00,6.7400,9.008296
10.875686,36.005045,45.000000,1348.00,6.7400,8.994955
10.885759,36.017820,45.000000,1348.00,6.7400,8.982180
10.895751,36.030003,45.000000,1348.00,6.7400,8.969997
10.905820,36.041706,45.000000,1348.00,6.7400,8.958294
10.915816,36.052851,45.000000,1348.00,6.7400,8.947149
10.925894,36.063695,45.000000,1348.00,6.7400,8.936305
10.936127,36.074198,45.000000,1348.00,6.7400,8.925802
10.946066,36.084185,45.000000,1348.00,6.7400,8.915815
10.955958,36.093694,45.000000,1348.00,6.7400,8.906306
10.965998,36.102929,45.000000,1348.00,6.7400,8.897071
10.976089,36.111772,45.000000,1348.00,6.7400,8.888228
10.986141,36.120054,45.000000,1348.00,6.7400,8.879946
10.996144,36.127627,45.000000,1348.00,6.7400,8.872373
11.006295,36.135088,45.000000,1348.00,6.7400,8.864912
11.016229,36.142672,45.000000,1349.00,6.7450,8.857328
11.026343,36.150530,45.000000,1349.00,6.7450,8.849470
11.036399,36.158127,45.000000,1349.00,6.7450,8.841873
11.046404,36.165375,45.000000,1349.00,6.7450,8.834625
11.056376,36.172610,45.000000,1349.00,6.7450,8.827390
11.066409,36.179742,45.000000,1349.00,6.7450,8.820258
11.076507,36.186564,45.000000,1349.00,6.7450,8.813436
11.086795,36.193347,45.000000,1349.00,6.7450,8.806653
11.096564,36.200534,45.000000,1349.00,6.7450,8.799466
11.106559,36.207615,45.000000,1349.00,6.7450,8.792385
11.116598,36.214735,45.000000,1349.00,6.7450,8.785265
11.126713,36.222056,45.000000,1349.00,6.7450,8.777944
11.136859,36.229416,45.000000,1349.00,6.7450,8.770584
11.146792,36.236936,45.000000,1349.00,6.7450,8.763064
11.156783,36.244561,45.000000,1349.00,6.7450,8.755439
11.166862,36.252190,45.000000,1349.00,6.7450,8.747810
11.176929,36.260006,45.000000,1349.00,6.7450,8.739994
11.187001,36.267755,45.000000,1349.00,6.7450,8.732245
11.196973,36.275615,45.000000,1349.00,6.7450,8.724385
11.206956,36.283585,45.000000,1350.00,6.7500,8.716415
11.217034,36.291727,45.000000,1350.00,6.7500,8.708273
11.227100,36.299833,45.000000,1350.00,6.7500,8.700167
11.237155,36.308302,45.000000,1350.00,6.7500,8.691698
11.247227,36.317288,45.000000,1350.00,6.7500,8.682712
11.257160,36.326914,45.000000,1350.00,6.7500,8.673086
11.267223,36.336613,45.000000,1350.00,6.7500,8.663387
11.277306,36.346711,45.000000,1350.00,6.7500,8.653289
11.287394,36.356924,45.000000,1350.00,6.7500,8.643076
11.297337,36.367611,45.000000,1350.00,6.7500,8.632389
11.307298,36.378499,45.000000,1350.00,6.7500,8.621501
11.317566,36.389577,45.000000,1350.00,6.7500,8.610423
11.327488,36.401225,45.000000,1350.00,6.7500,8.598775
11.337587,36.413366,45.000000,1350.00,6.7500,8.586634
11.347708,36.426137,45.000000,1350.00,6.7500,8.573863
11.357578,36.439641,45.000000,1350.00,6.7500,8.560359
11.367721,36.453674,45.000000,1350.00,6.7500,8.546326
11.377707,36.467792,45.000000,1350.00,6.7500,8.532208
11.387792,36.482448,45.000000,1350.00,6.7500,8.517552
11.397768,36.498086,45.000000,1350.00,6.7500,8.501914
11.407802,36.514123,45.000000,1350.00,6.7500,8.485877
11.417838,36.530031,45.000000,1351.00,6.7550,8.469969
11.427905,36.546249,45.000000,1351.00,6.7550,8.453751
11.437959,36.562912,45.000000,1351.00,6.7550,8.437088
11.447978,36.579974,45.000000,1351.00,6.7550,8.420026
11.457967,36.597937,45.000000,1351.00,6.7550,8.402063
11.468066,36.616287,45.000000,1351.00,6.7550,8.383713
11.478013,36.635084,45.000000,1351.00,6.7550,8.364916
11.488122,36.654096,45.000000,1351.00,6.7550,8.345904
11.498125,36.673524,45.000000,1351.00,6.7550,8.326476
11.508145,36.693352,45.000000,1351.00,6.7550,8.306648
11.518236,36.713486,45.000000,1351.00,6.7550,8.286514
11.528291,36.734147,45.000000,1351.00,6.7550,8.265853
11.538564,36.755309,45.000000,1351.00,6.7550,8.244691
11.548483,36.776890,45.000000,1351.00,6.7550,8.223110
11.558399,36.798894,45.000000,1351.00,6.7550,8.201106
11.568447,36.821111,45.000000,1351.00,6.7550,8.178889
11.578494,36.843585,45.000000,1351.00,6.7550,8.156415
11.588599,36.866505,45.000000,1351.00,6.7550,8.133495
11.598601,36.890017,45.000000,1351.00,6.7550,8.109983
11.608587,36.913730,45.000000,1351.00,6.7550,8.086270
11.618608,36.937607,45.000000,1351.00,6.7550,8.062393
11.628713,36.961878,45.000000,1351.00,6.7550,8.038122
11.638960,36.986368,45.000000,1351.00,6.7550,8.013632
11.648870,37.011394,45.000000,1352.00,6.7600,7.988606
11.658854,37.036881,45.000000,1352.00,6.7600,7.963119
11.668862,37.062510,45.000000,1352.00,6.7600,7.937490
11.678908,37.088481,45.000000,1352.00,6.7600,7.911519
11.688991,37.114870,45.000000,1352.00,6.7600,7.885130
11.699044,37.141496,45.000000,1352.00,6.7600,7.858504
11.709145,37.168494,45.000000,1352.00,6.7600,7.831506
11.719055,37.195574,45.000000,1352.00,6.7600,7.804426
11.729165,37.222742,45.000000,1352.00,6.7600,7.777258
11.739085,37.250523,45.000000,1352.00,6.7600,7.749477
11.749291,37.278605,45.000000,1352.00,6.7600,7.721395
11.759268,37.306878,45.000000,1352.00,6.7600,7.693122
11.769317,37.335317,45.000000,1352.00,6.7600,7.664683
11.779290,37.363432,45.000000,1352.00,6.7600,7.636568
11.789296,37.391753,45.000000,1352.00,6.7600,7.608247
11.799403,37.420414,45.000000,1352.00,6.7600,7.579586
11.809456,37.449088,45.000000,1352.00,6.7600,7.550912
11.819464,37.477907,45.000000,1352.00,6.7600,7.522093
11.829517,37.507013,45.000000,1352.00,6.7600,7.492987
11.839528,37.536190,45.000000,1352.00,6.7600,7.463810
11.849864,37.565683,45.000000,1352.00,6.7600,7.434317
11.859724,37.595086,45.000000,1352.00,6.7600,7.404914
11.869719,37.624697,45.000000,1352.00,6.7600,7.375303
11.879746,37.653917,45.000000,1352.00,6.7600,7.346083
11.889857,37.683391,45.000000,1353.00,6.7650,7.316609
11.899921,37.713024,45.000000,1353.00,6.7650,7.286976
11.910036,37.742363,45.000000,1353.00,6.7650,7.257637
11.920049,37.771334,45.000000,1353.00,6.7650,7.228666
11.930075,37.800102,45.000000,1353.00,6.7650,7.199898
11.940039,37.828464,45.000000,1353.00,6.7650,7.171536
11.950241,37.856928,45.000000,1353.00,6.7650,7.143072
11.960178,37.885429,45.000000,1353.00,6.7650,7.114571
11.970297,37.913339,45.000000,1353.00,6.7650,7.086661
11.980244,37.940704,45.000000,1353.00,6.7650,7.059296
11.990168,37.967747,45.000000,1353.00,6.7650,7.032253
12.000378,37.994474,45.000000,1353.00,6.7650,7.005526
12.010448,38.020840,45.000000,1353.00,6.7650,6.979160
12.020460,38.046422,45.000000,1353.00,6.7650,6.953578
12.030489,38.071328,45.000000,1353.00,6.7650,6.928672
12.040501,38.095992,45.000000,1353.00,6.7650,6.904008
12.050530,38.120322,45.000000,1353.00,6.7650,6.879678
12.060668,38.144284,45.000000,1353.00,6.7650,6.855716
12.070765,38.167876,45.000000,1353.00,6.7650,6.832124
12.080738,38.191116,45.000000,1353.00,6.7650,6.808884
12.090659,38.213958,45.000000,1353.00,6.7650,6.786042
12.100855,38.236302,45.000000,1353.00,6.7650,6.763698
12.110867,38.258256,45.000000,1353.00,6.7650,6.741744
12.120813,38.279642,45.000000,1354.00,6.7700,6.720358
12.130867,38.300555,45.000000,1354.00,6.7700,6.699445
12.140886,38.321121,45.000000,1354.00,6.7700,6.678879
12.151124,38.341646,45.000000,1354.00,6.7700,6.658354
12.161117,38.362045,45.000000,1354.00,6.7700,6.637955
12.171001,38.381828,45.000000,1354.00,6.7700,6.618172
12.181119,38.400878,45.000000,1354.00,6.7700,6.599122
12.191105,38.419271,45.000000,1354.00,6.7700,6.580729
12.201368,38.437501,45.000000,1354.00,6.7700,6.562499
12.211327,38.455506,45.000000,1354.00,6.7700,6.544494
12.221354,38.473113,45.000000,1354.00,6.7700,6.526887
12.231431,38.490210,45.000000,1354.00,6.7700,6.509790
12.241416,38.506716,45.000000,1354.00,6.7700,6.493284
12.251540,38.522582,45.000000,1354.00,6.7700,6.477418
12.261588,38.537868,45.000000,1354.00,6.7700,6.462132
12.271555,38.552327,45.000000,1354.00,6.7700,6.447673
12.281617,38.566202,45.000000,1354.00,6.7700,6.433798
12.291589,38.579327,45.000000,1354.00,6.7700,6.420673
12.301684,38.591640,45.000000,1354.00,6.7700,6.408360
12.311736,38.603754,45.000000,1354.00,6.7700,6.396246
12.321761,38.615236,45.000000,1354.00,6.7700,6.384764
12.331818,38.626655,45.000000,1354.00,6.7700,6.373345
12.341781,38.637575,45.000000,1355.00,6.7750,6.362425
12.352008,38.648562,45.000000,1355.00,6.7750,6.351438
12.361932,38.659061,45.000000,1355.00,6.7750,6.340939
12.371936,38.669624,45.000000,1355.00,6.7750,6.330376
12.381973,38.680014,45.000000,1355.00,6.7750,6.319986
12.392026,38.690143,45.000000,1355.00,6.7750,6.309857
12.402114,38.699588,45.000000,1355.00,6.7750,6.300412
12.412151,38.708344,45.000000,1355.00,6.7750,6.291656
12.422093,38.716766,45.000000,1355.00,6.7750,6.283234
12.432166,38.724949,45.000000,1355.00,6.7750,6.275051
12.442217,38.732534,45.000000,1355.00,6.7750,6.267466
12.452307,38.739761,45.000000,1355.00,6.7750,6.260239
12.462299,38.746478,45.000000,1355.00,6.7750,6.253522
12.472433,38.753036,45.000000,1355.00,6.7750,6.246964
12.482373,38.759462,45.000000,1355.00,6.7750,6.240538
12.492402,38.765669,45.000000,1355.00,6.7750,6.234331
12.502473,38.771769,45.000000,1355.00,6.7750,6.228231
12.512478,38.777993,45.000000,1355.00,6.7750,6.222007
12.522512,38.784215,45.000000,1355.00,6.7750,6.215785
12.532572,38.790516,45.000000,1355.00,6.7750,6.209484
12.542691,38.796877,45.000000,1355.00,6.7750,6.203123
12.552714,38.803382,45.000000,1355.00,6.7750,6.196618
12.562712,38.810064,45.000000,1355.00,6.7750,6.189936
12.572658,38.816930,45.000000,1355.00,6.7750,6.183070
12.582758,38.823787,45.000000,1355.00,6.7750,6.176213
12.592866,38.830527,45.000000,1355.00,6.7750,6.169473
12.602885,38.837314,45.000000,1356.00,6.7800,6.162686
12.612905,38.844061,45.000000,1356.00,6.7800,6.155939
12.622867,38.850837,45.000000,1356.00,6.7800,6.149163
12.632967,38.857494,45.000000,1356.00,6.7800,6.142506
12.642973,38.863859,45.000000,1356.00,6.7800,6.136141
12.653386,38.870333,45.000000,1356.00,6.7800,6.129667
12.663095,38.876860,45.000000,1356.00,6.7800,6.123140
12.673093,38.883092,45.000000,1356.00,6.7800,6.116908
12.683173,38.889633,45.000000,1356.00,6.7800,6.110367
12.693220,38.895985,45.000000,1356.00,6.7800,6.104015
12.703316,38.902296,45.000000,1356.00,6.7800,6.097704
12.713328,38.908657,45.000000,1356.00,6.7800,6.091343
12.723257,38.915183,45.000000,1356.00,6.7800,6.084817
12.733326,38.922017,45.000000,1356.00,6.7800,6.077983
12.743413,38.928784,45.000000,1356.00,6.7800,6.071216
12.753473,38.935861,45.000000,1356.00,6.7800,6.064139
12.763486,38.943058,45.000000,1356.00,6.7800,6.056942
12.773457,38.950234,45.000000,1356.00,6.7800,6.049766
12.783601,38.957640,45.000000,1356.00,6.7800,6.042360
12.793610,38.965072,45.000000,1356.00,6.7800,6.034928
12.803679,38.972672,45.000000,1356.00,6.7800,6.027328
12.813711,38.980793,45.000000,1356.00,6.7800,6.019207
12.823679,38.989567,45.000000,1356.00,6.7800,6.010433
12.833750,38.998617,45.000000,1356.00,6.7800,6.001383
12.843857,39.008080,45.000000,1356.00,6.7800,5.991920
12.853820,39.017959,45.000000,1356.00,6.7800,5.982041
12.863898,39.028333,45.000000,1356.00,6.7800,5.971667
12.873883,39.038473,45.000000,1356.00,6.7800,5.961527
12.883934,39.049218,45.000000,1356.00,6.7800,5.950782
12.894040,39.060507,45.000000,1357.00,6.7850,5.939493
12.904003,39.072389,45.000000,1357.00,6.7850,5.927611
12.914088,39.084431,45.000000,1357.00,6.7850,5.915569
12.924016,39.096827,45.000000,1357.00,6.7850,5.903173
12.934119,39.109552,45.000000,1357.00,6.7850,5.890448
12.944204,39.122484,45.000000,1357.00,6.7850,5.877516
12.954130,39.135674,45.000000,1357.00,6.7850,5.864326
12.964228,39.148919,45.000000,1357.00,6.7850,5.851081
12.974160,39.162248,45.000000,1357.00,6.7850,5.837752
12.984287,39.175784,45.000000,1357.00,6.7850,5.824216
12.994339,39.189870,45.000000,1357.00,6.7850,5.810130
13.004357,39.204460,45.000000,1357.00,6.7850,5.795540
13.014380,39.219677,45.000000,1357.00,6.7850,5.780323
13.024426,39.235217,45.000000,1357.00,6.7850,5.764783
13.034558,39.251464,45.000000,1357.00,6.7850,5.748536
13.044570,39.267935,45.000000,1357.00,6.7850,5.732065
13.054503,39.284804,45.000000,1357.00,6.7850,5.715196
13.064590,39.302135,45.000000,1357.00,6.7850,5.697865
13.074608,39.320042,45.000000,1357.00,6.7850,5.679958
13.084694,39.337975,45.000000,1357.00,6.7850,5.662025
13.094810,39.356289,45.000000,1357.00,6.7850,5.643711
13.104840,39.375060,45.000000,1357.00,6.7850,5.624940
13.114845,39.394143,45.000000,1357.00,6.7850,5.605857
13.124855,39.413737,45.000000,1357.00,6.7850,5.586263
13.134914,39.433707,45.000000,1357.00,6.7850,5.566293
13.144943,39.453676,45.000000,1357.00,6.7850,5.546324
13.154983,39.473585,45.000000,1357.00,6.7850,5.526415
13.164992,39.493725,45.000000,1357.00,6.7850,5.506275
13.175040,39.513955,45.000000,1357.00,6.7850,5.486045
13.185202,39.534301,45.000000,1357.00,6.7850,5.465699
13.195241,39.554773,45.000000,1357.00,6.7850,5.445227
13.205182,39.575532,45.000000,1357.00,6.7850,5.424468
13.215241,39.596352,45.000000,1357.00,6.7850,5.403648
13.225327,39.617094,45.000000,1357.00,6.7850,5.382906
13.235395,39.638353,45.000000,1358.00,6.7900,5.361647
13.245420,39.659964,45.000000,1358.00,6.7900,5.340036
13.255450,39.681984,45.000000,1358.00,6.7900,5.318016
13.265469,39.703877,45.000000,1358.00,6.7900,5.296123
13.275620,39.725708,45.000000,1358.00,6.7900,5.274292
13.285680,39.747695,45.000000,1358.00,6.7900,5.252305
13.295676,39.769831,45.000000,1358.00,6.7900,5.230169
13.305608,39.792121,45.000000,1358.00,6.7900,5.207879
13.315814,39.814369,45.000000,1358.00,6.7900,5.185631
13.325793,39.836330,45.000000,1358.00,6.7900,5.163670
13.336062,39.857979,45.000000,1358.00,6.7900,5.142021
13.345870,39.879913,45.000000,1358.00,6.7900,5.120087
13.355957,39.902071,45.000000,1358.00,6.7900,5.097929
13.365970,39.923988,45.000000,1358.00,6.7900,5.076012
13.376027,39.945815,45.000000,1358.00,6.7900,5.054185
13.386161,39.967644,45.000000,1358.00,6.7900,5.032356
13.396151,39.989415,45.000000,1358.00,6.7900,5.010585
13.406090,40.010776,45.000000,1358.00,6.7900,4.989224
13.416155,40.031879,45.000000,1358.00,6.7900,4.968121
13.426214,40.053090,45.000000,1358.00,6.7900,4.946910
13.436393,40.074268,45.000000,1358.00,6.7900,4.925732
13.446279,40.095192,45.000000,1358.00,6.7900,4.904808
13.456261,40.116176,45.000000,1358.00,6.7900,4.883824
13.466376,40.137000,45.000000,1358.00,6.7900,4.863000
13.476433,40.157493,45.000000,1358.00,6.7900,4.842507
13.486597,40.177975,45.000000,1358.00,6.7900,4.822025
13.496582,40.198661,45.000000,1358.00,6.7900,4.801339
13.506518,40.219437,45.000000,1358.00,6.7900,4.780563
13.516635,40.240112,45.000000,1358.00,6.7900,4.759888
13.526675,40.260291,45.000000,1358.00,6.7900,4.739709
13.536859,40.279907,45.000000,1358.00,6.7900,4.720093
13.546730,40.299714,45.000000,1358.00,6.7900,4.700286
13.556716,40.319101,45.000000,1358.00,6.7900,4.680899
13.566811,40.338448,45.000000,1358.00,6.7900,4.661552
13.576870,40.357675,45.000000,1358.00,6.7900,4.642325
13.587013,40.376323,45.000000,1359.00,6.7950,4.623677
13.597011,40.394565,45.000000,1359.00,6.7950,4.605435
13.606994,40.412425,45.000000,1359.00,6.7950,4.587575
13.617110,40.429699,45.000000,1359.00,6.7950,4.570301
13.627165,40.446787,45.000000,1359.00,6.7950,4.553213
13.637291,40.463431,45.000000,1359.00,6.7950,4.536569
13.647299,40.479657,45.000000,1359.00,6.7950,4.520343
13.657206,40.495720,45.000000,1359.00,6.7950,4.504280
13.667379,40.511439,45.000000,1359.00,6.7950,4.488561
13.677435,40.526712,45.000000,1359.00,6.7950,4.473288
13.687423,40.542078,45.000000,1359.00,6.7950,4.457922
13.697440,40.557360,45.000000,1359.00,6.7950,4.442640
13.707481,40.572307,45.000000,1359.00,6.7950,4.427693
13.717544,40.586869,45.000000,1359.00,6.7950,4.413131
13.727545,40.600460,45.000000,1359.00,6.7950,4.399540
13.737650,40.613423,45.000000,1359.00,6.7950,4.386577
13.747661,40.626055,45.000000,1359.00,6.7950,4.373945
13.757693,40.638806,45.000000,1359.00,6.7950,4.361194
13.767730,40.651430,45.000000,1359.00,6.7950,4.348570
13.777752,40.663711,45.000000,1359.00,6.7950,4.336289
13.787817,40.675579,45.000000,1359.00,6.7950,4.324421
13.797858,40.687102,45.000000,1359.00,6.7950,4.312898
13.807936,40.698487,45.000000,1359.00,6.7950,4.301513
13.817965,40.709922,45.000000,1359.00,6.7950,4.290078
13.828037,40.721149,45.000000,1359.00,6.7950,4.278851
13.838141,40.732008,45.000000,1359.00,6.7950,4.267992
13.848131,40.742322,45.000000,1359.00,6.7950,4.257678
13.858162,40.752031,45.000000,1359.00,6.7950,4.247969
13.868217,40.761595,45.000000,1359.00,6.7950,4.238405
13.878246,40.770733,45.000000,1359.00,6.7950,4.229267
13.888312,40.779474,45.000000,1359.00,6.7950,4.220526
13.898234,40.787926,45.000000,1359.00,6.7950,4.212074
13.908284,40.795927,45.000000,1359.00,6.7950,4.204073
13.918343,40.803807,45.000000,1359.00,6.7950,4.196193
13.928326,40.811240,45.000000,1360.00,6.8000,4.188760
13.938506,40.818447,45.000000,1360.00,6.8000,4.181553
13.948437,40.825512,45.000000,1360.00,6.8000,4.174488
13.958484,40.832726,45.000000,1360.00,6.8000,4.167274
13.968471,40.839707,45.000000,1360.00,6.8000,4.160293
13.978499,40.846347,45.000000,1360.00,6.8000,4.153653
13.988625,40.852623,45.000000,1360.00,6.8000,4.147377
13.998648,40.858494,45.000000,1360.00,6.8000,4.141506
14.008702,40.864307,45.000000,1360.00,6.8000,4.135693
14.018727,40.870212,45.000000,1360.00,6.8000,4.129788
14.028770,40.875988,45.000000,1360.00,6.8000,4.124012
14.038867,40.881846,45.000000,1360.00,6.8000,4.118154
14.049022,40.887324,45.000000,1360.00,6.8000,4.112676
14.058950,40.892925,45.000000,1360.00,6.8000,4.107075
14.069018,40.898584,45.000000,1360.00,6.8000,4.101416
14.079066,40.904282,45.000000,1360.00,6.8000,4.095718
14.089178,40.909757,45.000000,1360.00,6.8000,4.090243
14.099265,40.915351,45.000000,1360.00,6.8000,4.084649
14.109239,40.921021,45.000000,1360.00,6.8000,4.078979
14.119398,40.926823,45.000000,1360.00,6.8000,4.073177
14.129261,40.932616,45.000000,1360.00,6.8000,4.067384
14.139295,40.938625,45.000000,1360.00,6.8000,4.061375
14.149380,40.944268,45.000000,1360.00,6.8000,4.055732
14.159405,40.949624,45.000000,1360.00,6.8000,4.050376
14.169543,40.954609,45.000000,1360.00,6.8000,4.045391
14.179470,40.959422,45.000000,1360.00,6.8000,4.040578
14.189446,40.964480,45.000000,1360.00,6.8000,4.035520
14.199521,40.969330,45.000000,1360.00,6.8000,4.030670
14.209589,40.974211,45.000000,1360.00,6.8000,4.025789
14.219571,40.978827,45.000000,1360.00,6.8000,4.021173
14.229607,40.983289,45.000000,1360.00,6.8000,4.016711
14.239594,40.987883,45.000000,1360.00,6.8000,4.012117
14.249759,40.992474,45.000000,1360.00,6.8000,4.007526
14.259784,40.996557,45.000000,1360.00,6.8000,4.003443
14.269848,41.000474,45.000000,1360.00,6.8000,3.999526
14.279884,41.004137,45.000000,1360.00,6.8000,3.995863
14.289894,41.007701,45.000000,1360.00,6.8000,3.992299
14.299978,41.011498,45.000000,1360.00,6.8000,3.988502
14.310006,41.015203,45.000000,1360.00,6.8000,3.984797
14.320063,41.019137,45.000000,1361.00,6.8050,3.980863
14.330090,41.022927,45.000000,1361.00,6.8050,3.977073
14.340104,41.026622,45.000000,1361.00,6.8050,3.973378
14.350170,41.030490,45.000000,1361.00,6.8050,3.969510
14.360229,41.034214,45.000000,1361.00,6.8050,3.965786
14.370244,41.038262,45.000000,1361.00,6.8050,3.961738
14.380220,41.042487,45.000000,1361.00,6.8050,3.957513
14.390297,41.046621,45.000000,1361.00,6.8050,3.953379
14.400284,41.050337,45.000000,1361.00,6.8050,3.949663
14.410340,41.054702,45.000000,1361.00,6.8050,3.945298
14.420398,41.059288,45.000000,1361.00,6.8050,3.940712
14.430402,41.064328,45.000000,1361.00,6.8050,3.935672
14.440463,41.069632,45.000000,1361.00,6.8050,3.930368
14.450450,41.075110,45.000000,1361.00,6.8050,3.924890
14.460507,41.080744,45.000000,1361.00,6.8050,3.919256
14.470533,41.086723,45.000000,1361.00,6.8050,3.913277
14.480630,41.092811,45.000000,1361.00,6.8050,3.907189
14.490633,41.099101,45.000000,1361.00,6.8050,3.900899
14.500715,41.105740,45.000000,1361.00,6.8050,3.894260
14.510751,41.112181,45.000000,1361.00,6.8050,3.887819
14.520773,41.118854,45.000000,1361.00,6.8050,3.881146
14.530794,41.125499,45.000000,1361.00,6.8050,3.874501
14.540857,41.132114,45.000000,1361.00,6.8050,3.867886
14.550893,41.139106,45.000000,1361.00,6.8050,3.860894
14.560933,41.146419,45.000000,1361.00,6.8050,3.853581
14.571105,41.154021,45.000000,1361.00,6.8050,3.845979
14.580977,41.162176,45.000000,1361.00,6.8050,3.837824
14.590979,41.171060,45.000000,1361.00,6.8050,3.828940
14.601002,41.180224,45.000000,1361.00,6.8050,3.819776
14.611118,41.189636,45.000000,1361.00,6.8050,3.810364
14.621195,41.199383,45.000000,1361.00,6.8050,3.800617
14.631194,41.209244,45.000000,1361.00,6.8050,3.790756
14.641196,41.219192,45.000000,1361.00,6.8050,3.780808
14.651252,41.229685,45.000000,1361.00,6.8050,3.770315
14.661234,41.240563,45.000000,1361.00,6.8050,3.759437
14.671335,41.251725,45.000000,1361.00,6.8050,3.748275
14.681258,41.262945,45.000000,1361.00,6.8050,3.737055
14.691279,41.274469,45.000000,1361.00,6.8050,3.725531
14.701288,41.286564,45.000000,1361.00,6.8050,3.713436
14.711327,41.298826,45.000000,1361.00,6.8050,3.701174
14.721328,41.311484,45.000000,1361.00,6.8050,3.688516
14.731435,41.324693,45.000000,1361.00,6.8050,3.675307
14.741527,41.338208,45.000000,1361.00,6.8050,3.661792
14.751612,41.351744,45.000000,1361.00,6.8050,3.648256
14.761636,41.365330,45.000000,1361.00,6.8050,3.634670
14.771633,41.379039,45.000000,1361.00,6.8050,3.620961
14.781692,41.393014,45.000000,1361.00,6.8050,3.606986
14.791769,41.407300,45.000000,1361.00,6.8050,3.592700
14.801819,41.422140,45.000000,1361.00,6.8050,3.577860
14.811890,41.437087,45.000000,1361.00,6.8050,3.562913
14.821923,41.452340,45.000000,1362.00,6.8100,3.547660
14.831917,41.467838,45.000000,1362.00,6.8100,3.532162
14.842008,41.483825,45.000000,1362.00,6.8100,3.516175
14.852298,41.500297,45.000000,1362.00,6.8100,3.499703
14.862111,41.516804,45.000000,1362.00,6.8100,3.483196
14.872096,41.533974,45.000000,1362.00,6.8100,3.466026
14.882159,41.551588,45.000000,1362.00,6.8100,3.448412
14.892210,41.569297,45.000000,1362.00,6.8100,3.430703
14.902214,41.586608,45.000000,1362.00,6.8100,3.413392
14.912282,41.604114,45.000000,1362.00,6.8100,3.395886
14.922222,41.621561,45.000000,1362.00,6.8100,3.378439
14.932257,41.639354,45.000000,1362.00,6.8100,3.360646
14.942356,41.657266,45.000000,1362.00,6.8100,3.342734
14.952567,41.675250,45.000000,1362.00,6.8100,3.324750
14.962514,41.693359,45.000000,1362.00,6.8100,3.306641
14.972487,41.711826,45.000000,1362.00,6.8100,3.288174
14.982540,41.730489,45.000000,1362.00,6.8100,3.269511
14.992636,41.749193,45.000000,1362.00,6.8100,3.250807
15.002848,41.767581,45.000000,1362.00,6.8100,3.232419
15.012772,41.786282,45.000000,1362.00,6.8100,3.213718
15.022723,41.804933,45.000000,1362.00,6.8100,3.195067
15.032847,41.823576,45.000000,1362.00,6.8100,3.176424
15.042933,41.842390,45.000000,1362.00,6.8100,3.157610
15.053087,41.860933,45.000000,1362.00,6.8100,3.139067
15.063063,41.879241,45.000000,1362.00,6.8100,3.120759
15.073007,41.897332,45.000000,1362.00,6.8100,3.102668
15.083123,41.915047,45.000000,1362.00,6.8100,3.084953
15.093220,41.933181,45.000000,1362.00,6.8100,3.066819
15.103243,41.951471,45.000000,1362.00,6.8100,3.048529
15.113228,41.969733,45.000000,1362.00,6.8100,3.030267
15.123127,41.987178,45.000000,1362.00,6.8100,3.012822
15.133109,42.004220,45.000000,1362.00,6.8100,2.995780
15.143255,42.021195,45.000000,1362.00,6.8100,2.978805
15.153222,42.038302,45.000000,1362.00,6.8100,2.961698
15.163311,42.055219,45.000000,1362.00,6.8100,2.944781
15.173291,42.072308,45.000000,1362.00,6.8100,2.927692
15.183372,42.089463,45.000000,1362.00,6.8100,2.910537
15.193391,42.106215,45.000000,1362.00,6.8100,2.893785
15.203489,42.122967,45.000000,1362.00,6.8100,2.877033
15.213452,42.138844,45.000000,1362.00,6.8100,2.861156
15.223449,42.154127,45.000000,1362.00,6.8100,2.845873
15.233511,42.169291,45.000000,1362.00,6.8100,2.830709
15.243545,42.184417,45.000000,1362.00,6.8100,2.815583
15.253642,42.199232,45.000000,1362.00,6.8100,2.800768
15.263690,42.213639,45.000000,1362.00,6.8100,2.786361
15.273641,42.227769,45.000000,1362.00,6.8100,2.772231
15.283746,42.241439,45.000000,1362.00,6.8100,2.758561
15.293802,42.254848,45.000000,1362.00,6.8100,2.745152
15.303798,42.268032,45.000000,1362.00,6.8100,2.731968
15.313920,42.281011,45.000000,1362.00,6.8100,2.718989
15.323931,42.293690,45.000000,1362.00,6.8100,2.706310
15.333925,42.305973,45.000000,1362.00,6.8100,2.694027
15.343997,42.317679,45.000000,1362.00,6.8100,2.682321
15.353973,42.329162,45.000000,1362.00,6.8100,2.670838
15.364062,42.340285,45.000000,1362.00,6.8100,2.659715
15.374068,42.351006,45.000000,1363.00,6.8150,2.648994
15.384176,42.361193,45.000000,1363.00,6.8150,2.638807
15.394195,42.371236,45.000000,1363.00,6.8150,2.628764
15.404331,42.380941,45.000000,1363.00,6.8150,2.619059
15.414217,42.390430,45.000000,1363.00,6.8150,2.609570
15.424166,42.399493,45.000000,1363.00,6.8150,2.600507
15.434157,42.408114,45.000000,1363.00,6.8150,2.591886
15.444199,42.416121,45.000000,1363.00,6.8150,2.583879
15.454221,42.423626,45.000000,1363.00,6.8150,2.576374
15.464227,42.430466,45.000000,1363.00,6.8150,2.569534
15.474240,42.437161,45.000000,1363.00,6.8150,2.562839
15.484293,42.443903,45.000000,1363.00,6.8150,2.556097
15.494368,42.450115,45.000000,1363.00,6.8150,2.549885
15.504537,42.456099,45.000000,1363.00,6.8150,2.543901
15.514472,42.461680,45.000000,1363.00,6.8150,2.538320
15.524480,42.466968,45.000000,1363.00,6.8150,2.533032
15.534529,42.472097,45.000000,1363.00,6.8150,2.527903
15.544649,42.476967,45.000000,1363.00,6.8150,2.523033
15.554620,42.481367,45.000000,1363.00,6.8150,2.518633
15.564666,42.485360,45.000000,1363.00,6.8150,2.514640
15.574706,42.488780,45.000000,1363.00,6.8150,2.511220
15.584740,42.491619,45.000000,1363.00,6.8150,2.508381
15.594841,42.494021,45.000000,1363.00,6.8150,2.505979
15.604873,42.496286,45.000000,1363.00,6.8150,2.503714
15.614868,42.497846,45.000000,1363.00,6.8150,2.502154
15.624930,42.498976,45.000000,1363.00,6.8150,2.501024
15.635054,42.499912,45.000000,1363.00,6.8150,2.500088
15.645017,42.500548,45.000000,1363.00,6.8150,2.499452
15.655087,42.500861,45.000000,1363.00,6.8150,2.499139
15.665223,42.500449,45.000000,1363.00,6.8150,2.499551
15.675209,42.499834,45.000000,1363.00,6.8150,2.500166
15.685305,42.498850,45.000000,1363.00,6.8150,2.501150
15.695325,42.497658,45.000000,1363.00,6.8150,2.502342
15.705265,42.495748,45.000000,1363.00,6.8150,2.504252
15.715325,42.493322,45.000000,1363.00,6.8150,2.506678
15.725417,42.490761,45.000000,1363.00,6.8150,2.509239
15.735591,42.487749,45.000000,1363.00,6.8150,2.512251
15.745513,42.484737,45.000000,1363.00,6.8150,2.515263
15.755488,42.481789,45.000000,1363.00,6.8150,2.518211
15.765540,42.478779,45.000000,1363.00,6.8150,2.521221
15.775592,42.475404,45.000000,1363.00,6.8150,2.524596
15.785664,42.472267,45.000000,1363.00,6.8150,2.527733
15.795669,42.469082,45.000000,1363.00,6.8150,2.530918
15.805643,42.465718,45.000000,1363.00,6.8150,2.534282
15.815720,42.462247,45.000000,1363.00,6.8150,2.537753
15.825764,42.458960,45.000000,1363.00,6.8150,2.541040
15.835894,42.455966,45.000000,1363.00,6.8150,2.544034
15.846026,42.452918,45.000000,1363.00,6.8150,2.547082
15.855905,42.450100,45.000000,1363.00,6.8150,2.549900
15.865969,42.447547,45.000000,1363.00,6.8150,2.552453
15.876049,42.445065,45.000000,1363.00,6.8150,2.554935
15.886137,42.442311,45.000000,1363.00,6.8150,2.557689
15.896097,42.439683,45.000000,1363.00,6.8150,2.560317
15.906081,42.437149,45.000000,1363.00,6.8150,2.562851
15.916150,42.435215,45.000000,1363.00,6.8150,2.564785
15.926229,42.433741,45.000000,1363.00,6.8150,2.566259
15.936345,42.432402,45.000000,1364.00,6.8200,2.567598
15.946310,42.431091,45.000000,1364.00,6.8200,2.568909
15.956244,42.429907,45.000000,1364.00,6.8200,2.570093
15.966276,42.428964,45.000000,1364.00,6.8200,2.571036
15.976383,42.428071,45.000000,1364.00,6.8200,2.571929
15.986424,42.427115,45.000000,1364.00,6.8200,2.572885
15.996450,42.426526,45.000000,1364.00,6.8200,2.573474
16.006535,42.426530,45.000000,1364.00,6.8200,2.573470
16.016570,42.426709,45.000000,1364.00,6.8200,2.573291
16.026548,42.427463,45.000000,1364.00,6.8200,2.572537
16.036664,42.428571,45.000000,1364.00,6.8200,2.571429
16.046630,42.430117,45.000000,1364.00,6.8200,2.569883
16.056705,42.432070,45.000000,1364.00,6.8200,2.567930
16.066744,42.434064,45.000000,1364.00,6.8200,2.565936
16.076818,42.436207,45.000000,1364.00,6.8200,2.563793
16.086884,42.439109,45.000000,1364.00,6.8200,2.560891
16.096998,42.442315,45.000000,1364.00,6.8200,2.557685
16.106924,42.445782,45.000000,1364.00,6.8200,2.554218
16.116992,42.449484,45.000000,1364.00,6.8200,2.550516
16.127075,42.453540,45.000000,1364.00,6.8200,2.546460
16.137107,42.457937,45.000000,1364.00,6.8200,2.542063
16.147246,42.462866,45.000000,1364.00,6.8200,2.537134
16.157135,42.467908,45.000000,1364.00,6.8200,2.532092
16.167256,42.473540,45.000000,1364.00,6.8200,2.526460
16.177218,42.479446,45.000000,1364.00,6.8200,2.520554
16.187160,42.485977,45.000000,1364.00,6.8200,2.514023
16.197230,42.492766,45.000000,1364.00,6.8200,2.507234
16.207211,42.500075,45.000000,1364.00,6.8200,2.499925
16.217277,42.507647,45.000000,1364.00,6.8200,2.492353
16.227314,42.515519,45.000000,1364.00,6.8200,2.484481
16.237386,42.523451,45.000000,1364.00,6.8200,2.476549
16.247393,42.531300,45.000000,1364.00,6.8200,2.468700
16.257491,42.539308,45.000000,1364.00,6.8200,2.460692
16.267522,42.547515,45.000000,1364.00,6.8200,2.452485
16.277582,42.555843,45.000000,1364.00,6.8200,2.444157
16.287845,42.564433,45.000000,1364.00,6.8200,2.435567
16.297854,42.573228,45.000000,1364.00,6.8200,2.426772
16.307930,42.582374,45.000000,1364.00,6.8200,2.417626
16.317972,42.591429,45.000000,1364.00,6.8200,2.408571
16.328022,42.600563,45.000000,1364.00,6.8200,2.399437
16.338067,42.609776,45.000000,1364.00,6.8200,2.390224
16.348110,42.619216,45.000000,1364.00,6.8200,2.380784
16.358190,42.628844,45.000000,1364.00,6.8200,2.371156
16.368190,42.638658,45.000000,1364.00,6.8200,2.361342
16.378207,42.648902,45.000000,1364.00,6.8200,2.351098
16.388211,42.659173,45.000000,1364.00,6.8200,2.340827
16.398241,42.670001,45.000000,1364.00,6.8200,2.329999
16.408306,42.680960,45.000000,1364.00,6.8200,2.319040
16.418387,42.692295,45.000000,1364.00,6.8200,2.307705
16.428346,42.703805,45.000000,1364.00,6.8200,2.296195
16.438437,42.715681,45.000000,1364.00,6.8200,2.284319
16.448429,42.727596,45.000000,1364.00,6.8200,2.272404
16.458467,42.739918,45.000000,1364.00,6.8200,2.260082
16.468556,42.752911,45.000000,1364.00,6.8200,2.247089
16.478522,42.766051,45.000000,1364.00,6.8200,2.233949
16.488611,42.779066,45.000000,1364.00,6.8200,2.220934
16.498605,42.792165,45.000000,1364.00,6.8200,2.207835
16.508654,42.805266,45.000000,1364.00,6.8200,2.194734
16.518798,42.818661,45.000000,1364.00,6.8200,2.181339
16.528758,42.832534,45.000000,1364.00,6.8200,2.167466
16.538732,42.846676,45.000000,1364.00,6.8200,2.153324
16.548808,42.861051,45.000000,1364.00,6.8200,2.138949
16.558898,42.875002,45.000000,1364.00,6.8200,2.124998
16.568973,42.889095,45.000000,1364.00,6.8200,2.110905
16.579006,42.903180,45.000000,1364.00,6.8200,2.096820
16.589045,42.917197,45.000000,1364.00,6.8200,2.082803
16.599033,42.931128,45.000000,1364.00,6.8200,2.068872
16.609109,42.944937,45.000000,1364.00,6.8200,2.055063
16.619244,42.959114,45.000000,1364.00,6.8200,2.040886
16.629170,42.973556,45.000000,1364.00,6.8200,2.026444
16.639176,42.987947,45.000000,1364.00,6.8200,2.012053
16.649210,43.002480,45.000000,1364.00,6.8200,1.997520
16.659293,43.017012,45.000000,1364.00,6.8200,1.982988
16.669472,43.031782,45.000000,1364.00,6.8200,1.968218
16.679534,43.046327,45.000000,1364.00,6.8200,1.953673
16.689379,43.060725,45.000000,1364.00,6.8200,1.939275
16.699445,43.075188,45.000000,1364.00,6.8200,1.924812
16.709521,43.089505,45.000000,1364.00,6.8200,1.910495
16.719496,43.104073,45.000000,1364.00,6.8200,1.895927
16.729569,43.118475,45.000000,1364.00,6.8200,1.881525
16.739613,43.132616,45.000000,1364.00,6.8200,1.867384
16.749605,43.146469,45.000000,1364.00,6.8200,1.853531
16.759713,43.160068,45.000000,1364.00,6.8200,1.839932
16.769678,43.173784,45.000000,1364.00,6.8200,1.826216
16.779757,43.187627,45.000000,1364.00,6.8200,1.812373
16.789736,43.201140,45.000000,1364.00,6.8200,1.798860
16.799787,43.214566,45.000000,1364.00,6.8200,1.785434
16.809861,43.228062,45.000000,1364.00,6.8200,1.771938
16.819857,43.241204,45.000000,1364.00,6.8200,1.758796
16.829914,43.254144,45.000000,1364.00,6.8200,1.745856
16.839904,43.267011,45.000000,1364.00,6.8200,1.732989
16.850106,43.279727,45.000000,1365.00,6.8250,1.720273
16.860044,43.292183,45.000000,1365.00,6.8250,1.707817
16.870078,43.304375,45.000000,1365.00,6.8250,1.695625
16.880184,43.316495,45.000000,1365.00,6.8250,1.683505
16.890174,43.328551,45.000000,1365.00,6.8250,1.671449
16.900238,43.340578,45.000000,1365.00,6.8250,1.659422
16.910282,43.352095,45.000000,1365.00,6.8250,1.647905
16.920264,43.363188,45.000000,1365.00,6.8250,1.636812
16.930414,43.374002,45.000000,1365.00,6.8250,1.625998
16.940397,43.384176,45.000000,1365.00,6.8250,1.615824
16.950401,43.394300,45.000000,1365.00,6.8250,1.605700
16.960464,43.404089,45.000000,1365.00,6.8250,1.595911
16.970583,43.413465,45.000000,1365.00,6.8250,1.586535
16.980505,43.422603,45.000000,1365.00,6.8250,1.577397
16.990559,43.431562,45.000000,1365.00,6.8250,1.568438
17.000594,43.439995,45.000000,1365.00,6.8250,1.560005
17.010653,43.447852,45.000000,1365.00,6.8250,1.552148
17.020684,43.454815,45.000000,1365.00,6.8250,1.545185
17.030727,43.461294,45.000000,1365.00,6.8250,1.538706
17.040784,43.467616,45.000000,1365.00,6.8250,1.532384
17.050796,43.473387,45.000000,1365.00,6.8250,1.526613
17.060876,43.478674,45.000000,1365.00,6.8250,1.521326
17.070928,43.482915,45.000000,1365.00,6.8250,1.517085
17.080956,43.486869,45.000000,1365.00,6.8250,1.513131
17.090996,43.490693,45.000000,1365.00,6.8250,1.509307
17.101189,43.494077,45.000000,1365.00,6.8250,1.505923
17.111075,43.497019,45.000000,1365.00,6.8250,1.502981
17.121153,43.498897,45.000000,1365.00,6.8250,1.501103
17.131084,43.500620,45.000000,1365.00,6.8250,1.499380
17.141225,43.501791,45.000000,1365.00,6.8250,1.498209
17.151285,43.502510,45.000000,1365.00,6.8250,1.497490
17.161259,43.503027,45.000000,1365.00,6.8250,1.496973
17.171267,43.502959,45.000000,1365.00,6.8250,1.497041
17.181305,43.502594,45.000000,1365.00,6.8250,1.497406
17.191403,43.501431,45.000000,1365.00,6.8250,1.498569
17.201515,43.500304,45.000000,1365.00,6.8250,1.499696
17.211494,43.499082,45.000000,1365.00,6.8250,1.500918
17.221499,43.497481,45.000000,1365.00,6.8250,1.502519
17.231529,43.495881,45.000000,1365.00,6.8250,1.504119
17.241598,43.494062,45.000000,1365.00,6.8250,1.505938
17.251809,43.492040,45.000000,1365.00,6.8250,1.507960
17.261719,43.489756,45.000000,1365.00,6.8250,1.510244
17.271695,43.487385,45.000000,1365.00,6.8250,1.512615
17.281784,43.485009,45.000000,1365.00,6.8250,1.514991
17.291795,43.482282,45.000000,1365.00,6.8250,1.517718
17.301861,43.479134,45.000000,1365.00,6.8250,1.520866
17.311896,43.475814,45.000000,1365.00,6.8250,1.524186
17.321834,43.472415,45.000000,1365.00,6.8250,1.527585
17.331884,43.468918,45.000000,1365.00,6.8250,1.531082
17.342049,43.465331,45.000000,1365.00,6.8250,1.534669
17.352215,43.461338,45.000000,1365.00,6.8250,1.538662
17.362120,43.457395,45.000000,1365.00,6.8250,1.542605
17.372095,43.453105,45.000000,1365.00,6.8250,1.546895
17.382225,43.448925,45.000000,1365.00,6.8250,1.551075
17.392295,43.444685,45.000000,1365.00,6.8250,1.555315
17.402498,43.440363,45.000000,1365.00,6.8250,1.559637
17.412404,43.435918,45.000000,1365.00,6.8250,1.564082
17.422353,43.431387,45.000000,1365.00,6.8250,1.568613
17.432453,43.426961,45.000000,1365.00,6.8250,1.573039
17.442543,43.422379,45.000000,1365.00,6.8250,1.577621
17.452582,43.417884,45.000000,1365.00,6.8250,1.582116
17.462626,43.413365,45.000000,1365.00,6.8250,1.586635
17.472598,43.409044,45.000000,1365.00,6.8250,1.590956
17.482711,43.405096,45.000000,1365.00,6.8250,1.594904
17.492778,43.401442,45.000000,1365.00,6.8250,1.598558
17.502908,43.398336,45.000000,1365.00,6.8250,1.601664
17.512926,43.395606,45.000000,1365.00,6.8250,1.604394
17.522919,43.393281,45.000000,1365.00,6.8250,1.606719
17.532984,43.391018,45.000000,1365.00,6.8250,1.608982
17.543101,43.389308,45.000000,1365.00,6.8250,1.610692
17.553096,43.387714,45.000000,1365.00,6.8250,1.612286
17.563162,43.386330,45.000000,1365.00,6.8250,1.613670
17.573096,43.385378,45.000000,1365.00,6.8250,1.614622
17.583199,43.384596,45.000000,1365.00,6.8250,1.615404
17.593272,43.384024,45.000000,1365.00,6.8250,1.615976
17.603297,43.383750,45.000000,1365.00,6.8250,1.616250
17.613398,43.383761,45.000000,1365.00,6.8250,1.616239
17.623361,43.384224,45.000000,1365.00,6.8250,1.615776
17.633337,43.384614,45.000000,1365.00,6.8250,1.615386
17.643443,43.385562,45.000000,1365.00,6.8250,1.614438
17.653422,43.386283,45.000000,1365.00,6.8250,1.613717
17.663526,43.387144,45.000000,1365.00,6.8250,1.612856
17.673537,43.388137,45.000000,1365.00,6.8250,1.611863
17.683555,43.389335,45.000000,1365.00,6.8250,1.610665
17.693614,43.390260,45.000000,1365.00,6.8250,1.609740
17.703664,43.391220,45.000000,1365.00,6.8250,1.608780
17.713711,43.392242,45.000000,1365.00,6.8250,1.607758
17.723752,43.393583,45.000000,1365.00,6.8250,1.606417
17.733887,43.395453,45.000000,1365.00,6.8250,1.604547
17.743747,43.397222,45.000000,1365.00,6.8250,1.602778
17.754020,43.399059,45.000000,1365.00,6.8250,1.600941
17.764041,43.401317,45.000000,1365.00,6.8250,1.598683
17.774057,43.404050,45.000000,1365.00,6.8250,1.595950
17.784088,43.406795,45.000000,1366.00,6.8300,1.593205
17.794131,43.409739,45.000000,1366.00,6.8300,1.590261
17.804185,43.412691,45.000000,1366.00,6.8300,1.587309
17.814230,43.415770,45.000000,1366.00,6.8300,1.584230
17.824213,43.419223,45.000000,1366.00,6.8300,1.580777
17.834320,43.423134,45.000000,1366.00,6.8300,1.576866
17.844335,43.427379,45.000000,1366.00,6.8300,1.572621
17.854395,43.431810,45.000000,1366.00,6.8300,1.568190
17.864430,43.436191,45.000000,1366.00,6.8300,1.563809
17.874495,43.440870,45.000000,1366.00,6.8300,1.559130
17.884624,43.445831,45.000000,1366.00,6.8300,1.554169
17.894550,43.450742,45.000000,1366.00,6.8300,1.549258
17.904552,43.455917,45.000000,1366.00,6.8300,1.544083
17.914590,43.461000,45.000000,1366.00,6.8300,1.539000
17.924632,43.466437,45.000000,1366.00,6.8300,1.533563
17.934644,43.471944,45.000000,1366.00,6.8300,1.528056
17.944710,43.477254,45.000000,1366.00,6.8300,1.522746
17.954731,43.482886,45.000000,1366.00,6.8300,1.517114
17.964814,43.488534,45.000000,1366.00,6.8300,1.511466
17.974840,43.494070,45.000000,1366.00,6.8300,1.505930
17.984978,43.500131,45.000000,1366.00,6.8300,1.499869
17.994989,43.506288,45.000000,1366.00,6.8300,1.493712
18.004916,43.512767,45.000000,1366.00,6.8300,1.487233
18.015032,43.519258,45.000000,1366.00,6.8300,1.480742
18.025073,43.526141,45.000000,1366.00,6.8300,1.473859
18.035445,43.533292,45.000000,1366.00,6.8300,1.466708
18.045289,43.540478,45.000000,1366.00,6.8300,1.459522
18.055229,43.547891,45.000000,1366.00,6.8300,1.452109
18.065251,43.555500,45.000000,1366.00,6.8300,1.444500
18.075351,43.563399,45.000000,1366.00,6.8300,1.436601
18.085628,43.571505,45.000000,1366.00,6.8300,1.428495
18.095457,43.579376,45.000000,1366.00,6.8300,1.420624
18.105447,43.587312,45.000000,1366.00,6.8300,1.412688
18.115530,43.595195,45.000000,1366.00,6.8300,1.404805
18.125572,43.603249,45.000000,1366.00,6.8300,1.396751
18.135660,43.611413,45.000000,1366.00,6.8300,1.388587
18.145684,43.619240,45.000000,1366.00,6.8300,1.380760
18.155607,43.627481,45.000000,1366.00,6.8300,1.372519
18.165765,43.635419,45.000000,1366.00,6.8300,1.364581
18.175770,43.643209,45.000000,1366.00,6.8300,1.356791
18.185782,43.651185,45.000000,1366.00,6.8300,1.348815
18.195939,43.659443,45.000000,1366.00,6.8300,1.340557
18.205909,43.667922,45.000000,1366.00,6.8300,1.332078
18.215887,43.676326,45.000000,1366.00,6.8300,1.323674
18.225944,43.684689,45.000000,1366.00,6.8300,1.315311
18.235985,43.693555,45.000000,1366.00,6.8300,1.306445
18.246096,43.702728,45.000000,1366.00,6.8300,1.297272
18.256028,43.711507,45.000000,1366.00,6.8300,1.288493
18.266040,43.720246,45.000000,1366.00,6.8300,1.279754
18.276124,43.729218,45.000000,1366.00,6.8300,1.270782
18.286247,43.738421,45.000000,1366.00,6.8300,1.261579
18.296243,43.747573,45.000000,1366.00,6.8300,1.252427
18.306186,43.756941,45.000000,1366.00,6.8300,1.243059
18.316277,43.766593,45.000000,1366.00,6.8300,1.233407
18.326333,43.775842,45.000000,1366.00,6.8300,1.224158
18.336364,43.785070,45.000000,1366.00,6.8300,1.214930
18.346399,43.794451,45.000000,1366.00,6.8300,1.205549
18.356399,43.803844,45.000000,1366.00,6.8300,1.196156
18.366470,43.813262,45.000000,1366.00,6.8300,1.186738
18.376513,43.822677,45.000000,1366.00,6.8300,1.177323
18.386606,43.831687,45.000000,1366.00,6.8300,1.168313
18.396665,43.840456,45.000000,1366.00,6.8300,1.159544
18.406776,43.848823,45.000000,1366.00,6.8300,1.151177
18.416646,43.857082,45.000000,1366.00,6.8300,1.142918
18.426700,43.865339,45.000000,1366.00,6.8300,1.134661
18.436686,43.873483,45.000000,1366.00,6.8300,1.126517
18.446822,43.881189,45.000000,1366.00,6.8300,1.118811
18.456837,43.888298,45.000000,1366.00,6.8300,1.111702
18.466913,43.895495,45.000000,1366.00,6.8300,1.104505
18.476908,43.902392,45.000000,1366.00,6.8300,1.097608
18.487069,43.909289,45.000000,1366.00,6.8300,1.090711
18.497103,43.916345,45.000000,1366.00,6.8300,1.083655
18.507024,43.923261,45.000000,1366.00,6.8300,1.076739
18.517064,43.930098,45.000000,1366.00,6.8300,1.069902
18.527068,43.936433,45.000000,1366.00,6.8300,1.063567
18.537156,43.942917,45.000000,1366.00,6.8300,1.057083
18.547244,43.949241,45.000000,1366.00,6.8300,1.050759
18.557209,43.955460,45.000000,1366.00,6.8300,1.044540
18.567282,43.961360,45.000000,1366.00,6.8300,1.038640
18.577196,43.967378,45.000000,1366.00,6.8300,1.032622
18.587358,43.973428,45.000000,1366.00,6.8300,1.026572
18.597315,43.979531,45.000000,1366.00,6.8300,1.020469
18.607326,43.985533,45.000000,1366.00,6.8300,1.014467
18.617350,43.991007,45.000000,1366.00,6.8300,1.008993
18.627391,43.996526,45.000000,1366.00,6.8300,1.003474
18.637514,44.002018,45.000000,1366.00,6.8300,0.997982
18.647481,44.007763,45.000000,1366.00,6.8300,0.992237
18.657634,44.013510,45.000000,1366.00,6.8300,0.986490
18.667646,44.019357,45.000000,1366.00,6.8300,0.980643
18.677601,44.025053,45.000000,1366.00,6.8300,0.974947
18.687744,44.030404,45.000000,1366.00,6.8300,0.969596
18.697671,44.035698,45.000000,1366.00,6.8300,0.964302
18.707736,44.040771,45.000000,1366.00,6.8300,0.959229
18.717786,44.045813,45.000000,1366.00,6.8300,0.954187
18.727804,44.050874,45.000000,1366.00,6.8300,0.949126
18.737984,44.055579,45.000000,1366.00,6.8300,0.944421
18.748002,44.060043,45.000000,1366.00,6.8300,0.939957
18.758020,44.064581,45.000000,1366.00,6.8300,0.935419
18.768274,44.069151,45.000000,1366.00,6.8300,0.930849
18.778136,44.073537,45.000000,1366.00,6.8300,0.926463
18.788147,44.077594,45.000000,1366.00,6.8300,0.922406
18.798131,44.081644,45.000000,1366.00,6.8300,0.918356
18.808252,44.085492,45.000000,1366.00,6.8300,0.914508
18.818324,44.089329,45.000000,1366.00,6.8300,0.910671
18.828278,44.092973,45.000000,1366.00,6.8300,0.907027
18.838216,44.096622,45.000000,1366.00,6.8300,0.903378
18.848320,44.100339,45.000000,1366.00,6.8300,0.899661
18.858403,44.103890,45.000000,1366.00,6.8300,0.896110
18.868491,44.107097,45.000000,1366.00,6.8300,0.892903
18.878455,44.109654,45.000000,1366.00,6.8300,0.890346
18.888504,44.112295,45.000000,1366.00,6.8300,0.887705
18.898539,44.115074,45.000000,1366.00,6.8300,0.884926
18.908616,44.117616,45.000000,1366.00,6.8300,0.882384
18.918699,44.119856,45.000000,1366.00,6.8300,0.880144
18.928728,44.121918,45.000000,1366.00,6.8300,0.878082
18.938695,44.123660,45.000000,1366.00,6.8300,0.876340
18.948776,44.125025,45.000000,1366.00,6.8300,0.874975
18.959033,44.126398,45.000000,1366.00,6.8300,0.873602
18.968865,44.127704,45.000000,1366.00,6.8300,0.872296
18.978961,44.128717,45.000000,1366.00,6.8300,0.871283
18.988937,44.129753,45.000000,1366.00,6.8300,0.870247
18.998949,44.130602,45.000000,1366.00,6.8300,0.869398
19.009079,44.131298,45.000000,1366.00,6.8300,0.868702
19.019070,44.131897,45.000000,1366.00,6.8300,0.868103
19.029117,44.132230,45.000000,1366.00,6.8300,0.867770
19.039121,44.132227,45.000000,1366.00,6.8300,0.867773
19.049163,44.131594,45.000000,1366.00,6.8300,0.868406
19.059236,44.130873,45.000000,1366.00,6.8300,0.869127
19.069209,44.130224,45.000000,1366.00,6.8300,0.869776
19.079260,44.129517,45.000000,1366.00,6.8300,0.870483
19.089287,44.128695,45.000000,1366.00,6.8300,0.871305
19.099325,44.127728,45.000000,1366.00,6.8300,0.872272
19.109515,44.126653,45.000000,1366.00,6.8300,0.873347
19.119438,44.125280,45.000000,1366.00,6.8300,0.874720
19.129457,44.123819,45.000000,1366.00,6.8300,0.876181
19.139491,44.122066,45.000000,1366.00,6.8300,0.877934
19.149550,44.119930,45.000000,1366.00,6.8300,0.880070
19.159576,44.117475,45.000000,1366.00,6.8300,0.882525
19.169537,44.114986,45.000000,1366.00,6.8300,0.885014
19.179675,44.112209,45.000000,1366.00,6.8300,0.887791
19.189611,44.109659,45.000000,1366.00,6.8300,0.890341
19.199743,44.107256,45.000000,1366.00,6.8300,0.892744
19.209771,44.104823,45.000000,1366.00,6.8300,0.895177
19.219888,44.102430,45.000000,1366.00,6.8300,0.897570
19.229819,44.100367,45.000000,1367.00,6.8350,0.899633
19.239923,44.098059,45.000000,1367.00,6.8350,0.901941
19.249974,44.095470,45.000000,1367.00,6.8350,0.904530
19.259959,44.092889,45.000000,1367.00,6.8350,0.907111
19.269921,44.090282,45.000000,1367.00,6.8350,0.909718
19.280101,44.087212,45.000000,1367.00,6.8350,0.912788
19.290053,44.083914,45.000000,1367.00,6.8350,0.916086
19.300153,44.080320,45.000000,1367.00,6.8350,0.919680
19.310172,44.076871,45.000000,1367.00,6.8350,0.923129
19.320389,44.073152,45.000000,1367.00,6.8350,0.926848
19.330300,44.069340,45.000000,1367.00,6.8350,0.930660
19.340382,44.065463,45.000000,1367.00,6.8350,0.934537
19.350341,44.061863,45.000000,1367.00,6.8350,0.938137
19.360455,44.058289,45.000000,1367.00,6.8350,0.941711
19.370429,44.054613,45.000000,1367.00,6.8350,0.945387
19.380546,44.050974,45.000000,1367.00,6.8350,0.949026
19.390583,44.047366,45.000000,1367.00,6.8350,0.952634
19.400699,44.043632,45.000000,1367.00,6.8350,0.956368
19.410668,44.040064,45.000000,1367.00,6.8350,0.959936
19.420631,44.036720,45.000000,1367.00,6.8350,0.963280
19.430723,44.033237,45.000000,1367.00,6.8350,0.966763
19.440778,44.029737,45.000000,1367.00,6.8350,0.970263
19.450992,44.026432,45.000000,1367.00,6.8350,0.973568
19.460883,44.022926,45.000000,1367.00,6.8350,0.977074
19.470890,44.019327,45.000000,1367.00,6.8350,0.980673
19.480973,44.016247,45.000000,1367.00,6.8350,0.983753
19.491011,44.013204,45.000000,1367.00,6.8350,0.986796
19.501075,44.010508,45.000000,1367.00,6.8350,0.989492
19.511091,44.007458,45.000000,1367.00,6.8350,0.992542
19.521099,44.004641,45.000000,1367.00,6.8350,0.995359
19.531081,44.002164,45.000000,1367.00,6.8350,0.997836
19.541152,43.999705,45.000000,1367.00,6.8350,1.000295
19.551362,43.997404,45.000000,1367.00,6.8350,1.002596
19.561293,43.995229,45.000000,1367.00,6.8350,1.004771
19.571222,43.993128,45.000000,1367.00,6.8350,1.006872
19.581429,43.991363,45.000000,1367.00,6.8350,1.008637
19.591486,43.989698,45.000000,1367.00,6.8350,1.010302
19.601632,43.988338,45.000000,1367.00,6.8350,1.011662
19.611630,43.987346,45.000000,1367.00,6.8350,1.012654
19.621537,43.986297,45.000000,1367.00,6.8350,1.013703
19.631577,43.985627,45.000000,1367.00,6.8350,1.014373
19.641706,43.985424,45.000000,1367.00,6.8350,1.014576
19.651860,43.985263,45.000000,1367.00,6.8350,1.014737
19.661809,43.985246,45.000000,1367.00,6.8350,1.014754
19.671764,43.985732,45.000000,1367.00,6.8350,1.014268
19.681846,43.986867,45.000000,1367.00,6.8350,1.013133
19.691977,43.987878,45.000000,1367.00,6.8350,1.012122
19.702016,43.989002,45.000000,1367.00,6.8350,1.010998
19.712050,43.989810,45.000000,1367.00,6.8350,1.010190
19.721972,43.990792,45.000000,1367.00,6.8350,1.009208
19.732088,43.991876,45.000000,1367.00,6.8350,1.008124
19.742162,43.993510,45.000000,1367.00,6.8350,1.006490
19.752172,43.995591,45.000000,1367.00,6.8350,1.004409
19.762230,43.998177,45.000000,1367.00,6.8350,1.001823
19.772203,44.001348,45.000000,1367.00,6.8350,0.998652
19.782145,44.004745,45.000000,1367.00,6.8350,0.995255
19.792266,44.008277,45.000000,1367.00,6.8350,0.991723
19.802189,44.012113,45.000000,1367.00,6.8350,0.987887
19.812265,44.015754,45.000000,1367.00,6.8350,0.984246
19.822230,44.019653,45.000000,1367.00,6.8350,0.980347
19.832280,44.023924,45.000000,1367.00,6.8350,0.976076
19.842450,44.028418,45.000000,1367.00,6.8350,0.971582
19.852372,44.033412,45.000000,1367.00,6.8350,0.966588
19.862438,44.038964,45.000000,1367.00,6.8350,0.961036
19.872406,44.044756,45.000000,1367.00,6.8350,0.955244
19.882484,44.050552,45.000000,1367.00,6.8350,0.949448
19.892571,44.056514,45.000000,1367.00,6.8350,0.943486
19.902601,44.062493,45.000000,1367.00,6.8350,0.937507
19.912640,44.068689,45.000000,1367.00,6.8350,0.931311
19.922603,44.074902,45.000000,1367.00,6.8350,0.925098
19.932741,44.081286,45.000000,1367.00,6.8350,0.918714
19.942724,44.087700,45.000000,1367.00,6.8350,0.912300
19.952709,44.094074,45.000000,1367.00,6.8350,0.905926
19.962851,44.100769,45.000000,1367.00,6.8350,0.899231
19.972798,44.107727,45.000000,1367.00,6.8350,0.892273
19.982813,44.115212,45.000000,1367.00,6.8350,0.884788
19.992988,44.122623,45.000000,1367.00,6.8350,0.877377
20.002943,44.129793,45.000000,1367.00,6.8350,0.870207
20.013052,44.137243,45.000000,1367.00,6.8350,0.862757
20.023060,44.145192,45.000000,1367.00,6.8350,0.854808
20.033231,44.153296,45.000000,1367.00,6.8350,0.846704
20.043151,44.161025,45.000000,1367.00,6.8350,0.838975
20.053179,44.168889,45.000000,1367.00,6.8350,0.831111
20.063230,44.176965,45.000000,1367.00,6.8350,0.823035
20.073240,44.185031,45.000000,1367.00,6.8350,0.814969
20.083306,44.193078,45.000000,1367.00,6.8350,0.806922
20.093385,44.201441,45.000000,1367.00,6.8350,0.798559
20.103389,44.209825,45.000000,1367.00,6.8350,0.790175
20.113448,44.217991,45.000000,1367.00,6.8350,0.782009
20.123480,44.225901,45.000000,1367.00,6.8350,0.774099
20.133604,44.233833,45.000000,1367.00,6.8350,0.766167
20.143652,44.242088,45.000000,1367.00,6.8350,0.757912
20.153587,44.250411,45.000000,1367.00,6.8350,0.749589
20.163717,44.258305,45.000000,1367.00,6.8350,0.741695
20.173722,44.266272,45.000000,1367.00,6.8350,0.733728
20.183770,44.274532,45.000000,1367.00,6.8350,0.725468
20.193934,44.282878,45.000000,1367.00,6.8350,0.717122
20.203964,44.291464,45.000000,1367.00,6.8350,0.708536
20.214015,44.299902,45.000000,1367.00,6.8350,0.700098
20.224006,44.308441,45.000000,1367.00,6.8350,0.691559
20.234080,44.316841,45.000000,1367.00,6.8350,0.683159
20.244078,44.325207,45.000000,1367.00,6.8350,0.674793
20.254099,44.333514,45.000000,1367.00,6.8350,0.666486
20.264180,44.341887,45.000000,1367.00,6.8350,0.658113
20.274204,44.349989,45.000000,1367.00,6.8350,0.650011
20.284296,44.358293,45.000000,1367.00,6.8350,0.641707
20.294318,44.366650,45.000000,1367.00,6.8350,0.633350
20.304278,44.374660,45.000000,1367.00,6.8350,0.625340
20.314407,44.382658,45.000000,1367.00,6.8350,0.617342
20.324450,44.390647,45.000000,1367.00,6.8350,0.609353
20.334648,44.398676,45.000000,1367.00,6.8350,0.601324
20.344601,44.406165,45.000000,1367.00,6.8350,0.593835
20.354542,44.413535,45.000000,1367.00,6.8350,0.586465
20.364584,44.420793,45.000000,1367.00,6.8350,0.579207
20.374635,44.428267,45.000000,1367.00,6.8350,0.571733
20.384772,44.435788,45.000000,1367.00,6.8350,0.564212
20.394822,44.443454,45.000000,1367.00,6.8350,0.556546
20.404745,44.450962,45.000000,1367.00,6.8350,0.549038
20.414797,44.458415,45.000000,1367.00,6.8350,0.541585
20.424870,44.465930,45.000000,1367.00,6.8350,0.534070
20.435032,44.473056,45.000000,1367.00,6.8350,0.526944
20.445061,44.479882,45.000000,1367.00,6.8350,0.520118
20.454981,44.486549,45.000000,1367.00,6.8350,0.513451
20.465032,44.492672,45.000000,1367.00,6.8350,0.507328
20.475097,44.498685,45.000000,1367.00,6.8350,0.501315
20.485098,44.504569,45.000000,1367.00,6.8350,0.495431
20.495244,44.510359,45.000000,1367.00,6.8350,0.489641
20.505219,44.515989,45.000000,1367.00,6.8350,0.484011
20.515277,44.521350,45.000000,1367.00,6.8350,0.478650
20.525292,44.526290,45.000000,1367.00,6.8350,0.473710
20.535343,44.530702,45.000000,1367.00,6.8350,0.469298
20.545405,44.534918,45.000000,1367.00,6.8350,0.465082
20.555351,44.539080,45.000000,1367.00,6.8350,0.460920
20.565446,44.543056,45.000000,1367.00,6.8350,0.456944
20.575528,44.546990,45.000000,1367.00,6.8350,0.453010
20.585589,44.550528,45.000000,1367.00,6.8350,0.449472
20.595629,44.553574,45.000000,1367.00,6.8350,0.446426
20.605642,44.556360,45.000000,1367.00,6.8350,0.443640
20.615633,44.559071,45.000000,1367.00,6.8350,0.440929
20.625705,44.561262,45.000000,1367.00,6.8350,0.438738
20.635725,44.563246,45.000000,1367.00,6.8350,0.436754
20.645782,44.564673,45.000000,1367.00,6.8350,0.435327
20.655731,44.566281,45.000000,1367.00,6.8350,0.433719
20.665867,44.567751,45.000000,1367.00,6.8350,0.432249
20.675856,44.568773,45.000000,1367.00,6.8350,0.431227
20.686002,44.569750,45.000000,1367.00,6.8350,0.430250
20.696004,44.570292,45.000000,1367.00,6.8350,0.429708
20.706011,44.570399,45.000000,1367.00,6.8350,0.429601
20.716113,44.570411,45.000000,1367.00,6.8350,0.429589
20.726120,44.570268,45.000000,1367.00,6.8350,0.429732
20.736107,44.569502,45.000000,1367.00,6.8350,0.430498
20.746247,44.568506,45.000000,1367.00,6.8350,0.431494
20.756243,44.567232,45.000000,1367.00,6.8350,0.432768
20.766189,44.565461,45.000000,1367.00,6.8350,0.434539
20.776187,44.563352,45.000000,1367.00,6.8350,0.436648
20.786293,44.561050,45.000000,1367.00,6.8350,0.438950
20.796235,44.558321,45.000000,1367.00,6.8350,0.441679
20.806164,44.555167,45.000000,1367.00,6.8350,0.444833
20.816277,44.551941,45.000000,1367.00,6.8350,0.448059
20.826307,44.548831,45.000000,1367.00,6.8350,0.451169
20.836385,44.545365,45.000000,1367.00,6.8350,0.454635
20.846567,44.542084,45.000000,1367.00,6.8350,0.457916
20.856503,44.538625,45.000000,1367.00,6.8350,0.461375
20.866466,44.534755,45.000000,1367.00,6.8350,0.465245
20.876542,44.530758,45.000000,1367.00,6.8350,0.469242
20.886569,44.526685,45.000000,1367.00,6.8350,0.473315
20.896658,44.522603,45.000000,1367.00,6.8350,0.477397
20.906718,44.518520,45.000000,1367.00,6.8350,0.481480
20.916705,44.514148,45.000000,1367.00,6.8350,0.485852
20.926719,44.509758,45.000000,1367.00,6.8350,0.490242
20.936783,44.505479,45.000000,1367.00,6.8350,0.494521
20.946916,44.500642,45.000000,1367.00,6.8350,0.499358
20.956954,44.495803,45.000000,1367.00,6.8350,0.504197
20.966986,44.490900,45.000000,1367.00,6.8350,0.509100
20.977013,44.485645,45.000000,1367.00,6.8350,0.514355
20.987015,44.480264,45.000000,1367.00,6.8350,0.519736
20.997155,44.474819,45.000000,1367.00,6.8350,0.525181
21.007238,44.469110,45.000000,1367.00,6.8350,0.530890
21.017247,44.463253,45.000000,1367.00,6.8350,0.536747
21.027259,44.457265,45.000000,1367.00,6.8350,0.542735
21.037210,44.451117,45.000000,1367.00,6.8350,0.548883
21.047475,44.444838,45.000000,1367.00,6.8350,0.555162
21.057404,44.438667,45.000000,1367.00,6.8350,0.561333
21.067625,44.432371,45.000000,1367.00,6.8350,0.567629
21.077537,44.425778,45.000000,1367.00,6.8350,0.574222
21.087503,44.419289,45.000000,1367.00,6.8350,0.580711
21.097548,44.412875,45.000000,1367.00,6.8350,0.587125
21.107649,44.406640,45.000000,1367.00,6.8350,0.593360
21.117864,44.400487,45.000000,1367.00,6.8350,0.599513
21.127713,44.394346,45.000000,1367.00,6.8350,0.605654
21.137688,44.387934,45.000000,1367.00,6.8350,0.612066
21.147837,44.381730,45.000000,1367.00,6.8350,0.618270
21.157913,44.375494,45.000000,1367.00,6.8350,0.624506
21.167954,44.369408,45.000000,1367.00,6.8350,0.630592
21.178043,44.363111,45.000000,1367.00,6.8350,0.636889
21.188066,44.357163,45.000000,1367.00,6.8350,0.642837
21.198061,44.351169,45.000000,1367.00,6.8350,0.648831
21.208171,44.345261,45.000000,1367.00,6.8350,0.654739
21.218241,44.339222,45.000000,1367.00,6.8350,0.660778
21.228214,44.333438,45.000000,1367.00,6.8350,0.666562
21.238220,44.327771,45.000000,1367.00,6.8350,0.672229
21.248309,44.322100,45.000000,1367.00,6.8350,0.677900
21.258399,44.316311,45.000000,1367.00,6.8350,0.683689
21.268458,44.310661,45.000000,1367.00,6.8350,0.689339
21.278420,44.304944,45.000000,1367.00,6.8350,0.695056
21.288451,44.299463,45.000000,1367.00,6.8350,0.700537
21.298515,44.294064,45.000000,1367.00,6.8350,0.705936
21.308602,44.289062,45.000000,1367.00,6.8350,0.710938
21.318602,44.283886,45.000000,1367.00,6.8350,0.716114
21.328637,44.278569,45.000000,1367.00,6.8350,0.721431
21.338648,44.273296,45.000000,1367.00,6.8350,0.726704
21.348681,44.267764,45.000000,1367.00,6.8350,0.732236
21.358745,44.262821,45.000000,1367.00,6.8350,0.737179
21.368762,44.258175,45.000000,1367.00,6.8350,0.741825
21.378892,44.254060,45.000000,1367.00,6.8350,0.745940
21.388898,44.250172,45.000000,1367.00,6.8350,0.749828
21.398884,44.246889,45.000000,1367.00,6.8350,0.753111
21.408948,44.243472,45.000000,1367.00,6.8350,0.756528
21.418995,44.240322,45.000000,1367.00,6.8350,0.759678
21.429071,44.237247,45.000000,1367.00,6.8350,0.762753
21.439184,44.234252,45.000000,1367.00,6.8350,0.765748
21.449160,44.231574,45.000000,1367.00,6.8350,0.768426
21.459195,44.229143,45.000000,1367.00,6.8350,0.770857
21.469252,44.227174,45.000000,1367.00,6.8350,0.772826
21.479227,44.225309,45.000000,1367.00,6.8350,0.774691
21.489310,44.223889,45.000000,1367.00,6.8350,0.776111
21.499269,44.222526,45.000000,1367.00,6.8350,0.777474
21.509328,44.221486,45.000000,1367.00,6.8350,0.778514
21.519474,44.220957,45.000000,1367.00,6.8350,0.779043
21.529538,44.220603,45.000000,1367.00,6.8350,0.779397
21.539557,44.220519,45.000000,1367.00,6.8350,0.779481
21.549625,44.220775,45.000000,1367.00,6.8350,0.779225
21.559652,44.221201,45.000000,1367.00,6.8350,0.778799
21.569693,44.221857,45.000000,1367.00,6.8350,0.778143
21.579747,44.222753,45.000000,1367.00,6.8350,0.777247
21.589742,44.223908,45.000000,1367.00,6.8350,0.776092
21.599874,44.225387,45.000000,1367.00,6.8350,0.774613
21.609877,44.227089,45.000000,1367.00,6.8350,0.772911
21.619922,44.229136,45.000000,1367.00,6.8350,0.770864
21.630008,44.231614,45.000000,1367.00,6.8350,0.768386
21.640043,44.234066,45.000000,1367.00,6.8350,0.765934
21.650255,44.236792,45.000000,1367.00,6.8350,0.763208
21.660154,44.239452,45.000000,1367.00,6.8350,0.760548
21.670131,44.242120,45.000000,1367.00,6.8350,0.757880
21.680206,44.244796,45.000000,1368.00,6.8400,0.755204
21.690206,44.247856,45.000000,1368.00,6.8400,0.752144
21.700282,44.251120,45.000000,1368.00,6.8400,0.748880
21.710297,44.254330,45.000000,1368.00,6.8400,0.745670
21.720279,44.257770,45.000000,1368.00,6.8400,0.742230
21.730319,44.261496,45.000000,1368.00,6.8400,0.738504
21.740386,44.265622,45.000000,1368.00,6.8400,0.734378
21.750542,44.269830,45.000000,1368.00,6.8400,0.730170
21.760485,44.273789,45.000000,1368.00,6.8400,0.726211
21.770440,44.278217,45.000000,1368.00,6.8400,0.721783
21.780556,44.282417,45.000000,1368.00,6.8400,0.717583
21.790522,44.286544,45.000000,1368.00,6.8400,0.713456
21.800750,44.291162,45.000000,1368.00,6.8400,0.708838
21.810735,44.295954,45.000000,1368.00,6.8400,0.704046
21.820768,44.301035,45.000000,1368.00,6.8400,0.698965
21.830819,44.305864,45.000000,1368.00,6.8400,0.694136
21.840841,44.310817,45.000000,1368.00,6.8400,0.689183
21.850995,44.315657,45.000000,1368.00,6.8400,0.684343
21.860975,44.320836,45.000000,1368.00,6.8400,0.679164
21.870924,44.325941,45.000000,1368.00,6.8400,0.674059
21.881046,44.330682,45.000000,1368.00,6.8400,0.669318
21.891037,44.335697,45.000000,1368.00,6.8400,0.664303
21.901208,44.340649,45.000000,1368.00,6.8400,0.659351
21.911208,44.345912,45.000000,1368.00,6.8400,0.654088
21.921166,44.351036,45.000000,1368.00,6.8400,0.648964
21.931128,44.356288,45.000000,1368.00,6.8400,0.643712
21.941286,44.361425,45.000000,1368.00,6.8400,0.638575
21.951380,44.366669,45.000000,1368.00,6.8400,0.633331
21.961415,44.372160,45.000000,1368.00,6.8400,0.627840
21.971354,44.377600,45.000000,1368.00,6.8400,0.622400
21.981411,44.382785,45.000000,1368.00,6.8400,0.617215
21.991546,44.388012,45.000000,1368.00,6.8400,0.611988
22.001641,44.393332,45.000000,1368.00,6.8400,0.606668
22.011607,44.398553,45.000000,1368.00,6.8400,0.601447
22.021536,44.403737,45.000000,1368.00,6.8400,0.596263
22.031656,44.408746,45.000000,1368.00,6.8400,0.591254
22.041707,44.413972,45.000000,1368.00,6.8400,0.586028
22.051832,44.418625,45.000000,1368.00,6.8400,0.581375
22.061774,44.423240,45.000000,1368.00,6.8400,0.576760
22.071741,44.427621,45.000000,1368.00,6.8400,0.572379
22.081772,44.431957,45.000000,1368.00,6.8400,0.568043
22.091809,44.435647,45.000000,1368.00,6.8400,0.564353
22.101874,44.439624,45.000000,1368.00,6.8400,0.560376
22.111905,44.443723,45.000000,1368.00,6.8400,0.556277
22.121947,44.448038,45.000000,1368.00,6.8400,0.551962
22.131973,44.451991,45.000000,1368.00,6.8400,0.548009
22.142005,44.456372,45.000000,1368.00,6.8400,0.543628
22.152023,44.460930,45.000000,1368.00,6.8400,0.539070
22.162150,44.465336,45.000000,1368.00,6.8400,0.534664
22.172138,44.469783,45.000000,1368.00,6.8400,0.530217
22.182160,44.474180,45.000000,1368.00,6.8400,0.525820
22.192171,44.478606,45.000000,1368.00,6.8400,0.521394
22.202205,44.482856,45.000000,1368.00,6.8400,0.517144
22.212347,44.486828,45.000000,1368.00,6.8400,0.513172
22.222375,44.490910,45.000000,1368.00,6.8400,0.509090
22.232386,44.495075,45.000000,1368.00,6.8400,0.504925
22.242597,44.499240,45.000000,1368.00,6.8400,0.500760
22.252688,44.503402,45.000000,1368.00,6.8400,0.496598
22.262575,44.507060,45.000000,1368.00,6.8400,0.492940
22.272516,44.510492,45.000000,1368.00,6.8400,0.489508
22.282616,44.513853,45.000000,1368.00,6.8400,0.486147
22.292651,44.516955,45.000000,1368.00,6.8400,0.483045
22.302668,44.519891,45.000000,1368.00,6.8400,0.480109
22.312763,44.522807,45.000000,1368.00,6.8400,0.477193
22.322748,44.525644,45.000000,1368.00,6.8400,0.474356
22.332801,44.528610,45.000000,1368.00,6.8400,0.471390
22.342866,44.531429,45.000000,1368.00,6.8400,0.468571
22.353022,44.533862,45.000000,1368.00,6.8400,0.466138
22.363049,44.535978,45.000000,1368.00,6.8400,0.464022
22.373103,44.538078,45.000000,1368.00,6.8400,0.461922
22.383255,44.540061,45.000000,1368.00,6.8400,0.459939
22.393169,44.542075,45.000000,1368.00,6.8400,0.457925
22.403297,44.544017,45.000000,1368.00,6.8400,0.455983
22.413335,44.545694,45.000000,1368.00,6.8400,0.454306
22.423328,44.547807,45.000000,1368.00,6.8400,0.452193
22.433362,44.549988,45.000000,1368.00,6.8400,0.450012
22.443412,44.552211,45.000000,1368.00,6.8400,0.447789
22.453533,44.554402,45.000000,1368.00,6.8400,0.445598
22.463573,44.556698,45.000000,1368.00,6.8400,0.443302
22.473520,44.558743,45.000000,1368.00,6.8400,0.441257
22.483662,44.560626,45.000000,1368.00,6.8400,0.439374
22.493607,44.562123,45.000000,1368.00,6.8400,0.437877
22.503579,44.563685,45.000000,1368.00,6.8400,0.436315
22.513673,44.565578,45.000000,1368.00,6.8400,0.434422
22.523733,44.567406,45.000000,1368.00,6.8400,0.432594
22.533913,44.569703,45.000000,1368.00,6.8400,0.430297
22.543734,44.572061,45.000000,1368.00,6.8400,0.427939
22.553719,44.574263,45.000000,1368.00,6.8400,0.425737
22.563791,44.576555,45.000000,1368.00,6.8400,0.423445
22.573836,44.578674,45.000000,1368.00,6.8400,0.421326
22.583917,44.580753,45.000000,1368.00,6.8400,0.419247
22.593908,44.583017,45.000000,1368.00,6.8400,0.416983
22.603884,44.585122,45.000000,1368.00,6.8400,0.414878
22.613970,44.586944,45.000000,1368.00,6.8400,0.413056
22.624025,44.588970,45.000000,1368.00,6.8400,0.411030
22.634110,44.591270,45.000000,1368.00,6.8400,0.408730
22.644122,44.593420,45.000000,1368.00,6.8400,0.406580
22.654083,44.595689,45.000000,1368.00,6.8400,0.404311
22.664172,44.597906,45.000000,1368.00,6.8400,0.402094
22.674208,44.600335,45.000000,1368.00,6.8400,0.399665
22.684248,44.602848,45.000000,1368.00,6.8400,0.397152
22.694332,44.605155,45.000000,1368.00,6.8400,0.394845
22.704260,44.607176,45.000000,1368.00,6.8400,0.392824
22.714312,44.609099,45.000000,1368.00,6.8400,0.390901
22.724393,44.610995,45.000000,1368.00,6.8400,0.389005
22.734506,44.613193,45.000000,1368.00,6.8400,0.386807
22.744544,44.615309,45.000000,1368.00,6.8400,0.384691
22.754478,44.617415,45.000000,1368.00,6.8400,0.382585
22.764496,44.619623,45.000000,1368.00,6.8400,0.380377
22.774590,44.621919,45.000000,1368.00,6.8400,0.378081
22.784592,44.624550,45.000000,1368.00,6.8400,0.375450
22.794710,44.626885,45.000000,1368.00,6.8400,0.373115
22.804647,44.629221,45.000000,1368.00,6.8400,0.370779
22.814689,44.631212,45.000000,1368.00,6.8400,0.368788
22.824751,44.632980,45.000000,1368.00,6.8400,0.367020
22.834874,44.634803,45.000000,1368.00,6.8400,0.365197
22.844896,44.636356,45.000000,1368.00,6.8400,0.363644
22.854876,44.637901,45.000000,1368.00,6.8400,0.362099
22.864918,44.639195,45.000000,1368.00,6.8400,0.360805
22.874972,44.640635,45.000000,1368.00,6.8400,0.359365
22.884970,44.641997,45.000000,1368.00,6.8400,0.358003
22.895048,44.642903,45.000000,1368.00,6.8400,0.357097
22.905019,44.643604,45.000000,1368.00,6.8400,0.356396
22.915082,44.644168,45.000000,1368.00,6.8400,0.355832
22.925129,44.645069,45.000000,1368.00,6.8400,0.354931
22.935296,44.645838,45.000000,1368.00,6.8400,0.354162
22.945185,44.646468,45.000000,1368.00,6.8400,0.353532
22.955165,44.647225,45.000000,1368.00,6.8400,0.352775
22.965201,44.648002,45.000000,1368.00,6.8400,0.351998
22.975209,44.648929,45.000000,1368.00,6.8400,0.351071
22.985254,44.649580,45.000000,1368.00,6.8400,0.350420
22.995533,44.649952,45.000000,1368.00,6.8400,0.350048
23.005467,44.650139,45.000000,1368.00,6.8400,0.349861
23.015489,44.650474,45.000000,1368.00,6.8400,0.349526
23.025532,44.650702,45.000000,1368.00,6.8400,0.349298
23.035655,44.651009,45.000000,1368.00,6.8400,0.348991
23.045600,44.651133,45.000000,1368.00,6.8400,0.348867
23.055705,44.651220,45.000000,1368.00,6.8400,0.348780
23.065670,44.651223,45.000000,1368.00,6.8400,0.348777
23.075696,44.651329,45.000000,1368.00,6.8400,0.348671
23.085834,44.651293,45.000000,1368.00,6.8400,0.348707
23.095781,44.651248,45.000000,1368.00,6.8400,0.348752
23.105807,44.650969,45.000000,1368.00,6.8400,0.349031
23.115795,44.650592,45.000000,1368.00,6.8400,0.349408
23.125874,44.650395,45.000000,1368.00,6.8400,0.349605
23.135886,44.650387,45.000000,1368.00,6.8400,0.349613
23.145996,44.650456,45.000000,1368.00,6.8400,0.349544
23.156033,44.650596,45.000000,1368.00,6.8400,0.349404
23.166035,44.650457,45.000000,1368.00,6.8400,0.349543
23.176095,44.650162,45.000000,1368.00,6.8400,0.349838
23.186192,44.650055,45.000000,1368.00,6.8400,0.349945
23.196204,44.650218,45.000000,1368.00,6.8400,0.349782
23.206245,44.650456,45.000000,1368.00,6.8400,0.349544
23.216253,44.650397,45.000000,1368.00,6.8400,0.349603
23.226271,44.650629,45.000000,1368.00,6.8400,0.349371
23.236347,44.650807,45.000000,1368.00,6.8400,0.349193
23.246361,44.650883,45.000000,1368.00,6.8400,0.349117
23.256438,44.650975,45.000000,1368.00,6.8400,0.349025
23.266446,44.651427,45.000000,1368.00,6.8400,0.348573
23.276478,44.651862,45.000000,1368.00,6.8400,0.348138
23.286650,44.652483,45.000000,1368.00,6.8400,0.347517
23.296605,44.653192,45.000000,1368.00,6.8400,0.346808
23.306650,44.653717,45.000000,1368.00,6.8400,0.346283
23.316682,44.654403,45.000000,1368.00,6.8400,0.345597
23.326699,44.655210,45.000000,1368.00,6.8400,0.344790
23.336892,44.656231,45.000000,1368.00,6.8400,0.343769
23.346786,44.657536,45.000000,1368.00,6.8400,0.342464
23.356912,44.658818,45.000000,1368.00,6.8400,0.341182
23.367067,44.660330,45.000000,1368.00,6.8400,0.339670
23.376966,44.661880,45.000000,1368.00,6.8400,0.338120
23.386944,44.663275,45.000000,1368.00,6.8400,0.336725
23.397021,44.664672,45.000000,1368.00,6.8400,0.335328
23.407088,44.666065,45.000000,1368.00,6.8400,0.333935
23.417202,44.667233,45.000000,1368.00,6.8400,0.332767
23.427196,44.668279,45.000000,1368.00,6.8400,0.331721
23.437129,44.669375,45.000000,1368.00,6.8400,0.330625
23.447196,44.670275,45.000000,1368.00,6.8400,0.329725
23.457246,44.671123,45.000000,1368.00,6.8400,0.328877
23.467340,44.672112,45.000000,1368.00,6.8400,0.327888
23.477282,44.673250,45.000000,1368.00,6.8400,0.326750
23.487368,44.674086,45.000000,1368.00,6.8400,0.325914
23.497456,44.675263,45.000000,1368.00,6.8400,0.324737
23.507413,44.676666,45.000000,1368.00,6.8400,0.323334
23.517420,44.678156,45.000000,1368.00,6.8400,0.321844
23.527478,44.679673,45.000000,1368.00,6.8400,0.320327
23.537491,44.680787,45.000000,1368.00,6.8400,0.319213
23.547528,44.682012,45.000000,1368.00,6.8400,0.317988
23.557585,44.682913,45.000000,1368.00,6.8400,0.317087
23.567660,44.683830,45.000000,1368.00,6.8400,0.316170
23.577698,44.684694,45.000000,1368.00,6.8400,0.315306
23.587725,44.685443,45.000000,1368.00,6.8400,0.314557
23.597769,44.686134,45.000000,1368.00,6.8400,0.313866
23.607794,44.686776,45.000000,1368.00,6.8400,0.313224
23.617864,44.686978,45.000000,1368.00,6.8400,0.313022
23.627864,44.687257,45.000000,1368.00,6.8400,0.312743
23.637913,44.687642,45.000000,1368.00,6.8400,0.312358
23.648034,44.688124,45.000000,1368.00,6.8400,0.311876
23.658107,44.688476,45.000000,1368.00,6.8400,0.311524
23.668021,44.688784,45.000000,1368.00,6.8400,0.311216
23.678117,44.689129,45.000000,1368.00,6.8400,0.310871
23.688134,44.689304,45.000000,1368.00,6.8400,0.310696
23.698129,44.689678,45.000000,1368.00,6.8400,0.310322
23.708208,44.690098,45.000000,1368.00,6.8400,0.309902
23.718213,44.690396,45.000000,1368.00,6.8400,0.309604
23.728215,44.690521,45.000000,1368.00,6.8400,0.309479
23.738309,44.690362,45.000000,1368.00,6.8400,0.309638
23.748345,44.690219,45.000000,1368.00,6.8400,0.309781
23.758394,44.689731,45.000000,1368.00,6.8400,0.310269
23.768427,44.689080,45.000000,1368.00,6.8400,0.310920
23.778487,44.688040,45.000000,1368.00,6.8400,0.311960
23.788530,44.686857,45.000000,1368.00,6.8400,0.313143
23.798519,44.685839,45.000000,1368.00,6.8400,0.314161
23.808587,44.684456,45.000000,1368.00,6.8400,0.315544
23.818592,44.683086,45.000000,1368.00,6.8400,0.316914
23.828867,44.681613,45.000000,1368.00,6.8400,0.318387
23.838763,44.679943,45.000000,1368.00,6.8400,0.320057
23.848884,44.678373,45.000000,1368.00,6.8400,0.321627
23.858880,44.676981,45.000000,1368.00,6.8400,0.323019
23.869030,44.675428,45.000000,1368.00,6.8400,0.324572
23.879069,44.673917,45.000000,1368.00,6.8400,0.326083
23.889023,44.672101,45.000000,1368.00,6.8400,0.327899
23.899104,44.670397,45.000000,1368.00,6.8400,0.329603
23.909209,44.668742,45.000000,1368.00,6.8400,0.331258
23.919193,44.667388,45.000000,1368.00,6.8400,0.332612
23.929228,44.665917,45.000000,1368.00,6.8400,0.334083
23.939226,44.664730,45.000000,1368.00,6.8400,0.335270
23.949442,44.663530,45.000000,1368.00,6.8400,0.336470
23.959386,44.662417,45.000000,1368.00,6.8400,0.337583
23.969522,44.661406,45.000000,1368.00,6.8400,0.338594
23.979455,44.660361,45.000000,1368.00,6.8400,0.339639
23.989457,44.659306,45.000000,1368.00,6.8400,0.340694
23.999511,44.658329,45.000000,1368.00,6.8400,0.341671
24.009555,44.657452,45.000000,1368.00,6.8400,0.342548
24.019642,44.656516,45.000000,1368.00,6.8400,0.343484
24.029637,44.655531,45.000000,1368.00,6.8400,0.344469
24.039683,44.654931,45.000000,1368.00,6.8400,0.345069
24.049802,44.653959,45.000000,1368.00,6.8400,0.346041
24.059851,44.652872,45.000000,1368.00,6.8400,0.347128
24.069870,44.652028,45.000000,1368.00,6.8400,0.347972
24.079887,44.651321,45.000000,1368.00,6.8400,0.348679
24.089964,44.650596,45.000000,1368.00,6.8400,0.349404
24.100105,44.650016,45.000000,1368.00,6.8400,0.349984
24.110059,44.649587,45.000000,1368.00,6.8400,0.350413
24.120022,44.649413,45.000000,1368.00,6.8400,0.350587
24.130202,44.649128,45.000000,1368.00,6.8400,0.350872
24.140246,44.649042,45.000000,1368.00,6.8400,0.350958
24.150364,44.648861,45.000000,1368.00,6.8400,0.351139
24.160277,44.648605,45.000000,1368.00,6.8400,0.351395
24.170266,44.648657,45.000000,1368.00,6.8400,0.351343
24.180364,44.648390,45.000000,1368.00,6.8400,0.351610
24.190466,44.648192,45.000000,1368.00,6.8400,0.351808
24.200721,44.648326,45.000000,1368.00,6.8400,0.351674
24.210495,44.648719,45.000000,1368.00,6.8400,0.351281
24.220482,44.649021,45.000000,1368.00,6.8400,0.350979
24.230564,44.649581,45.000000,1368.00,6.8400,0.350419
24.240737,44.650663,45.000000,1368.00,6.8400,0.349337
24.250744,44.652097,45.000000,1368.00,6.8400,0.347903
24.260758,44.653767,45.000000,1368.00,6.8400,0.346233
24.270724,44.655585,45.000000,1368.00,6.8400,0.344415
24.280844,44.657557,45.000000,1368.00,6.8400,0.342443
24.290912,44.659811,45.000000,1368.00,6.8400,0.340189
24.301069,44.662268,45.000000,1368.00,6.8400,0.337732
24.311021,44.664807,45.000000,1368.00,6.8400,0.335193
24.320971,44.666990,45.000000,1368.00,6.8400,0.333010
24.331095,44.668993,45.000000,1368.00,6.8400,0.331007
24.341281,44.671312,45.000000,1368.00,6.8400,0.328688
24.351230,44.673794,45.000000,1368.00,6.8400,0.326206
24.361252,44.676359,45.000000,1368.00,6.8400,0.323641
24.371137,44.678895,45.000000,1368.00,6.8400,0.321105
24.381237,44.681411,45.000000,1368.00,6.8400,0.318589
24.391333,44.683843,45.000000,1368.00,6.8400,0.316157
24.401292,44.686432,45.000000,1368.00,6.8400,0.313568
24.411385,44.688986,45.000000,1368.00,6.8400,0.311014
24.421354,44.691546,45.000000,1368.00,6.8400,0.308454
24.431441,44.693693,45.000000,1368.00,6.8400,0.306307
24.441545,44.695991,45.000000,1368.00,6.8400,0.304009
24.451537,44.698617,45.000000,1368.00,6.8400,0.301383
24.461571,44.701292,45.000000,1368.00,6.8400,0.298708
24.471575,44.703733,45.000000,1368.00,6.8400,0.296267
24.481703,44.706096,45.000000,1368.00,6.8400,0.293904
24.491733,44.708498,45.000000,1368.00,6.8400,0.291502
24.501730,44.711174,45.000000,1368.00,6.8400,0.288826
24.511854,44.713573,45.000000,1368.00,6.8400,0.286427
24.521810,44.715755,45.000000,1368.00,6.8400,0.284245
24.531891,44.717622,45.000000,1368.00,6.8400,0.282378
24.541968,44.719402,45.000000,1368.00,6.8400,0.280598
24.552035,44.721118,45.000000,1368.00,6.8400,0.278882
24.562046,44.723082,45.000000,1368.00,6.8400,0.276918
24.572006,44.725141,45.000000,1368.00,6.8400,0.274859
24.582078,44.726757,45.000000,1368.00,6.8400,0.273243
24.592104,44.728009,45.000000,1368.00,6.8400,0.271991
24.602224,44.729213,45.000000,1368.00,6.8400,0.270787
24.612302,44.730403,45.000000,1368.00,6.8400,0.269597
24.622260,44.731681,45.000000,1368.00,6.8400,0.268319
24.632391,44.733026,45.000000,1368.00,6.8400,0.266974
24.642406,44.734159,45.000000,1368.00,6.8400,0.265841
24.652398,44.735243,45.000000,1368.00,6.8400,0.264757
24.662510,44.736135,45.000000,1368.00,6.8400,0.263865
24.672553,44.737006,45.000000,1368.00,6.8400,0.262994
24.682608,44.737758,45.000000,1368.00,6.8400,0.262242
24.692554,44.738603,45.000000,1368.00,6.8400,0.261397
24.702641,44.739625,45.000000,1368.00,6.8400,0.260375
24.712710,44.740474,45.000000,1368.00,6.8400,0.259526
24.722693,44.740984,45.000000,1368.00,6.8400,0.259016
24.732853,44.741238,45.000000,1368.00,6.8400,0.258762
24.742860,44.741271,45.000000,1368.00,6.8400,0.258729
24.752878,44.741519,45.000000,1368.00,6.8400,0.258481
24.762966,44.741410,45.000000,1368.00,6.8400,0.258590
24.772915,44.741138,45.000000,1368.00,6.8400,0.258862
24.783063,44.740989,45.000000,1368.00,6.8400,0.259011
24.793006,44.740624,45.000000,1368.00,6.8400,0.259376
24.803134,44.740369,45.000000,1368.00,6.8400,0.259631
24.813266,44.739916,45.000000,1368.00,6.8400,0.260084
24.823199,44.739218,45.000000,1368.00,6.8400,0.260782
24.833322,44.738752,45.000000,1368.00,6.8400,0.261248
24.843268,44.738170,45.000000,1368.00,6.8400,0.261830
24.853241,44.737618,45.000000,1368.00,6.8400,0.262382
24.863374,44.737060,45.000000,1368.00,6.8400,0.262940
24.873352,44.736465,45.000000,1368.00,6.8400,0.263535
24.883495,44.735572,45.000000,1368.00,6.8400,0.264428
24.893444,44.734450,45.000000,1368.00,6.8400,0.265550
24.903445,44.733221,45.000000,1368.00,6.8400,0.266779
24.913595,44.731697,45.000000,1368.00,6.8400,0.268303
24.923579,44.729695,45.000000,1368.00,6.8400,0.270305
24.933619,44.727248,45.000000,1368.00,6.8400,0.272752
24.943621,44.724747,45.000000,1368.00,6.8400,0.275253
24.953604,44.722318,45.000000,1368.00,6.8400,0.277682
24.963680,44.719914,45.000000,1368.00,6.8400,0.280086
24.973736,44.717867,45.000000,1368.00,6.8400,0.282133
24.983799,44.715733,45.000000,1368.00,6.8400,0.284267
